1,1359726,3102
2,1371626,5454
3,1388406,8736
4,1358850,2928
5,1349638,1092
6,1417754,14382
7,1375840,6282
8,1398427,10677
9,1354869,2136
10,1528347,34656
11,1392471,9525
12,1378243,6753
13,1373625,5847
14,1363616,3873
15,1360195,3195
16,1396795,10362
17,1592261,45714
18,1377248,6558
19,1377095,6528
20,1364692,4086
21,1362177,3588
22,1374220,5964
23,1370682,5268
24,1361995,3552
25,1384862,8046
26,1379791,7056
27,1353183,1800
28,1362949,3741
29,1356888,2538
30,1666554,58023
31,1375963,6306
32,1354311,2025
33,1361844,3522
34,1400013,10983
35,1386956,8454
36,1378121,6729
37,1354221,2007
38,1359424,3042
39,1350764,1317
40,1366681,4479
41,1357039,2568
42,1410869,13068
43,1384969,8067
44,1387203,8502
45,1388823,8817
46,1347435,651
47,1380681,7230
48,1411371,13164
49,1367547,4650
50,1355848,2331
51,1404361,11820
52,1359001,2958
53,1380604,7215
54,1371139,5358
55,1351169,1398
56,1348978,960
57,1360815,3318
58,1359892,3135
59,1636034,53034
60,1580413,43698
61,1347405,645
62,1375443,6204
63,1360527,3261
64,1367106,4563
65,1364783,4104
66,1394732,9963
67,1360467,3249
68,1352010,1566
69,1529553,34869
70,1403097,11577
71,1380635,7221
72,1359877,3132
73,1395957,10200
74,1372923,5709
75,1389919,9030
76,1373136,5751
77,1385616,8193
78,1428828,16482
79,1352146,1593
80,1422648,15312
81,1369722,5079
82,1373411,5805
83,1367440,4629
84,1383923,7863
85,1364055,3960
86,1353875,1938
87,1359666,3090
88,1396423,10290
89,1402006,11367
90,1350929,1350
91,1405657,12069
92,1363358,3822
93,1459614,22236
94,1374022,5925
95,1358880,2934
96,1358850,2928
97,1416589,14160
98,1368870,4911
99,1371870,5502
100,1357235,2607
101,1364268,4002
102,1352326,1629
103,1347090,582
104,1355350,2232
105,1411732,13233
106,1356194,2400
107,1371764,5481
108,1433186,17304
109,1411701,13227
110,1400869,11148
111,1367015,4545
112,1386309,8328
113,1533588,35580
114,1370910,5313
115,1373701,5862
116,1353394,1842
117,1376942,6498
118,1351605,1485
119,1366468,4437
120,1352747,1713
121,1391991,9432
122,1442727,19095
123,1364753,4098
124,1398598,10710
125,1369600,5055
126,1346866,537
127,1362101,3573
128,1600227,47061
129,1347944,753
130,1370011,5136
131,1387373,8535
132,1398240,10641
133,1367623,4665
134,1511168,31605
135,1399437,10872
136,1358699,2898
137,1384446,7965
138,1546219,37794
139,1366210,4386
140,1386278,8322
141,1412187,13320
142,1386217,8310
143,1363904,3930
144,1428145,16353
145,1362071,3567
146,1354041,1971
147,1363707,3891
148,1349173,999
149,1370499,5232
150,1368702,4878
151,1352161,1596
152,1358563,2871
153,1394500,9918
154,1353183,1800
155,1533008,35478
156,1360936,3342
157,1379193,6939
158,1363010,3753
159,1400340,11046
160,1375030,6123
161,1349548,1074
162,1365527,4251
163,1481565,26265
164,1385339,8139
165,1375397,6195
166,1459387,22194
167,1375626,6240
168,1360769,3309
169,1392796,9588
170,1359454,3048
171,1388669,8787
172,1360089,3174
173,1351860,1536
174,1371489,5427
175,1417077,14253
176,1389935,9033
177,1403066,11571
178,1365193,4185
179,1596798,46482
180,1410916,13077
181,1389271,8904
182,1362207,3594
183,1379761,7050
184,1369737,5082
185,1548971,38274
186,1348993,963
187,1357838,2727
188,1504632,30435
189,1441317,18831
190,1467993,23781
191,1378351,6774
192,1360754,3306
193,1357084,2577
194,10000,1500000
195,1356556,2472
196,1359258,3009
197,1378427,6789
198,1351304,1425
199,1375275,6171
200,1556876,39648
201,1356240,2409
202,1367775,4695
203,1367760,4692
204,1423075,15393
205,1354041,1971
206,1354432,2049
207,1369981,5130
208,1408503,12615
209,1388792,8811
210,1374037,5928
211,1379653,7029
212,1378335,6771
213,11371870,576364
214,1374557,6030
215,1361026,3360
216,1350599,1284
217,1361374,3429
218,1450106,20472
219,1361042,3363
220,1384769,8028
221,1371642,5457
222,1385970,8262
223,1351965,1557
224,1392208,9474
225,1354793,2121
226,1372267,5580
227,1363934,3936
228,1399857,10953
229,1394562,9930
230,1376039,6321
231,1368626,4863
232,1383754,7830
233,1364177,3984
234,1403128,11583
235,1389147,8880
236,1422332,15252
237,1361148,3384
238,1376743,6459
239,1398364,10665
240,1402318,11427
241,1363964,3942
242,1394748,9966
243,1591660,45612
244,1360784,3312
245,1355727,2307
246,1436918,18006
247,1417487,14331
248,1371672,5463
249,1353755,1914
250,1361632,3480
251,1357853,2730
252,1360694,3294
253,1384415,7959
254,1378948,6891
255,1393833,9789
256,1401430,11256
257,1366696,4482
258,1346821,528
259,1408331,12582
260,1365269,4200
261,1360255,3207
262,1385462,8163
263,1377217,6552
264,1378979,6897
265,1359303,3018
266,1368231,4785
267,1357612,2682
268,1449381,20337
269,1382340,7554
270,1388267,8709
271,1354101,1983
272,1351980,1560
273,1384169,7911
274,1399733,10929
275,1347675,699
276,1423534,15480
277,1418495,14523
278,1355546,2271
279,1367076,4557
280,1357099,2580
281,1362919,3735
282,1347390,642
283,1354025,1968
284,1362873,3726
285,1349443,1053
286,1371779,5484
287,1406141,12162
288,1438516,18306
289,1355682,2298
290,1368231,4785
291,1353935,1950
292,1350809,1326
293,1359696,3096
294,1356571,2475
295,1362873,3726
296,1362343,3621
297,1460280,22359
298,1381403,7371
299,1410242,12948
300,1359726,3102
301,1385231,8118
302,1379822,7062
303,1365572,4260
304,1410603,13017
305,1356873,2535
306,1350433,1251
307,1372984,5721
308,1361102,3375
309,1364996,4146
310,1411136,13119
311,1424388,15642
312,1359620,3081
313,1373671,5856
314,1410211,12942
315,1395445,10101
316,1371565,5442
317,1349878,1140
318,1401726,11313
319,1366726,4488
320,1346911,546
321,1356285,2418
322,1418117,14451
323,1437174,18054
324,1374480,6015
325,1349278,1020
326,1383769,7833
327,1358019,2763
328,1356722,2505
329,1365269,4200
330,1354251,2013
331,1390708,9183
332,1373869,5895
333,1404954,11934
334,1362071,3567
335,1357190,2598
336,1363116,3774
337,1384615,7998
338,1363540,3858
339,1359923,3141
340,1346028,369
341,1348334,831
342,1441910,18942
343,1349698,1104
344,1452784,20970
345,1348798,924
346,1357672,2694
347,1383831,7845
348,1357265,2613
349,1493087,28356
350,1371809,5490
351,1411559,13200
352,1367820,4704
353,1368900,4917
354,1359031,2964
355,1368733,4884
356,1397634,10524
357,1361844,3522
358,1367744,4689
359,1367775,4695
360,1392409,9513
361,1350103,1185
362,1394794,9975
363,1368337,4806
364,1382462,7578
365,1350283,1221
366,3134645,228544
367,1359092,2976
368,1383093,7701
369,1363085,3768
370,1360013,3159
371,1401383,11247
372,1392007,9435
373,1399795,10941
374,1365162,4179
375,1394639,9945
376,1348049,774
377,1363949,3939
378,1373579,5838
379,1382217,7530
380,1351289,1422
381,1369676,5070
382,1413742,13617
383,1359363,3030
384,1559335,40074
385,1408488,12612
386,1352221,1608
387,1369037,4944
388,1369037,4944
389,1429702,16647
390,1360497,3255
391,1375030,6123
392,1403035,11565
393,1381618,7413
394,1395678,10146
395,1352146,1593
396,1380712,7236
397,1383369,7755
398,1376330,6378
399,1436727,17970
400,1369890,5112
401,1376330,6378
402,1374984,6114
403,1383077,7698
404,1358623,2883
405,1367988,4737
406,1377585,6624
407,1373625,5847
408,1360044,3165
409,1356375,2436
410,1381464,7383
411,1394360,9891
412,1385385,8148
413,1403862,11724
414,1378534,6810
415,1377018,6513
416,1366984,4539
417,1361647,3483
418,1376452,6402
419,1379899,7077
420,1377416,6591
421,1454303,21252
422,1384615,7998
423,1424531,15669
424,1369220,4980
425,1364996,4146
426,1361163,3387
427,1356933,2547
428,1360966,3348
429,1366028,4350
430,1386109,8289
431,1375825,6279
432,1375107,6138
433,1646816,54807
434,1392796,9588
435,1364814,4110
436,1383400,7761
437,1400511,11079
438,1473044,24708
439,1386201,8307
440,1482949,26517
441,1366225,4389
442,1409427,12792
443,1431769,17037
444,1352281,1620
445,1348993,963
446,1370118,5157
447,1398007,10596
448,1387080,8478
449,1363919,3933
450,1385246,8121
451,1362949,3741
452,1390831,9207
453,1358216,2802
454,1372114,5550
455,1371916,5511
456,1369007,4938
457,1372145,5556
458,1443385,19218
459,1385508,8172
460,1367638,4668
461,1358820,2922
462,1378810,6864
463,1437142,18048
464,1375275,6171
465,1351905,1545
466,1375779,6270
467,1446066,19719
468,1625105,51225
469,1374954,6108
470,1362813,3714
471,1416762,14193
472,1371886,5505
473,1366407,4425
474,1374190,5958
475,1394593,9936
476,1360679,3291
477,1383462,7773
478,1423280,15432
479,1352882,1740
480,1362237,3600
481,1425861,15921
482,1371550,5439
483,1368337,4806
484,1364359,4020
485,1362010,3555
486,1376315,6375
487,1351830,1530
488,1360285,3213
489,1406970,12321
490,1392424,9516
491,1380006,7098
492,1359711,3099
493,1380651,7224
494,1351560,1476
495,1361526,3459
496,1384369,7950
497,1387018,8466
498,1387573,8574
499,1375122,6141
500,1353228,1809
501,1370986,5328
502,1370438,5220
503,1411559,13200
504,1366984,4539
505,1358654,2889
506,1396640,10332
507,1370164,5166
508,1371001,5331
509,1417487,14331
510,1356496,2460
511,1385739,8217
512,1390275,9099
513,1357748,2709
514,1427637,16257
515,1378688,6840
516,1365026,4152
517,1359243,3006
518,1354643,2091
519,1363085,3768
520,1356104,2382
521,1403253,11607
522,1404533,11853
523,1352777,1719
524,1359273,3012
525,1353138,1791
526,1379040,6909
527,1373030,5730
528,1359968,3150
529,1350854,1335
530,1361738,3501
531,1418811,14583
532,1464359,23112
533,1360800,3315
534,1392037,9441
535,1387141,8490
536,1493187,28374
537,1364268,4002
538,1366225,4389
539,1360754,3306
540,1360694,3294
541,1355531,2268
542,1369768,5088
543,1370255,5184
544,1394376,9894
545,1356481,2457
546,1361450,3444
547,1359530,3063
548,1388159,8688
549,1399702,10923
550,1395042,10023
551,1398986,10785
552,1368657,4869
553,1576904,43098
554,1409286,12765
555,1368003,4740
556,1362661,3684
557,1361193,3393
558,1415330,13920
559,1350659,1296
560,1373533,5829
561,1379531,7005
562,1360754,3306
563,1383984,7875
564,1362510,3654
565,1382970,7677
566,1360709,3297
567,1409474,12801
568,1378657,6834
569,1361783,3510
570,1373396,5802
571,1356225,2406
572,1360195,3195
573,1416636,14169
574,1368307,4800
575,1357552,2670
576,1358774,2913
577,1384538,7983
578,1354221,2007
579,1592190,45702
580,1373579,5838
581,1559925,40176
582,1415707,13992
583,1359635,3084
584,1370925,5316
585,1413915,13650
586,1362904,3732
587,1359122,2982
588,1384415,7959
589,1369783,5091
590,1365117,4170
591,1404158,11781
592,1361859,3525
593,1423913,15552
594,1356044,2370
595,1355275,2217
596,1420309,14868
597,1350689,1302
598,1395011,10017
599,1405954,12126
600,1347704,705
601,1351635,1491
602,1363828,3915
603,1367304,4602
604,1387188,8499
605,1368992,4935
606,1426749,16089
607,1430894,16872
608,1361163,3387
609,1350824,1329
610,1370483,5229
611,1377600,6627
612,1359016,2961
613,1349743,1113
614,1352326,1629
615,1366529,4449
616,1435721,17781
617,1395570,10125
618,1349533,1071
619,1361465,3447
620,1349098,984
621,1370941,5319
622,1368018,4743
623,1397494,10497
624,1374511,6021
625,1395833,10176
626,1360316,3219
627,1360754,3306
628,1454465,21282
629,1356240,2409
630,1354071,1977
631,1365739,4293
632,1423613,15495
633,1363964,3942
634,1389966,9039
635,1355908,2343
636,1551763,38760
637,1370712,5274
638,1377462,6600
639,1392053,9444
640,1354191,2001
641,1354176,1998
642,1353950,1953
643,1360406,3237
644,1363191,3789
645,1376651,6441
646,1440740,18723
647,1371261,5382
648,1391249,9288
649,1406657,12261
650,1398224,10638
651,1355275,2217
652,1374159,5952
653,1377524,6612
654,1357144,2589
655,1374297,5979
656,1351289,1422
657,1377386,6585
658,1374312,5982
659,1370042,5142
660,1374175,5955
661,1358065,2772
662,1382370,7560
663,1371367,5403
664,1381602,7410
665,1365451,4236
666,1356813,2523
667,1472765,24657
668,1351364,1437
669,1381142,7320
670,1374343,5988
671,1360195,3195
672,1401881,11343
673,1389363,8922
674,1480380,26049
675,1380604,7215
676,1605447,47940
677,1354296,2022
678,1357853,2730
679,1369753,5085
680,1359726,3102
681,1409694,12843
682,1370194,5172
683,1347689,702
684,1425481,15849
685,1361859,3525
686,1364586,4065
687,1383139,7710
688,1396687,10341
689,1372938,5712
690,1348933,951
691,1360165,3189
692,1629247,51912
693,1352732,1710
694,1357250,2610
695,1382201,7527
696,1358654,2889
697,1418968,14613
698,1391527,9342
699,1371215,5373
700,1372785,5682
701,1384215,7920
702,1355064,2175
703,1363358,3822
704,1401492,11268
705,1417250,14286
706,1362479,3648
707,1373198,5763
708,1426226,15990
709,1367972,4734
710,1385139,8100
711,1365329,4212
712,1351109,1386
713,1385801,8229
714,1367197,4581
715,1390290,9102
716,1370621,5256
717,1348738,912
718,1628239,51745
719,1354477,2058
720,1522193,33567
721,1492805,28305
722,1354763,2115
723,1374602,6039
724,1358186,2796
725,1385708,8211
726,1373182,5760
727,1359560,3069
728,1419678,14748
729,1381556,7401
730,1374068,5934
731,1347090,582
732,1363555,3861
733,1353003,1764
734,1361965,3546
735,1400480,11073
736,1370697,5271
737,1384815,8037
738,1371886,5505
739,1399966,10974
740,1581045,43806
741,1463773,23004
742,1434540,17559
743,1353424,1848
744,1362722,3696
745,1375382,6192
746,1384415,7959
747,1409286,12765
748,1356285,2418
749,1468515,23877
750,1385339,8139
751,1352311,1626
752,1382893,7662
753,1364101,3969
754,1353213,1806
755,1385539,8178
756,1357537,2667
757,1350824,1329
758,1365284,4203
759,1388129,8682
760,1356767,2514
761,1384800,8034
762,1358050,2769
763,1371261,5382
764,1375672,6249
765,1414716,13803
766,1402972,11553
767,1365041,4155
768,1357416,2643
769,1381971,7482
770,1362192,3591
771,1356782,2517
772,1415330,13920
773,1353980,1959
774,1353694,1902
775,1361405,3435
776,1433680,17397
777,1359288,3015
778,1364040,3957
779,1421731,15138
780,1380313,7158
781,1354808,2124
782,1390939,9228
783,1367349,4611
784,1390831,9207
785,1359439,3045
786,1360966,3348
787,1377631,6633
788,1392935,9615
789,1400137,11007
790,1364298,4008
791,1378565,6816
792,1399951,10971
793,1360830,3321
794,1364965,4140
795,1448737,20217
796,1370773,5286
797,1368535,4845
798,1358382,2835
799,1359651,3087
800,1357174,2595
801,1411465,13182
802,1360527,3261
803,1442086,18975
804,1362025,3558
805,1374389,5997
806,1371733,5475
807,1400091,10998
808,1359258,3009
809,1359046,2967
810,1376085,6330
811,1357989,2757
812,1416699,14181
813,1351830,1530
814,1362267,3606
815,1372191,5565
816,1380083,7113
817,1364859,4119
818,1411042,13101
819,1373854,5892
820,1362616,3675
821,1357974,2754
822,1349578,1080
823,1353153,1794
824,1351860,1536
825,1357687,2697
826,1371367,5403
827,1383508,7782
828,1359076,2973
829,1374770,6072
830,1382478,7581
831,1348738,912
832,1355818,2325
833,1355381,2238
834,1371931,5514
835,1375871,6288
836,1389085,8868
837,1382970,7677
838,1366559,4455
839,1389981,9042
840,1352506,1665
841,1355109,2184
842,1358246,2808
843,1362404,3633
844,1364814,4110
845,1384615,7998
846,1373075,5739
847,1372191,5565
848,1366195,4383
849,1368931,4923
850,1406532,12237
851,1367364,4614
852,1359847,3126
853,1389487,8946
854,1362525,3657
855,1359847,3126
856,1382908,7665
857,1402022,11370
858,1361874,3528
859,1351515,1467
860,1377187,6546
861,1397401,10479
862,1368992,4935
863,1386093,8286
864,1433919,17442
865,1371916,5511
866,1356330,2427
867,1351680,1500
868,1366331,4410
869,1365420,4230
870,1385447,8160
871,1432597,17193
872,1400386,11055
873,1377141,6537
874,1353589,1881
875,1367957,4731
876,1357793,2718
877,1377646,6636
878,1364814,4110
879,1355908,2343
880,1357672,2694
881,1373488,5820
882,1373259,5775
883,1514414,32184
884,1400558,11088
885,1375886,6291
886,1370240,5181
887,1407298,12384
888,1740190,69693
889,1654429,56052
890,1359817,3120
891,1376988,6507
892,1369098,4956
893,1433473,17358
894,1358971,2952
895,1389070,8865
896,1417077,14253
897,1376774,6465
898,1353800,1923
899,1378596,6822
900,1389703,8988
901,1360074,3171
902,1367592,4659
903,1733009,68577
904,1357838,2727
905,1403050,11568
906,1394608,9939
907,1349968,1158
908,1360694,3294
909,1639456,53598
910,1379592,7017
911,1436519,17931
912,1364874,4122
913,1385770,8223
914,1385708,8211
915,1365770,4299
916,1358880,2934
917,1368672,4872
918,1383846,7848
919,1348424,849
920,1362449,3642
921,1357642,2688
922,1356888,2538
923,1382724,7629
924,1366028,4350
925,1367060,4554
926,1368185,4776
927,1381787,7446
928,1383831,7845
929,1352161,1596
930,1391759,9387
931,1365193,4185
932,1399951,10971
933,1402458,11454
934,1362646,3681
935,1356828,2526
936,1366134,4371
937,1366104,4365
938,1359530,3063
939,1396578,10320
940,1365254,4197
941,1371809,5490
942,1380282,7152
943,1366635,4470
944,1355275,2217
945,1364510,4050
946,1402848,11529
947,1376284,6369
948,1366817,4506
949,1365329,4212
950,1393105,9648
951,1372191,5565
952,1413381,13548
953,1463594,22971
954,1346716,507
955,1428828,16482
956,1352025,1569
957,1397960,10587
958,1373457,5814
959,1360542,3264
960,1401726,11313
961,1360301,3216
962,1386633,8391
963,1436056,17844
964,1358216,2802
965,1364480,4044
966,1372847,5694
967,1377401,6588
968,1368322,4803
969,1378979,6897
970,1356918,2544
971,1361541,3462
972,1365026,4152
973,1353303,1824
974,1378626,6828
975,1350989,1362
976,1353890,1941
977,1404673,11880
978,1394314,9882
979,1394996,10014
980,1368155,4770
981,1375795,6273
982,1360180,3192
983,1373778,5877
984,1385400,8151
985,1366757,4494
986,1365299,4206
987,1365056,4158
988,1404080,11766
989,1430242,16749
990,1435545,17748
991,1381449,7380
992,1358140,2787
993,1349608,1086
994,1414245,13713
995,1369357,5007
996,1410352,12969
997,1437030,18027
998,1359832,3123
999,1363616,3873
1000,1389456,8940
1001,1496044,28890
1002,1389471,8943
1003,1370803,5292
1004,1361223,3399
1005,1350013,1167
1006,1356330,2427
1007,1357793,2718
1008,1354838,2130
1009,1358699,2898
1010,1366893,4521
1011,1396206,10248
1012,1359424,3042
1013,1397339,10467
1014,1391805,9396
1015,1351259,1416
1016,1361753,3504
1017,1411450,13179
1018,1364161,3981
1019,1367456,4632
1020,1362404,3633
1021,1352897,1743
1022,1349848,1134
1023,1433250,17316
1024,1383646,7809
1025,1375061,6129
1026,1374526,6024
1027,1834591,83952
1028,1435306,17703
1029,1404704,11886
1030,1373136,5751
1031,1355411,2244
1032,1378642,6831
1033,1395725,10155
1034,1362086,3570
1035,1424895,15738
1036,1361662,3486
1037,1386494,8364
1038,1416809,14202
1039,1357431,2646
1040,1361314,3417
1041,1382140,7515
1042,1412313,13344
1043,1396951,10392
1044,1351079,1380
1045,1354417,2046
1046,1369448,5025
1047,1386016,8271
1048,1401056,11184
1049,1353258,1815
1050,1383123,7707
1051,1361768,3507
1052,1366058,4356
1053,1494117,28542
1054,1678265,59913
1055,1379531,7005
1056,1361465,3447
1057,1357356,2631
1058,1351740,1512
1059,1366893,4521
1060,1399966,10974
1061,1377064,6522
1062,1376544,6420
1063,1402520,11466
1064,1455435,21462
1065,1366878,4518
1066,1359212,3000
1067,1407752,12471
1068,1408973,12705
1069,1440724,18720
1070,1349638,1092
1071,1348349,834
1072,1376437,6399
1073,1349593,1083
1074,1369920,5118
1075,1412124,13308
1076,1395352,10083
1077,1351710,1506
1078,1351349,1434
1079,1443979,19329
1080,1384031,7884
1081,1373747,5871
1082,1379899,7077
1083,1354266,2016
1084,1368018,4743
1085,1379960,7089
1086,1415235,13902
1087,1369159,4968
1088,1404330,11814
1089,1407893,12498
1090,1365891,4323
1091,1370301,5193
1092,1718833,66360
1093,1517548,32742
1094,1428336,16389
1095,1374541,6027
1096,1391388,9315
1097,1379945,7086
1098,1367988,4737
1099,1381280,7347
1100,1358155,2790
1101,1461075,22506
1102,1350524,1269
1103,1382862,7656
1104,1359379,3033
1105,1383431,7767
1106,1406564,12243
1107,1352942,1752
1108,1372877,5700
1109,1452720,20958
1110,1366590,4461
1111,1374801,6078
1112,1381833,7455
1113,1397044,10410
1114,1370636,5259
1115,1372618,5649
1116,1366529,4449
1117,1351049,1374
1118,1464213,23085
1119,1404158,11781
1120,1361163,3387
1121,1362040,3561
1122,1362843,3720
1123,1350238,1212
1124,1401165,11205
1125,1426527,16047
1126,1358140,2787
1127,1353529,1869
1128,1359499,3057
1129,1386679,8400
1130,1434301,17514
1131,1351995,1563
1132,1365056,4158
1133,1356541,2469
1134,1429304,16572
1135,1398240,10641
1136,1354974,2157
1137,1410274,12954
1138,1353755,1914
1139,1384184,7914
1140,1360013,3159
1141,1363085,3768
1142,1373655,5853
1143,1365208,4188
1144,1355155,2193
1145,1391697,9375
1146,1361632,3480
1147,1371276,5385
1148,1458236,21981
1149,1353740,1911
1150,1365132,4173
1151,1361223,3399
1152,1378596,6822
1153,1362131,3579
1154,1365390,4224
1155,1365754,4296
1156,1386664,8397
1157,1360694,3294
1158,1363934,3936
1159,1357220,2604
1160,1402489,11460
1161,1356074,2376
1162,1370544,5241
1163,1419883,14787
1164,1359515,3060
1165,1383139,7710
1166,1391450,9327
1167,1351665,1497
1168,1356526,2466
1169,1350509,1266
1170,1357703,2700
1171,1451509,20733
1172,1389672,8982
1173,1550125,38475
1174,1378121,6729
1175,1362843,3720
1176,1375290,6174
1177,1407924,12504
1178,1373488,5820
1179,1391651,9366
1180,1390213,9087
1181,1382985,7680
1182,1390816,9204
1183,1418574,14538
1184,1351755,1515
1185,1355848,2331
1186,1403955,11742
1187,1352927,1749
1188,1427479,16227
1189,1420625,14928
1190,1368292,4797
1191,1381249,7341
1192,1448995,20265
1193,1590775,45462
1194,1350313,1227
1195,1383662,7812
1196,1357491,2658
1197,1356089,2379
1198,1420530,14910
1199,1377325,6573
1200,1359651,3087
1201,1380221,7140
1202,1372847,5694
1203,1595698,46296
1204,1352627,1689
1205,1386833,8430
1206,1391310,9300
1207,1379853,7068
1208,1367258,4593
1209,1384954,8064
1210,1360089,3174
1211,1367395,4620
1212,1364541,4056
1213,1395182,10050
1214,1368185,4776
1215,1391852,9405
1216,1375902,6294
1217,1383231,7728
1218,1356752,2511
1219,1381019,7296
1220,1357265,2613
1221,1516721,32595
1222,1365587,4263
1223,1438548,18312
1224,1389039,8859
1225,1380543,7203
1226,1364343,4017
1227,1376651,6441
1228,1362601,3672
1229,1363055,3762
1230,1373243,5772
1231,1769072,74136
1232,1378964,6894
1233,1408989,12708
1234,1391774,9390
1235,1389904,9027
1236,1406454,12222
1237,1398566,10704
1238,1368094,4758
1239,1367942,4728
1240,1370773,5286
1241,1356104,2382
1242,1363995,3948
1243,1368003,4740
1244,1367380,4617
1245,1354417,2046
1246,1477077,25446
1247,1408519,12618
1248,1366757,4494
1249,1355501,2262
1250,1349833,1131
1251,1369935,5121
1252,1361813,3516
1253,1465141,23256
1254,1355109,2184
1255,1356933,2547
1256,1401835,11334
1257,1371108,5352
1258,1378197,6744
1259,1357416,2643
1260,1359635,3084
1261,1462115,22698
1262,1366058,4356
1263,1369722,5079
1264,1365466,4239
1265,1362237,3600
1266,1380282,7152
1267,1389224,8895
1268,1390955,9231
1269,1355908,2343
1270,1367228,4587
1271,1368429,4824
1272,1389209,8892
1273,1397479,10494
1274,1443593,19257
1275,1382247,7536
1276,1370712,5274
1277,1410148,12930
1278,1372221,5571
1279,1391341,9306
1280,1348169,798
1281,1448673,20205
1282,1369539,5043
1283,1356044,2370
1284,1391079,9255
1285,1421952,15180
1286,1370499,5232
1287,1429765,16659
1288,1378366,6777
1289,1370864,5304
1290,1376957,6501
1291,1522295,33585
1292,1360119,3180
1293,1363722,3894
1294,1352506,1665
1295,1376973,6504
1296,1413113,13497
1297,1384154,7908
1298,1397479,10494
1299,1379071,6915
1300,1424958,15750
1301,1373289,5781
1302,1376789,6468
1303,1369585,5052
1304,1362207,3594
1305,1357446,2649
1306,1361828,3519
1307,1349818,1128
1308,1359983,3153
1309,1349578,1080
1310,1358367,2832
1311,1354191,2001
1312,1355908,2343
1313,1483196,26562
1314,1365056,4158
1315,1361919,3537
1316,1366924,4527
1317,1366848,4512
1318,1356767,2514
1319,1372984,5721
1320,1379270,6954
1321,1365694,4284
1322,1358714,2901
1323,1355667,2295
1324,1356752,2511
1325,1374755,6069
1326,1353108,1785
1327,1354296,2022
1328,1383954,7869
1329,1671991,58902
1330,1352957,1755
1331,1385169,8106
1332,1374923,6102
1333,1360724,3300
1334,1367304,4602
1335,1357024,2565
1336,1366043,4353
1337,1352972,1758
1338,1366347,4413
1339,1353348,1833
1340,1365603,4266
1341,1351139,1392
1342,1348723,909
1343,1355802,2322
1344,1362479,3648
1345,1356722,2505
1346,1368550,4848
1347,1363979,3945
1348,1354838,2130
1349,1361662,3486
1350,1593288,45888
1351,1359651,3087
1352,1408456,12606
1353,1365754,4296
1354,1366984,4539
1355,1365982,4341
1356,1387882,8634
1357,1432358,17148
1358,1360633,3282
1359,1380666,7227
1360,1369052,4947
1361,1357703,2700
1362,1363040,3759
1363,1370697,5271
1364,1408582,12630
1365,1425639,15879
1366,1356466,2454
1367,1368444,4827
1368,1680206,60225
1369,1386587,8382
1370,1373564,5835
1371,1353198,1803
1372,1366696,4482
1373,1386756,8415
1374,1388298,8715
1375,1353348,1833
1376,1386186,8304
1377,1420988,14997
1378,1436120,17856
1379,1365329,4212
1380,1390306,9105
1381,1592898,45822
1382,1374633,6045
1383,1381725,7434
1384,1365299,4206
1385,1389348,8919
1386,1360391,3234
1387,1388252,8706
1388,1431260,16941
1389,1357009,2562
1390,1413223,13518
1391,1385847,8238
1392,1372267,5580
1393,1376162,6345
1394,1536659,36120
1395,1364814,4110
1396,1407830,12486
1397,1361193,3393
1398,1395213,10056
1399,1361450,3444
1400,1373900,5901
1401,1371748,5478
1402,1361435,3441
1403,1375764,6267
1404,1371657,5460
1405,1359197,2997
1406,1417108,14259
1407,1358910,2940
1408,1387172,8496
1409,1357159,2592
1410,1392811,9591
1411,1366362,4416
1412,1392239,9480
1413,1384831,8040
1414,1356285,2418
1415,1363282,3807
1416,1363176,3786
1417,1390429,9129
1418,1369935,5121
1419,1397246,10449
1420,1368992,4935
1421,1364889,4125
1422,1364313,4011
1423,1391898,9414
1424,1361919,3537
1425,1353559,1875
1426,1379914,7080
1427,1362601,3672
1428,1374648,6048
1429,1368809,4899
1430,1364343,4017
1431,1374465,6012
1432,1350824,1329
1433,1358638,2886
1434,1379178,6936
1435,1353785,1920
1436,1413663,13602
1437,1398069,10608
1438,1363282,3807
1439,1358533,2865
1440,1351244,1413
1441,1364874,4122
1442,1346791,522
1443,1375275,6171
1444,1373778,5877
1445,1364632,4074
1446,1352717,1707
1447,1378029,6711
1448,1374862,6090
1449,1357174,2595
1450,1356722,2505
1451,1405938,12123
1452,1360301,3216
1453,1366939,4530
1454,1366635,4470
1455,1382539,7593
1456,1401539,11277
1457,1370849,5301
1458,1367136,4569
1459,1363904,3930
1460,1374801,6078
1461,1439940,18573
1462,1419552,14724
1463,1359666,3090
1464,1369250,4986
1465,1377983,6702
1466,1435497,17739
1467,1385339,8139
1468,1360921,3339
1469,1406438,12219
1470,1365238,4194
1471,1366711,4485
1472,1520502,33267
1473,1355004,2163
1474,1385031,8079
1475,1347435,651
1476,1547182,37962
1477,1360512,3258
1478,1393276,9681
1479,1353363,1836
1480,1387666,8592
1481,1359394,3036
1482,1369189,4974
1483,1356752,2511
1484,1364768,4101
1485,1372969,5718
1486,1387111,8484
1487,1348828,930
1488,1350028,1170
1489,1374159,5952
1490,1356436,2448
1491,1367167,4575
1492,1383738,7827
1493,1363328,3816
1494,1349128,990
1495,1363540,3858
1496,1409725,12849
1497,1372908,5706
1498,1378933,6888
1499,1399639,10911
1500,1357537,2667
1501,1350674,1299
1502,1374419,6003
1503,1365694,4284
1504,1350749,1314
1505,1361435,3441
1506,1409913,12885
1507,1361148,3384
1508,1379331,6966
1509,1472880,24678
1510,1354989,2160
1511,1397339,10467
1512,1358231,2805
1513,1382647,7614
1514,1372526,5631
1515,1356722,2505
1516,1366802,4503
1517,1365360,4218
1518,1347390,642
1519,1383938,7866
1520,1373778,5877
1521,1373686,5859
1522,1360603,3276
1523,1426701,16080
1524,1405313,12003
1525,1457264,21801
1526,1371916,5511
1527,1628830,51843
1528,1401835,11334
1529,1418748,14571
1530,1350283,1221
1531,1429892,16683
1532,1375443,6204
1533,1375244,6165
1534,1352191,1602
1535,1370590,5250
1536,1394934,10002
1537,1352506,1665
1538,1354823,2127
1539,1364237,3996
1540,1390908,9222
1541,1400853,11145
1542,1361435,3441
1543,1374343,5988
1544,1357325,2625
1545,1378933,6888
1546,1373488,5820
1547,1394267,9873
1548,1366772,4497
1549,1382432,7572
1550,1378259,6756
1551,1359590,3075
1552,1355275,2217
1553,1373976,5916
1554,1389889,9024
1555,1360754,3306
1556,1365845,4314
1557,1426781,16095
1558,1377156,6540
1559,1407799,12480
1560,1371245,5379
1561,1407783,12477
1562,1387126,8487
1563,1357899,2739
1564,1368018,4743
1565,1367790,4698
1566,1352191,1602
1567,1371550,5439
1568,1367532,4647
1569,1358095,2778
1570,1369981,5130
1571,1406063,12147
1572,1358774,2913
1573,1351950,1554
1574,1358895,2937
1575,1381019,7296
1576,1360149,3186
1577,1351274,1419
1578,1357054,2571
1579,1454077,21210
1580,1377615,6630
1581,1376406,6393
1582,1347405,645
1583,1369753,5085
1584,1369022,4941
1585,1385585,8187
1586,1363707,3891
1587,1364207,3990
1588,1374404,6000
1589,1389425,8934
1590,1349938,1152
1591,1368779,4893
1592,1368626,4863
1593,1364586,4065
1594,1362237,3600
1595,1378826,6867
1596,1369372,5010
1597,1350403,1245
1598,1375840,6282
1599,1447256,19941
1600,1411324,13155
1601,1405860,12108
1602,1356752,2511
1603,1353559,1875
1604,1371443,5418
1605,1491959,28152
1606,1370697,5271
1607,1359681,3093
1608,1409020,12714
1609,1383369,7755
1610,1369966,5127
1611,1364131,3975
1612,1366149,4374
1613,1363464,3843
1614,1478834,25767
1615,1355848,2331
1616,1401258,11223
1617,1353273,1818
1618,1367957,4731
1619,1358608,2880
1620,1361813,3516
1621,1350328,1230
1622,1507562,30960
1623,1355290,2220
1624,1354869,2136
1625,1424167,15600
1626,1352326,1629
1627,1406251,12183
1628,1445825,19674
1629,1356933,2547
1630,1359923,3141
1631,1571270,42132
1632,1389827,9012
1633,1402926,11544
1634,1369874,5109
1635,1355230,2208
1636,1369235,4983
1637,1352837,1731
1638,1379500,6999
1639,1357416,2643
1640,1373732,5868
1641,1419599,14733
1642,1368672,4872
1643,1409897,12882
1644,1410979,13089
1645,1357340,2628
1646,1376055,6324
1647,1350854,1335
1648,1352747,1713
1649,1396609,10326
1650,1391341,9306
1651,1735207,68919
1652,1364783,4104
1653,1358714,2901
1654,1359998,3156
1655,1368231,4785
1656,1360195,3195
1657,1369022,4941
1658,1349443,1053
1659,1362964,3744
1660,1373365,5796
1661,1360603,3276
1662,1355923,2346
1663,1374419,6003
1664,1355531,2268
1665,1354899,2142
1666,1384184,7914
1667,1350373,1239
1668,1369052,4947
1669,1408409,12597
1670,1395337,10080
1671,1378167,6738
1672,1351274,1419
1673,1356405,2442
1674,1353800,1923
1675,1363434,3837
1676,1555320,39378
1677,1367957,4731
1678,1363388,3828
1679,1354944,2151
1680,1373717,5865
1681,1369707,5076
1682,1405360,12012
1683,1358306,2820
1684,1371139,5358
1685,1394624,9942
1686,1431435,16974
1687,1366741,4491
1688,1421889,15168
1689,1361601,3474
1690,1438196,18246
1691,1367942,4728
1692,1354688,2100
1693,1357144,2589
1694,1382247,7536
1695,1373442,5811
1696,1351755,1515
1697,1372633,5652
1698,1347764,717
1699,1363510,3852
1700,1377891,6684
1701,1367243,4590
1702,1377049,6519
1703,1445038,19527
1704,1355064,2175
1705,1362782,3708
1706,1352822,1728
1707,1365071,4161
1708,1350704,1305
1709,1428526,16425
1710,1375244,6165
1711,1357944,2748
1712,1354718,2106
1713,1367395,4620
1714,1358986,2955
1715,1349503,1065
1716,1364419,4032
1717,1367334,4608
1718,1377738,6654
1719,1349533,1071
1720,1381387,7368
1721,1468744,23919
1722,1365466,4239
1723,1401710,11310
1724,1389796,9006
1725,1428272,16377
1726,1358835,2925
1727,1358291,2817
1728,1363328,3816
1729,1375657,6246
1730,1354929,2148
1731,1346791,522
1732,1350824,1329
1733,1368566,4851
1734,1364268,4002
1735,1365663,4278
1736,1362010,3555
1737,1364086,3966
1738,1363252,3801
1739,1365481,4242
1740,1373213,5766
1741,1367486,4638
1742,1358850,2928
1743,1363934,3936
1744,1350659,1296
1745,1383216,7725
1746,1369250,4986
1747,1364996,4146
1748,1363661,3882
1749,1375963,6306
1750,1378718,6846
1751,1358865,2931
1752,1361874,3528
1753,1390398,9123
1754,1356601,2481
1755,1369874,5109
1756,1359273,3012
1757,1386001,8268
1758,1374511,6021
1759,1370925,5316
1760,1414261,13716
1761,1367760,4692
1762,1351124,1389
1763,1395880,10185
1764,1356903,2541
1765,1366119,4368
1766,1352356,1635
1767,1395399,10092
1768,1356240,2409
1769,1356978,2556
1770,1409161,12741
1771,1361798,3513
1772,1366240,4392
1773,1358291,2817
1774,1354853,2133
1775,1390259,9096
1776,1373213,5766
1777,1361753,3504
1778,1354372,2037
1779,1369935,5121
1780,1363025,3756
1781,1356270,2415
1782,1380604,7215
1783,1371428,5415
1784,1383861,7851
1785,1363979,3945
1786,1368976,4932
1787,1387141,8490
1788,1353394,1842
1789,1360996,3354
1790,1356556,2472
1791,1416022,14052
1792,1484780,26850
1793,1431419,16971
1794,1350148,1194
1795,1421131,15024
1796,1415330,13920
1797,1352251,1614
1798,1358442,2847
1799,1350058,1176
1800,1398333,10659
1801,1493486,28428
1802,1431212,16932
1803,1394686,9954
1804,1387835,8625
1805,1368992,4935
1806,1408582,12630
1807,1363510,3852
1808,1350674,1299
1809,1356948,2550
1810,1380957,7284
1811,1418180,14463
1812,1619174,50238
1813,1482026,26349
1814,1430958,16884
1815,1364177,3984
1816,1433887,17436
1817,1365147,4176
1818,1371825,5493
1819,1347330,630
1820,1697928,63057
1821,1358865,2931
1822,1408707,12654
1823,1442615,19074
1824,1358669,2892
1825,1364146,3978
1826,1350749,1314
1827,1362328,3618
1828,1365997,4344
1829,1370164,5166
1830,1444765,19476
1831,1359454,3048
1832,1353770,1917
1833,1379561,7011
1834,1356707,2502
1835,1371443,5418
1836,1367349,4611
1837,1400464,11070
1838,1372740,5673
1839,1375443,6204
1840,1368809,4899
1841,1352191,1602
1842,1362146,3582
1843,1356571,2475
1844,3061068,222133
1845,1356978,2556
1846,1367532,4647
1847,1356918,2544
1848,1358623,2883
1849,1366969,4536
1850,1463806,23010
1851,1354703,2103
1852,1366605,4464
1853,1363404,3831
1854,1396656,10335
1855,1383062,7695
1856,1377646,6636
1857,1378703,6843
1858,1375198,6156
1859,1401554,11280
1860,1351860,1536
1861,1464701,23175
1862,1389657,8979
1863,1376055,6324
1864,1357084,2577
1865,1394298,9879
1866,1402941,11547
1867,1371825,5493
1868,1376100,6333
1869,1355772,2316
1870,1361647,3483
1871,1354372,2037
1872,1361374,3429
1873,1352837,1731
1874,1391310,9300
1875,1359394,3036
1876,1398598,10710
1877,1359454,3048
1878,1360527,3261
1879,1360467,3249
1880,1353213,1806
1881,1355290,2220
1882,1412831,13443
1883,1366453,4434
1884,1372709,5667
1885,1371062,5343
1886,1362631,3678
1887,1380911,7275
1888,1381203,7332
1889,1370148,5163
1890,1434285,17511
1891,1372663,5658
1892,1420862,14973
1893,1368763,4890
1894,1362056,3564
1895,1363691,3888
1896,1360679,3291
1897,1364707,4089
1898,1364662,4080
1899,1402957,11550
1900,1348169,798
1901,1363798,3909
1902,1352341,1632
1903,1430544,16806
1904,1398240,10641
1905,1363691,3888
1906,1368931,4923
1907,1373259,5775
1908,1399111,10809
1909,1357989,2757
1910,1378121,6729
1911,1370575,5247
1912,1350088,1182
1913,1351650,1494
1914,1352777,1719
1915,1377217,6552
1916,1355863,2334
1917,1375963,6306
1918,1362616,3675
1919,1358246,2808
1920,1380359,7167
1921,1407596,12441
1922,1350854,1335
1923,1355019,2166
1924,1387049,8472
1925,1398224,10638
1926,1370164,5166
1927,1365284,4203
1928,1413365,13545
1929,1378075,6720
1930,1370453,5223
1931,1378044,6714
1932,1371992,5526
1933,1403752,11703
1934,1357687,2697
1935,1371489,5427
1936,1360195,3195
1937,1357521,2664
1938,1360694,3294
1939,1376835,6477
1940,1438788,18357
1941,1359454,3048
1942,1355727,2307
1943,1354477,2058
1944,1356526,2466
1945,1389194,8889
1946,1361571,3468
1947,1359892,3135
1948,1347225,609
1949,1382954,7674
1950,1357672,2694
1951,1421289,15054
1952,1367425,4626
1953,1536847,36153
1954,1396268,10260
1955,1353574,1878
1956,1363040,3759
1957,1373426,5808
1958,1381418,7374
1959,1363843,3918
1960,1363964,3942
1961,1357235,2607
1962,1405470,12033
1963,1691674,62061
1964,1358065,2772
1965,1370910,5313
1966,1404658,11877
1967,1356858,2532
1968,1368687,4875
1969,1454384,21267
1970,1368915,4920
1971,1363722,3894
1972,1361738,3501
1973,1399562,10896
1974,1359122,2982
1975,1369418,5019
1976,1374052,5931
1977,1358654,2889
1978,1352672,1698
1979,1373946,5910
1980,1356722,2505
1981,1435035,17652
1982,1421605,15114
1983,1367729,4686
1984,1391666,9369
1985,1358216,2802
1986,1439012,18399
1987,1370377,5208
1988,1363722,3894
1989,1358865,2931
1990,1376758,6462
1991,1368824,4902
1992,1556738,39624
1993,1376146,6342
1994,1445231,19563
1995,1374786,6075
1996,1359394,3036
1997,1356481,2457
1998,1372358,5598
1999,1481681,26286
2000,1448286,20133
2001,1398489,10689
2002,1362994,3750
2003,1358382,2835
2004,1385739,8217
2005,1377554,6618
2006,1381249,7341
2007,1381986,7485
2008,1361556,3465
2009,1444396,19407
2010,1352897,1743
2011,1379822,7062
2012,1374052,5931
2013,1380359,7167
2014,1419836,14778
2015,1515862,32442
2016,1376208,6354
2017,1371794,5487
2018,1350884,1341
2019,1360180,3192
2020,1359696,3096
2021,1375122,6141
2022,1388036,8664
2023,1417975,14424
2024,1415755,14001
2025,1352070,1578
2026,1359001,2958
2027,1363691,3888
2028,1388437,8742
2029,1370103,5154
2030,1357793,2718
2031,1352266,1617
2032,1399111,10809
2033,1368596,4857
2034,1361859,3525
2035,1349563,1077
2036,1372465,5619
2037,1376162,6345
2038,1537582,36282
2039,1367364,4614
2040,1364510,4050
2041,1361208,3396
2042,1360845,3324
2043,1358170,2793
2044,1376009,6315
2045,1396749,10353
2046,1422173,15222
2047,1469658,24087
2048,1348544,873
2049,1417912,14412
2050,1380252,7146
2051,1374068,5934
2052,1360074,3171
2053,1786320,76755
2054,1360542,3264
2055,1465075,23244
2056,1386741,8412
2057,1363222,3795
2058,1378228,6750
2059,1371276,5385
2060,1603557,47622
2061,1372923,5709
2062,1368429,4824
2063,1407158,12357
2064,1351740,1512
2065,1371139,5358
2066,1401383,11247
2067,1388437,8742
2068,1380175,7131
2069,1364556,4059
2070,1355983,2358
2071,1372816,5688
2072,1372633,5652
2073,1378014,6708
2074,1363267,3804
2075,1366240,4392
2076,1355607,2283
2077,1372038,5535
2078,1359968,3150
2079,1421004,15000
2080,1376743,6459
2081,1365208,4188
2082,1368140,4767
2083,1374098,5940
2084,1353800,1923
2085,1381694,7428
2086,1359515,3060
2087,1373610,5844
2088,1360210,3198
2089,1358019,2763
2090,1351920,1548
2091,1349953,1155
2092,1358487,2856
2093,1417298,14295
2094,1368413,4821
2095,1410242,12948
2096,1623499,50958
2097,1353875,1938
2098,1380789,7251
2099,1354010,1965
2100,1447208,19932
2101,1449542,20367
2102,1354296,2022
2103,1382478,7581
2104,1368064,4752
2105,1347375,639
2106,1432421,17160
2107,1354221,2007
2108,1370742,5280
2109,1355426,2247
2110,1401866,11340
2111,1367380,4617
2112,1352972,1758
2113,1375474,6210
2114,1369479,5031
2115,1406814,12291
2116,1387558,8571
2117,1355622,2286
2118,1349548,1074
2119,1385354,8142
2120,1349203,1005
2121,1433218,17310
2122,1676270,59592
2123,1370864,5304
2124,1371977,5523
2125,1408003,12519
2126,1368124,4764
2127,1358231,2805
2128,1388730,8799
2129,1359771,3111
2130,1483361,26592
2131,1373915,5904
2132,1356300,2421
2133,1356526,2466
2134,1410148,12930
2135,1370316,5196
2136,1358050,2769
2137,1353123,1788
2138,1365861,4317
2139,1380865,7266
2140,1358352,2829
2141,1353679,1899
2142,1358035,2766
2143,1380451,7185
2144,1353755,1914
2145,1364798,4107
2146,1364268,4002
2147,1522684,33654
2148,1358231,2805
2149,1362555,3663
2150,1353950,1953
2151,1362389,3630
2152,1354447,2052
2153,1405985,12132
2154,1362177,3588
2155,1421889,15168
2156,1419662,14745
2157,1358669,2892
2158,1358941,2946
2159,1356074,2376
2160,1390398,9123
2161,1372389,5604
2162,1360134,3183
2163,1594510,46095
2164,1367532,4647
2165,3800540,280537
2166,1366058,4356
2167,1368185,4776
2168,1367425,4626
2169,1362510,3654
2170,1530404,35019
2171,1367577,4656
2172,1398473,10686
2173,1365754,4296
2174,1477290,25485
2175,1369265,4989
2176,1353770,1917
2177,2843030,202188
2178,1356436,2448
2179,1386756,8415
2180,1385924,8253
2181,1351034,1371
2182,1350719,1308
2183,1355501,2262
2184,1393493,9723
2185,1360936,3342
2186,1380666,7227
2187,1368216,4782
2188,1371306,5391
2189,1420199,14847
2190,1363419,3834
2191,1602826,47499
2192,1435817,17799
2193,1424800,15720
2194,1364601,4068
2195,1384308,7938
2196,1600245,47064
2197,1361299,3414
2198,1394593,9936
2199,1372206,5568
2200,1388962,8844
2201,1388916,8835
2202,1346821,528
2203,1361859,3525
2204,1371794,5487
2205,1366802,4503
2206,1383246,7731
2207,1357521,2664
2208,1362010,3555
2209,1358487,2856
2210,1444540,19434
2211,1396718,10347
2212,1392672,9564
2213,1409098,12729
2214,1356933,2547
2215,1398162,10626
2216,1415314,13917
2217,1373350,5793
2218,1370011,5136
2219,1364192,3987
2220,1371748,5478
2221,1373335,5790
2222,1373014,5727
2223,1358684,2895
2224,1363267,3804
2225,1365618,4269
2226,1355983,2358
2227,1377631,6633
2228,1403784,11709
2229,1365587,4263
2230,1360648,3285
2231,1422031,15195
2232,1367866,4713
2233,1723118,67032
2234,1357386,2637
2235,1488150,27462
2236,1364404,4029
2237,1374343,5988
2238,1381848,7458
2239,1972212,103476
2240,1379715,7041
2241,1369798,5094
2242,1353709,1905
2243,1357371,2634
2244,1416069,14061
2245,1366104,4365
2246,1404174,11784
2247,1354628,2088
2248,1370560,5244
2249,1357929,2745
2250,1347390,642
2251,1352657,1695
2252,1357009,2562
2253,1412799,13437
2254,1351560,1476
2255,1380390,7173
2256,1362207,3594
2257,1359303,3018
2258,1361193,3393
2259,1355245,2211
2260,1400106,11001
2261,1439908,18567
2262,1349488,1062
2263,1355637,2289
2264,1396951,10392
2265,1644346,54402
2266,1353935,1950
2267,1364556,4059
2268,1360074,3171
2269,1347540,672
2270,1354176,1998
2271,1365208,4188
2272,1382662,7617
2273,1377325,6573
2274,1370453,5223
2275,1420073,14823
2276,1348843,933
2277,1349608,1086
2278,1353664,1896
2279,1361889,3531
2280,1396206,10248
2281,1356978,2556
2282,1357748,2709
2283,1352296,1623
2284,1353694,1902
2285,1500741,29736
2286,1354688,2100
2287,1365056,4158
2288,1371352,5400
2289,1367684,4677
2290,1364480,4044
2291,1393880,9798
2292,1375397,6195
2293,1368155,4770
2294,1377172,6543
2295,1426131,15972
2296,1762771,73173
2297,1361359,3426
2298,1360134,3183
2299,1386587,8382
2300,1409615,12828
2301,1372450,5616
2302,1375290,6174
2303,1434206,17496
2304,1358487,2856
2305,1367623,4665
2306,1351454,1455
2307,1455014,21384
2308,1362510,3654
2309,1355064,2175
2310,1360890,3333
2311,1372221,5571
2312,1403768,11706
2313,1387172,8496
2314,1401445,11259
2315,1461367,22560
2316,1361995,3552
2317,1360316,3219
2318,1362389,3630
2319,1360240,3204
2320,1381587,7407
2321,1346582,480
2322,1371428,5415
2323,1398380,10668
2324,1361148,3384
2325,1380175,7131
2326,1359076,2973
2327,1371687,5466
2328,1365102,4167
2329,1350629,1290
2330,1370285,5190
2331,1394143,9849
2332,1364313,4011
2333,1395988,10206
2334,1352777,1719
2335,1351680,1500
2336,1378642,6831
2337,1361556,3465
2338,1364207,3990
2339,1369494,5034
2340,1400355,11049
2341,1372206,5568
2342,1435625,17763
2343,1368246,4788
2344,1384000,7878
2345,1397619,10521
2346,1366210,4386
2347,1401944,11355
2348,1582100,43986
2349,1431801,17043
2350,1644017,54348
2351,1382462,7578
2352,1416274,14100
2353,1360104,3177
2354,1404939,11931
2355,1379684,7035
2356,1396485,10302
2357,1369037,4944
2358,1375703,6255
2359,1388962,8844
2360,1365663,4278
2361,1367760,4692
2362,1410383,12975
2363,1356933,2547
2364,1414921,13842
2365,1382109,7509
2366,1348589,882
2367,1463318,22920
2368,1362510,3654
2369,1357310,2622
2370,1361253,3405
2371,1362313,3615
2372,1402598,11481
2373,1442439,19041
2374,1363676,3885
2375,1354131,1989
2376,1438053,18219
2377,1363510,3852
2378,1358170,2793
2379,1370072,5148
2380,1418022,14433
2381,1356134,2388
2382,1358155,2790
2383,1352341,1632
2384,1365420,4230
2385,1366559,4455
2386,1355878,2337
2387,1359288,3015
2388,1348379,840
2389,1369311,4998
2390,1440436,18666
2391,1363100,3771
2392,1374801,6078
2393,1384323,7941
2394,1354658,2094
2395,1356647,2490
2396,1363949,3939
2397,1364070,3963
2398,1373213,5766
2399,1381664,7422
2400,1373808,5883
2401,1361148,3384
2402,1374770,6072
2403,1362934,3738
2404,1353679,1899
2405,1356345,2430
2406,1369874,5109
2407,1626786,51504
2408,1355441,2250
2409,1393539,9732
2410,1356315,2424
2411,1365420,4230
2412,1357084,2577
2413,1366043,4353
2414,1540044,36714
2415,1387897,8637
2416,1446372,19776
2417,1364374,4023
2418,1360558,3267
2419,1388700,8793
2420,1416683,14178
2421,1358699,2898
2422,1400417,11061
2423,1409662,12837
2424,1358231,2805
2425,1388005,8658
2426,1360936,3342
2427,1363843,3918
2428,1357974,2754
2429,1359092,2976
2430,1582399,44037
2431,1366271,4398
2432,1350148,1194
2433,1359681,3093
2434,1364859,4119
2435,1357537,2667
2436,1393787,9780
2437,1350208,1206
2438,1568775,41703
2439,1359892,3135
2440,1368201,4779
2441,1358684,2895
2442,1350073,1179
2443,1357944,2748
2444,1437717,18156
2445,1389132,8877
2446,1465776,23373
2447,1409145,12738
2448,1370133,5160
2449,1392672,9564
2450,1360301,3216
2451,1354838,2130
2452,1373793,5880
2453,1369113,4959
2454,1351049,1374
2455,1419331,14682
2456,1538573,36456
2457,1364677,4083
2458,1350193,1203
2459,1361738,3501
2460,1378642,6831
2461,1388900,8832
2462,1359182,2994
2463,1374893,6096
2464,1410258,12951
2465,1362661,3684
2466,1351875,1539
2467,1374587,6036
2468,1379868,7071
2469,1440100,18603
2470,1377631,6633
2471,1391109,9261
2472,1363252,3801
2473,1350539,1272
2474,1349233,1011
2475,1362298,3612
2476,1355170,2196
2477,1368124,4764
2478,1372847,5694
2479,1350974,1359
2480,1367714,4683
2481,1408613,12636
2482,1352942,1752
2483,1363494,3849
2484,1356209,2403
2485,1410211,12942
2486,1400277,11034
2487,1373793,5880
2488,1385277,8127
2489,1358895,2937
2490,1360301,3216
2491,1395601,10131
2492,1414025,13671
2493,1372221,5571
2494,1382340,7554
2495,1364252,3999
2496,1371565,5442
2497,1382816,7647
2498,1372587,5643
2499,1409553,12816
2500,1369418,5019
2501,1426654,16071
2502,1752632,71616
2503,1440708,18717
2504,1367775,4695
2505,1411010,13095
2506,1404392,11826
2507,1354462,2055
2508,1377110,6531
2509,1360134,3183
2510,1418637,14550
2511,1367045,4551
2512,1385493,8169
2513,1372480,5622
2514,1359092,2976
2515,1465222,23271
2516,1405017,11946
2517,1387527,8565
2518,1374862,6090
2519,1388453,8745
2520,1377263,6561
2521,1358714,2901
2522,1389919,9030
2523,1363070,3765
2524,1359454,3048
2525,1383646,7809
2526,1368109,4761
2527,1372557,5637
2528,1360437,3243
2529,1360165,3189
2530,1398256,10644
2531,1384600,7995
2532,1364070,3963
2533,1360845,3324
2534,1516468,32550
2535,1561885,40515
2536,1363904,3930
2537,1423977,15564
2538,1358035,2766
2539,1378029,6711
2540,1391836,9402
2541,1372419,5610
2542,1366514,4446
2543,1381295,7350
2544,1351965,1557
2545,1360452,3246
2546,1744741,70398
2547,1355140,2190
2548,1379929,7083
2549,1359953,3147
2550,1356270,2415
2551,1369189,4974
2552,1408096,12537
2553,1361541,3462
2554,1369052,4947
2555,1397960,10587
2556,1353619,1887
2557,1391620,9360
2558,1390661,9174
2559,1383600,7800
2560,1372480,5622
2561,1381004,7293
2562,1390275,9099
2563,1373991,5919
2564,1392270,9486
2565,1365056,4158
2566,1382770,7638
2567,1362661,3684
2568,1379515,7002
2569,1386587,8382
2570,1378259,6756
2571,1412156,13314
2572,1427590,16248
2573,1364541,4056
2574,1431562,16998
2575,1371352,5400
2576,1405438,12027
2577,1352852,1734
2578,1346282,420
2579,1363085,3768
2580,1359046,2967
2581,1416447,14133
2582,1359454,3048
2583,1364116,3972
2584,1409882,12879
2585,1371337,5397
2586,1384646,8004
2587,1360679,3291
2588,1356707,2502
2589,1349998,1164
2590,1373381,5799
2591,1386032,8274
2592,1349308,1026
2593,1405516,12042
2594,1366438,4431
2595,1366711,4485
2596,1352987,1761
2597,1374465,6012
2598,1346492,462
2599,1359469,3051
2600,1355275,2217
2601,1384461,7968
2602,1397261,10452
2603,1356858,2532
2604,1359575,3072
2605,1363464,3843
2606,1376927,6495
2607,1352371,1638
2608,1356601,2481
2609,1358186,2796
2610,1362161,3585
2611,1402801,11520
2612,1374282,5976
2613,1453398,21084
2614,1368581,4854
2615,1628939,51861
2616,1356632,2487
2617,1359092,2976
2618,1388993,8850
2619,1353649,1893
2620,1356390,2439
2621,1374190,5958
2622,1378213,6747
2623,1390939,9228
2624,1353379,1839
2625,1371276,5385
2626,1427320,16197
2627,1439172,18429
2628,1353348,1833
2629,1382862,7656
2630,1393942,9810
2631,1372847,5694
2632,1359273,3012
2633,1395787,10167
2634,1387620,8583
2635,1378167,6738
2636,1372847,5694
2637,1354041,1971
2638,1473093,24717
2639,1373259,5775
2640,1370682,5268
2641,1383585,7797
2642,1357552,2670
2643,1360391,3234
2644,1392270,9486
2645,1717325,66123
2646,1357114,2583
2647,1382278,7542
2648,1376009,6315
2649,1366574,4458
2650,1378060,6717
2651,1371062,5343
2652,1422126,15213
2653,1377815,6669
2654,1368292,4797
2655,1386941,8451
2656,1371337,5397
2657,1365967,4338
2658,1379991,7095
2659,1374572,6033
2660,1373350,5793
2661,1385785,8226
2662,1360921,3339
2663,1413381,13548
2664,1361435,3441
2665,1361828,3519
2666,1462960,22854
2667,1388113,8679
2668,1368596,4857
2669,1358714,2901
2670,1396873,10377
2671,1411952,13275
2672,1360255,3207
2673,1376651,6441
2674,1368094,4758
2675,1352131,1590
2676,1352521,1668
2677,1429416,16593
2678,1396858,10374
2679,1390599,9162
2680,1361465,3447
2681,1368596,4857
2682,1367547,4650
2683,1347525,669
2684,1361934,3540
2685,1387558,8571
2686,1351319,1428
2687,1382032,7494
2688,1459923,22293
2689,1355260,2214
2690,1395399,10092
2691,1351800,1524
2692,1373610,5844
2693,1455710,21513
2694,1401087,11190
2695,1408284,12573
2696,1408691,12651
2697,1381326,7356
2698,1360240,3204
2699,1354417,2046
2700,1359635,3084
2701,1375657,6246
2702,1357431,2646
2703,1374389,5997
2704,1352506,1665
2705,1359424,3042
2706,1356918,2544
2707,1361390,3432
2708,1397479,10494
2709,1360285,3213
2710,1388931,8838
2711,1392873,9603
2712,1363949,3939
2713,1436822,17988
2714,1446211,19746
2715,1395864,10182
2716,1373442,5811
2717,1483262,26574
2718,1358759,2910
2719,1349398,1044
2720,1391403,9318
2721,1402318,11427
2722,1378795,6861
2723,1360180,3192
2724,1584176,44340
2725,1411779,13242
2726,1481763,26301
2727,1347854,735
2728,1356300,2421
2729,1376131,6339
2730,1420057,14820
2731,1364177,3984
2732,1370819,5295
2733,1352506,1665
2734,1379761,7050
2735,1358019,2763
2736,1363707,3891
2737,1360270,3210
2738,1368946,4926
2739,1352642,1692
2740,1401383,11247
2741,1347465,657
2742,1379423,6984
2743,1352551,1674
2744,1365117,4170
2745,1370027,5139
2746,1374037,5928
2747,1363767,3903
2748,1430560,16809
2749,1357989,2757
2750,1358321,2823
2751,1362222,3597
2752,1388437,8742
2753,1353273,1818
2754,1347061,576
2755,1360361,3228
2756,1604359,47757
2757,1362222,3597
2758,1359938,3144
2759,1359908,3138
2760,1372557,5637
2761,1366483,4440
2762,2868582,204603
2763,1355170,2196
2764,1349698,1104
2765,1359620,3081
2766,1354658,2094
2767,1363949,3939
2768,1358336,2826
2769,1372465,5619
2770,1349623,1089
2771,1422347,15255
2772,1357733,2706
2773,1374786,6075
2774,1520992,33354
2775,1359046,2967
2776,1366316,4407
2777,1364707,4089
2778,1368246,4788
2779,1353815,1926
2780,1377753,6657
2781,1390074,9060
2782,1383908,7860
2783,1357612,2682
2784,1365557,4257
2785,1361995,3552
2786,1359273,3012
2787,1382954,7674
2788,1376070,6327
2789,1403300,11616
2790,1366863,4515
2791,1802735,79224
2792,2384765,154745
2793,1355712,2304
2794,1355290,2220
2795,1387558,8571
2796,1364571,4062
2797,1372450,5616
2798,1391465,9330
2799,1364343,4017
2800,1378948,6891
2801,1392115,9456
2802,1379807,7059
2803,1352957,1755
2804,1417298,14295
2805,1369676,5070
2806,1355064,2175
2807,1369265,4989
2808,1359409,3039
2809,1461660,22614
2810,1399359,10857
2811,1364101,3969
2812,1397650,10527
2813,1373472,5817
2814,1355320,2226
2815,1374541,6027
2816,1363025,3756
2817,1348828,930
2818,1362434,3639
2819,1360497,3255
2820,1370453,5223
2821,1353815,1926
2822,1467602,23709
2823,1376590,6429
2824,1366240,4392
2825,1375198,6156
2826,1352251,1614
2827,1365997,4344
2828,1351334,1431
2829,1375840,6282
2830,1360588,3273
2831,1369676,5070
2832,1372313,5589
2833,1390012,9048
2834,1358578,2874
2835,1386171,8301
2836,1356993,2559
2837,1385909,8250
2838,1355848,2331
2839,1390878,9216
2840,1398364,10665
2841,1396671,10338
2842,1372236,5574
2843,1373472,5817
2844,1389147,8880
2845,1362707,3693
2846,1358578,2874
2847,1389750,8997
2848,1359575,3072
2849,1409004,12711
2850,1389765,9000
2851,1370941,5319
2852,1420309,14868
2853,1420799,14961
2854,1364889,4125
2855,1365572,4260
2856,1747361,70803
2857,1351950,1554
2858,1377064,6522
2859,1415786,14007
2860,1467080,23613
2861,1369098,4956
2862,1371809,5490
2863,1360936,3342
2864,1383662,7812
2865,1369950,5124
2866,1453947,21186
2867,1378841,6870
2868,1380942,7281
2869,1374984,6114
2870,1379255,6951
2871,1359076,2973
2872,1439524,18495
2873,1362464,3645
2874,1382939,7671
2875,1376055,6324
2876,1370544,5241
2877,1412454,13371
2878,1396485,10302
2879,1392455,9522
2880,1368779,4893
2881,1407033,12333
2882,1360800,3315
2883,1367501,4641
2884,1396299,10266
2885,1368992,4935
2886,1370316,5196
2887,1378351,6774
2888,1351424,1449
2889,1359061,2970
2890,1395585,10128
2891,1408566,12627
2892,1380927,7278
2893,1435482,17736
2894,1355034,2169
2895,1368915,4920
2896,1359076,2973
2897,1412956,13467
2898,1360195,3195
2899,1420373,14880
2900,1363100,3771
2901,1353183,1800
2902,1390058,9057
2903,1413915,13650
2904,1355652,2292
2905,1376437,6399
2906,1355682,2298
2907,1359288,3015
2908,1364268,4002
2909,1364389,4026
2910,1376452,6402
2911,1367896,4719
2912,1373335,5790
2913,1347150,594
2914,1365937,4332
2915,1359212,3000
2916,1450380,20523
2917,1368870,4911
2918,1379914,7080
2919,1435290,17700
2920,1420562,14916
2921,1354522,2067
2922,1359787,3114
2923,1379991,7095
2924,1403971,11745
2925,1361223,3399
2926,1364434,4035
2927,1377355,6579
2928,1376728,6456
2929,1351485,1461
2930,1370712,5274
2931,1377769,6660
2932,1393276,9681
2933,1435593,17757
2934,1365451,4236
2935,1422442,15273
2936,1366392,4422
2937,1362131,3579
2938,1629899,52020
2939,1492772,28299
2940,1424214,15609
2941,1387203,8502
2942,1419568,14727
2943,1352131,1590
2944,1371855,5499
2945,1379500,6999
2946,1377309,6570
2947,1420499,14904
2948,1373411,5805
2949,1378213,6747
2950,1361314,3417
2951,1372358,5598
2952,1380114,7119
2953,1354387,2040
2954,1668779,58383
2955,1387049,8472
2956,1641534,53940
2957,1388977,8847
2958,1351019,1368
2959,1553195,39009
2960,1350854,1335
2961,1368064,4752
2962,1353123,1788
2963,1367866,4713
2964,1361828,3519
2965,1381802,7449
2966,1597384,46581
2967,1349788,1122
2968,1369418,5019
2969,1358095,2778
2970,1383969,7872
2971,1360165,3189
2972,1391264,9291
2973,1417313,14298
2974,1350719,1308
2975,1383093,7701
2976,1412909,13458
2977,1362540,3660
2978,1390213,9087
2979,1350659,1296
2980,1391233,9285
2981,1426479,16038
2982,1552660,38916
2983,1376728,6456
2984,1406235,12180
2985,1359258,3009
2986,1413066,13488
2987,1355245,2211
2988,1380175,7131
2989,1374083,5937
2990,1363131,3777
2991,1365770,4299
2992,1363919,3933
2993,1363570,3864
2994,1359046,2967
2995,1351575,1479
2996,1449720,20400
2997,1364965,4140
2998,1383800,7839
2999,1370087,5151
3000,1376590,6429
3001,1356737,2508
3002,1375672,6249
3003,1372740,5673
3004,1348049,774
3005,1364101,3969
3006,1379469,6993
3007,1373365,5796
3008,1376957,6501
3009,1383677,7815
3010,1383508,7782
3011,1352416,1647
3012,1358065,2772
3013,1378458,6795
3014,1404658,11877
3015,1361269,3408
3016,1382109,7509
3017,1366119,4368
3018,2299426,144909
3019,1406298,12192
3020,1403940,11739
3021,1349578,1080
3022,1422363,15258
3023,1361238,3402
3024,1371382,5406
3025,1415534,13959
3026,1398100,10614
3027,10000,1500000
3028,1383154,7713
3029,1370194,5172
3030,1382862,7656
3031,1356209,2403
3032,1403659,11685
3033,1346522,468
3034,1479114,25818
3035,1352326,1629
3036,1483411,26601
3037,1368413,4821
3038,1364252,3999
3039,1388175,8691
3040,1377983,6702
3041,1361420,3438
3042,1408503,12615
3043,1352762,1716
3044,1358563,2871
3045,1389858,9018
3046,1364025,3954
3047,1359515,3060
3048,1358744,2907
3049,1373289,5781
3050,1358442,2847
3051,1348289,822
3052,1378044,6714
3053,1360648,3285
3054,1364753,4098
3055,1370941,5319
3056,1367623,4665
3057,1365678,4281
3058,1378534,6810
3059,1379807,7059
3060,1375474,6210
3061,1363722,3894
3062,1427701,16269
3063,1355094,2181
3064,1349818,1128
3065,1392037,9441
3066,1386217,8310
3067,1354658,2094
3068,1362010,3555
3069,1361647,3483
3070,1376789,6468
3071,1362222,3597
3072,1355953,2352
3073,1390599,9162
3074,1437413,18099
3075,1394500,9918
3076,1361329,3420
3077,1349443,1053
3078,1621088,50557
3079,1360558,3267
3080,1370118,5157
3081,1644657,54453
3082,1411999,13284
3083,1426654,16071
3084,1398535,10698
3085,1348034,771
3086,1380160,7128
3087,1390476,9138
3088,1360527,3261
3089,1358231,2805
3090,1352551,1674
3091,1544742,37536
3092,1353018,1767
3093,1382585,7602
3094,1386201,8307
3095,1408864,12684
3096,1371565,5442
3097,1454012,21198
3098,1381326,7356
3099,1450638,20571
3100,1357235,2607
3101,1363161,3783
3102,1395818,10173
3103,1361163,3387
3104,1377432,6594
3105,1358442,2847
3106,1387280,8517
3107,1384384,7953
3108,1364525,4053
3109,1362585,3669
3110,1366848,4512
3111,1397075,10416
3112,1363025,3756
3113,1374266,5973
3114,1357612,2682
3115,1380528,7200
3116,1405423,12024
3117,1390367,9117
3118,1360724,3300
3119,1372602,5646
3120,1361980,3549
3121,1368672,4872
3122,1358518,2862
3123,1354462,2055
3124,1359530,3063
3125,1354808,2124
3126,1382232,7533
3127,1365800,4305
3128,1393105,9648
3129,1361496,3453
3130,1364586,4065
3131,1365876,4320
3132,1355848,2331
3133,1381387,7368
3134,1364601,4068
3135,1355998,2361
3136,1424736,15708
3137,1399608,10905
3138,1366195,4383
3139,1441381,18843
3140,1351950,1554
3141,1375458,6207
3142,1350448,1254
3143,1623318,50928
3144,1354597,2082
3145,1356903,2541
3146,1352476,1659
3147,1365390,4224
3148,1368048,4749
3149,1365102,4167
3150,1363767,3903
3151,1354643,2091
3152,1357823,2724
3153,1391403,9318
3154,1513034,31938
3155,1433027,17274
3156,1353785,1920
3157,1394205,9861
3158,1400044,10989
3159,1362888,3729
3160,1396811,10365
3161,1391079,9255
3162,1349833,1131
3163,1362737,3699
3164,1356978,2556
3165,1372587,5643
3166,1358170,2793
3167,1402084,11382
3168,1352627,1689
3169,1393539,9732
3170,1399531,10890
3171,1359439,3045
3172,1403752,11703
3173,1368794,4896
3174,1368885,4914
3175,1389116,8874
3176,1386463,8358
3177,1361617,3477
3178,1355622,2286
3179,1388916,8835
3180,1353604,1884
3181,1375367,6189
3182,1354778,2118
3183,1393973,9816
3184,1363297,3810
3185,1398675,10725
3186,1378381,6780
3187,1362419,3636
3188,1354869,2136
3189,1464473,23133
3190,1420294,14865
3191,1359515,3060
3192,1389997,9045
3193,1382801,7644
3194,1360119,3180
3195,1368216,4782
3196,1371687,5466
3197,1355531,2268
3198,1357190,2598
3199,1376116,6336
3200,1362252,3603
3201,1419946,14799
3202,1351094,1383
3203,1369890,5112
3204,1372099,5547
3205,1370727,5277
3206,1349218,1008
3207,1376973,6504
3208,1380620,7218
3209,1381725,7434
3210,1374083,5937
3211,1445568,19626
3212,1348049,774
3213,1369813,5097
3214,1390398,9123
3215,1368809,4899
3216,1366286,4401
3217,1363176,3786
3218,1386155,8298
3219,1396873,10377
3220,1360044,3165
3221,1363070,3765
3222,1401118,11196
3223,1363707,3891
3224,1375214,6159
3225,1348124,789
3226,1385862,8241
3227,1360527,3261
3228,1441573,18879
3229,1379178,6936
3230,1361647,3483
3231,1372908,5706
3232,1351379,1440
3233,1364389,4026
3234,1424531,15669
3235,1448415,20157
3236,1354838,2130
3237,1375382,6192
3238,1422806,15342
3239,1373396,5802
3240,1365709,4287
3241,1380405,7176
3242,1357446,2649
3243,1380221,7140
3244,1667296,58143
3245,1372008,5529
3246,1360316,3219
3247,1365420,4230
3248,1362525,3657
3249,1382109,7509
3250,1404486,11844
3251,1376085,6330
3252,1585779,44613
3253,1355155,2193
3254,1359515,3060
3255,1379239,6948
3256,1357084,2577
3257,1409192,12747
3258,1385724,8214
3259,1562093,40551
3260,1454292,21250
3261,1351169,1398
3262,1390738,9189
3263,1361768,3507
3264,1378320,6768
3265,1376253,6363
3266,1424657,15693
3267,3782756,279271
3268,1400262,11031
3269,1364768,4101
3270,1367547,4650
3271,1400355,11049
3272,1373320,5787
3273,1356179,2397
3274,1351019,1368
3275,1395182,10050
3276,1395880,10185
3277,1365071,4161
3278,1376712,6453
3279,1365997,4344
3280,1425703,15891
3281,1361647,3483
3282,1361753,3504
3283,1371352,5400
3284,1407674,12456
3285,1401726,11313
3286,1426147,15975
3287,1353815,1926
3288,1374327,5985
3289,1367167,4575
3290,1430306,16761
3291,1359771,3111
3292,1361163,3387
3293,1413679,13605
3294,2147803,126497
3295,1448769,20223
3296,1370407,5214
3297,1365633,4272
3298,1369144,4965
3299,1357778,2715
3300,1373808,5883
3301,1375153,6147
3302,1356933,2547
3303,1378826,6867
3304,1648610,55101
3305,1424103,15588
3306,1384138,7905
3307,1375458,6207
3308,1356029,2367
3309,1361950,3543
3310,1368383,4815
3311,1363722,3894
3312,1372099,5547
3313,1403082,11574
3314,1365223,4191
3315,1386278,8322
3316,1395833,10176
3317,1357521,2664
3318,1362843,3720
3319,1375779,6270
3320,1359530,3063
3321,1438804,18360
3322,1360467,3249
3323,1354010,1965
3324,1463009,22863
3325,1358382,2835
3326,1371565,5442
3327,1475616,25179
3328,1377860,6678
3329,1366483,4440
3330,1352356,1635
3331,1366893,4521
3332,1357190,2598
3333,1358050,2769
3334,1376330,6378
3335,1349848,1134
3336,1387882,8634
3337,1373091,5742
3338,1404111,11772
3339,1399655,10914
3340,1359560,3069
3341,1463269,22911
3342,1387959,8649
3343,1382739,7632
3344,1368201,4779
3345,1391898,9414
3346,1396532,10311
3347,1420073,14823
3348,1374068,5934
3349,1367395,4620
3350,1385955,8259
3351,1367015,4545
3352,1368201,4779
3353,1408425,12600
3354,1369874,5109
3355,1386217,8310
3356,1422363,15258
3357,1392951,9618
3358,1393121,9651
3359,1380666,7227
3360,1435003,17646
3361,1389626,8973
3362,1375229,6162
3363,1358669,2892
3364,1353394,1842
3365,1368109,4761
3366,1450929,20625
3367,1593306,45891
3368,1361813,3516
3369,1348019,768
3370,1384123,7902
3371,1355094,2181
3372,1393802,9783
3373,1392455,9522
3374,1351019,1368
3375,1451558,20742
3376,1356451,2451
3377,1363358,3822
3378,1374251,5970
3379,1386432,8352
3380,1357159,2592
3381,1367334,4608
3382,1357024,2565
3383,1365178,4182
3384,1446083,19722
3385,1383615,7803
3386,1374832,6084
3387,1363646,3879
3388,1359469,3051
3389,1370956,5322
3390,1371382,5406
3391,1367638,4668
3392,1378718,6846
3393,1372297,5586
3394,1450413,20529
3395,1390754,9192
3396,1356526,2466
3397,1400775,11130
3398,1392533,9537
3399,1358895,2937
3400,1486761,27210
3401,1429463,16602
3402,1364146,3978
3403,1362843,3720
3404,1379347,6969
3405,1371626,5454
3406,1376024,6318
3407,1386124,8292
3408,1369128,4962
3409,1375321,6180
3410,1368231,4785
3411,1354688,2100
3412,1361163,3387
3413,1361178,3390
3414,1379500,6999
3415,1366893,4521
3416,1388962,8844
3417,1369357,5007
3418,1360875,3330
3419,1392130,9459
3420,1362116,3576
3421,1387234,8508
3422,1375107,6138
3423,1357356,2631
3424,1354944,2151
3425,1357265,2613
3426,1400807,11136
3427,1365329,4212
3428,1381249,7341
3429,1376850,6480
3430,1368353,4809
3431,1362555,3663
3432,1385832,8235
3433,1421905,15171
3434,1374434,6006
3435,1360028,3162
3436,1558330,39900
3437,1367440,4629
3438,1409474,12801
3439,1372419,5610
3440,1423581,15489
3441,1472291,24570
3442,1409976,12897
3443,1349563,1077
3444,1354763,2115
3445,1455936,21555
3446,1360240,3204
3447,1355170,2196
3448,1387157,8493
3449,1354101,1983
3450,1387419,8544
3451,1374694,6057
3452,1354462,2055
3453,1371200,5370
3454,1362888,3729
3455,1379316,6963
3456,1365557,4257
3457,1370316,5196
3458,1384015,7881
3459,1357627,2685
3460,1376253,6363
3461,1367334,4608
3462,1415204,13896
3463,1355064,2175
3464,1355667,2295
3465,1351860,1536
3466,1367684,4677
3467,1378060,6717
3468,1374144,5949
3469,1369220,4980
3470,1368383,4815
3471,1410477,12993
3472,1400402,11058
3473,1375963,6306
3474,1362661,3684
3475,1361011,3357
3476,1396454,10296
3477,1353514,1866
3478,1359394,3036
3479,1375902,6294
3480,1357823,2724
3481,1359968,3150
3482,1384862,8046
3483,1395383,10089
3484,1351890,1542
3485,1380911,7275
3486,1377753,6657
3487,1370301,5193
3488,1365785,4302
3489,1420467,14898
3490,1358352,2829
3491,1386140,8295
3492,1364404,4029
3493,1424927,15744
3494,1354899,2142
3495,1374495,6018
3496,1389780,9003
3497,1419363,14688
3498,1415566,13965
3499,1372816,5688
3500,1352461,1656
3501,1352476,1659
3502,1351049,1374
3503,1372541,5634
3504,1414040,13674
3505,1438740,18348
3506,1382539,7593
3507,1414433,13749
3508,2924977,209858
3509,1372770,5679
3510,1454804,21345
3511,1392084,9450
3512,1348858,936
3513,1351199,1404
3514,1364874,4122
3515,1375840,6282
3516,1393260,9678
3517,1348708,906
3518,1387265,8514
3519,1372618,5649
3520,1392811,9591
3521,1431101,16911
3522,1383508,7782
3523,1361390,3432
3524,1367668,4674
3525,1389873,9021
3526,1350388,1242
3527,1360134,3183
3528,1401056,11184
3529,1408003,12519
3530,1379086,6918
3531,1364434,4035
3532,1357099,2580
3533,1387265,8514
3534,1363237,3798
3535,1369022,4941
3536,1362813,3714
3537,1362661,3684
3538,1348828,930
3539,1529451,34851
3540,1394345,9888
3541,1364434,4035
3542,1365162,4179
3543,1354914,2145
3544,1360966,3348
3545,1367152,4572
3546,1367547,4650
3547,1369235,4983
3548,1387650,8589
3549,2261466,140416
3550,1350388,1242
3551,1531135,35148
3552,1370240,5181
3553,1448962,20259
3554,1368885,4914
3555,1432692,17211
3556,1354432,2049
3557,1376728,6456
3558,1423581,15489
3559,1373396,5802
3560,1356526,2466
3561,1377462,6600
3562,1408738,12660
3563,1373961,5913
3564,1421636,15120
3565,1374602,6039
3566,1360089,3174
3567,1368003,4740
3568,1370925,5316
3569,1370194,5172
3570,1359122,2982
3571,1392889,9606
3572,1368033,4746
3573,1363313,3813
3574,1369524,5040
3575,1377830,6672
3576,1359862,3129
3577,1360996,3354
3578,1388190,8694
3579,1388838,8820
3580,1359847,3126
3581,1363222,3795
3582,1356194,2400
3583,1403565,11667
3584,1397603,10518
3585,1357793,2718
3586,1436407,17910
3587,1359847,3126
3588,1379086,6918
3589,1362646,3681
3590,1383062,7695
3591,1358170,2793
3592,1356948,2550
3593,1384092,7896
3594,1391079,9255
3595,1359318,3021
3596,1423597,15492
3597,1398116,10617
3598,1361632,3480
3599,1416825,14205
3600,1398302,10653
3601,1365800,4305
3602,1449832,20421
3603,1454675,21321
3604,1375718,6258
3605,1351950,1554
3606,1371093,5349
3607,1372038,5535
3608,1369357,5007
3609,1360527,3261
3610,1358412,2841
3611,1379899,7077
3612,1355185,2199
3613,1376024,6318
3614,1387265,8514
3615,1356722,2505
3616,1369448,5025
3617,1353830,1929
3618,1353514,1866
3619,1371413,5412
3620,1374923,6102
3621,1360633,3282
3622,1366422,4428
3623,1360921,3339
3624,1367805,4701
3625,1362858,3723
3626,1375917,6297
3627,1377631,6633
3628,1641826,53988
3629,1369007,4938
3630,1382309,7548
3631,1441445,18855
3632,1412093,13302
3633,1362373,3627
3634,1359092,2976
3635,1374618,6042
3636,1361390,3432
3637,1371581,5445
3638,1368672,4872
3639,1359560,3069
3640,1367076,4557
3641,1380144,7125
3642,1385416,8154
3643,1375336,6183
3644,1353499,1863
3645,1354492,2061
3646,1476945,25422
3647,1506456,30762
3648,1363752,3900
3649,1385123,8097
3650,1361329,3420
3651,1371901,5508
3652,1360391,3234
3653,1431323,16953
3654,1387851,8628
3655,1353980,1959
3656,1354688,2100
3657,1367425,4626
3658,1352657,1695
3659,1373793,5880
3660,1408456,12606
3661,1378213,6747
3662,1353333,1830
3663,1346656,495
3664,1397153,10431
3665,1358125,2784
3666,1387219,8505
3667,1356240,2409
3668,1406751,12279
3669,1372374,5601
3670,1398022,10599
3671,1361692,3492
3672,1381648,7419
3673,1380543,7203
3674,1380359,7167
3675,1374694,6057
3676,1347150,594
3677,1495828,28851
3678,1357733,2706
3679,1358352,2829
3680,1353394,1842
3681,1356797,2520
3682,1354793,2121
3683,1359228,3003
3684,1356104,2382
3685,1354567,2076
3686,1377493,6606
3687,1484681,26832
3688,1354522,2067
3689,1379837,7065
3690,1365299,4206
3691,1347135,591
3692,1369479,5031
3693,1358971,2952
3694,1360648,3285
3695,1390723,9186
3696,1352131,1590
3697,1370986,5328
3698,1363995,3948
3699,1391403,9318
3700,1359635,3084
3701,1373167,5757
3702,1366817,4506
3703,1358623,2883
3704,1445359,19587
3705,1526513,34332
3706,1348004,765
3707,1375642,6243
3708,1360905,3336
3709,1369753,5085
3710,1350463,1257
3711,1377294,6567
3712,1387481,8556
3713,1351905,1545
3714,1358789,2916
3715,1438148,18237
3716,1373885,5898
3717,1365952,4335
3718,1419978,14805
3719,1392703,9570
3720,1364874,4122
3721,1350824,1329
3722,1385508,8172
3723,1469348,24030
3724,1370301,5193
3725,1497608,29172
3726,1393322,9690
3727,1378826,6867
3728,1367288,4599
3729,1390429,9129
3730,1359590,3075
3731,1389780,9003
3732,1423043,15387
3733,1370103,5154
3734,1426479,16038
3735,1416069,14061
3736,1375305,6177
3737,1596390,46413
3738,1364480,4044
3739,1358578,2874
3740,1351770,1518
3741,1358729,2904
3742,1418716,14565
3743,1373014,5727
3744,1369555,5046
3745,1363737,3897
3746,1375672,6249
3747,1377233,6555
3748,1417565,14346
3749,1384754,8025
3750,1348244,813
3751,1456503,21660
3752,1394918,9999
3753,1361496,3453
3754,1379837,7065
3755,1385400,8151
3756,1358246,2808
3757,1357597,2679
3758,1366286,4401
3759,1350764,1317
3760,1373686,5859
3761,1366210,4386
3762,1451412,20715
3763,1417849,14400
3764,1355064,2175
3765,1360089,3174
3766,1541586,36984
3767,1372343,5595
3768,1385909,8250
3769,1450945,20628
3770,1356782,2517
3771,1377906,6687
3772,1371322,5394
3773,1438548,18312
3774,1363191,3789
3775,1402770,11514
3776,1383708,7821
3777,1423486,15471
3778,1354251,2013
3779,1402006,11367
3780,1374450,6009
3781,1453883,21174
3782,1374114,5943
3783,1372023,5532
3784,1358186,2796
3785,1393911,9804
3786,1378657,6834
3787,1367577,4656
3788,1365603,4266
3789,1384708,8016
3790,1356586,2478
3791,1381848,7458
3792,1376544,6420
3793,1575800,42909
3794,1370529,5238
3795,1365572,4260
3796,1366681,4479
3797,1359152,2988
3798,1348079,780
3799,1363282,3807
3800,1357401,2640
3801,1379056,6912
3802,1352657,1695
3803,1352296,1623
3804,1396082,10224
3805,1374587,6036
3806,1359802,3117
3807,1405454,12030
3808,1357869,2733
3809,1382140,7515
3810,1410948,13083
3811,1354417,2046
3812,1379531,7005
3813,1427082,16152
3814,1351890,1542
3815,1350013,1167
3816,1376513,6414
3817,1364389,4026
3818,1358261,2811
3819,1677090,59724
3820,1411873,13260
3821,1362373,3627
3822,1366802,4503
3823,1347704,705
3824,1355697,2301
3825,1376483,6408
3826,1365102,4167
3827,1352747,1713
3828,1381126,7317
3829,1390522,9147
3830,1399717,10926
3831,1392208,9474
3832,1361541,3462
3833,1353830,1929
3834,1451945,20814
3835,1387943,8646
3836,1426511,16044
3837,1367836,4707
3838,1384615,7998
3839,1364070,3963
3840,1376666,6444
3841,1374373,5994
3842,1374526,6024
3843,1387928,8643
3844,1755205,72012
3845,1417408,14316
3846,1377983,6702
3847,1423613,15495
3848,1375611,6237
3849,1410352,12969
3850,1359938,3144
3851,1366635,4470
3852,1371779,5484
3853,1383093,7701
3854,1363616,3873
3855,1360195,3195
3856,1412030,13290
3857,1352927,1749
3858,1348828,930
3859,1404096,11769
3860,1366331,4410
3861,1372206,5568
3862,1394035,9828
3863,1365223,4191
3864,1361813,3516
3865,1358110,2781
3866,1360255,3207
3867,1427146,16164
3868,1361904,3534
3869,1402583,11478
3870,1356405,2442
3871,1406329,12198
3872,1384108,7899
3873,1416809,14202
3874,1372282,5583
3875,1376284,6369
3876,1508668,31158
3877,1411889,13263
3878,1375321,6180
3879,1355592,2280
3880,1383292,7740
3881,1379684,7035
3882,1355456,2253
3883,1365390,4224
3884,1384923,8058
3885,1361526,3459
3886,1355968,2355
3887,1358186,2796
3888,1419757,14763
3889,1358276,2814
3890,1388530,8760
3891,1381771,7443
3892,1359908,3138
3893,1372587,5643
3894,1436711,17967
3895,1369418,5019
3896,1357220,2604
3897,1364070,3963
3898,1365299,4206
3899,1371596,5448
3900,1382140,7515
3901,1354688,2100
3902,1487935,27423
3903,1367988,4737
3904,1352987,1761
3905,1428701,16458
3906,1396501,10305
3907,1375351,6186
3908,1390661,9174
3909,1591695,45618
3910,1353995,1962
3911,1370895,5310
3912,1398411,10674
3913,1353800,1923
3914,1423628,15498
3915,1358367,2832
3916,1377784,6663
3917,1367988,4737
3918,1404189,11787
3919,1405220,11985
3920,1382585,7602
3921,1394670,9951
3922,1356692,2499
3923,1360361,3228
3924,1370514,5235
3925,1396997,10401
3926,1388005,8658
3927,1355561,2274
3928,1355592,2280
3929,1429130,16539
3930,1394562,9930
3931,1358367,2832
3932,1369220,4980
3933,1486448,27153
3934,1356481,2457
3935,1358382,2835
3936,1358623,2883
3937,1361768,3507
3938,1386787,8421
3939,1374618,6042
3940,1438612,18324
3941,1375153,6147
3942,1576974,43110
3943,1410712,13038
3944,1356963,2553
3945,1348978,960
3946,1353845,1932
3947,1360754,3306
3948,1350989,1362
3949,1369296,4995
3950,1363828,3915
3951,1354447,2052
3952,1404658,11877
3953,1432167,17112
3954,1352161,1596
3955,1361238,3402
3956,1383431,7767
3957,1353950,1953
3958,1363313,3813
3959,1356074,2376
3960,1404470,11841
3961,1355863,2334
3962,1456470,21654
3963,1396066,10221
3964,1400511,11079
3965,1368992,4935
3966,1687036,61320
3967,1377156,6540
3968,1374755,6069
3969,1372236,5574
3970,1363040,3759
3971,1381203,7332
3972,1422458,15276
3973,1404704,11886
3974,1358638,2886
3975,1386849,8433
3976,1381556,7401
3977,1358548,2868
3978,1375672,6249
3979,1357582,2676
3980,1358352,2829
3981,1361450,3444
3982,1390800,9201
3983,1373549,5832
3984,1403113,11580
3985,1369524,5040
3986,1363979,3945
3987,1354552,2073
3988,1371261,5382
3989,1669614,58518
3990,1372252,5577
3991,1368626,4863
3992,1356586,2478
3993,1376973,6504
3994,1370636,5259
3995,1358140,2787
3996,1362585,3669
3997,1364753,4098
3998,1359484,3054
3999,1376927,6495
4000,1372663,5658
4001,1393926,9807
4002,1422585,15300
4003,1385293,8130
4004,1360119,3180
4005,1369159,4968
4006,1413349,13542
4007,1362177,3588
4008,1368839,4905
4009,1374725,6063
4010,1378964,6894
4011,1365861,4317
4012,1359076,2973
4013,1363889,3927
4014,1394934,10002
4015,1386155,8298
4016,1376162,6345
4017,1370560,5244
4018,1356104,2382
4019,1349518,1068
4020,1367243,4590
4021,1368261,4791
4022,1394267,9873
4023,1356089,2379
4024,1372724,5670
4025,1364798,4107
4026,1351184,1401
4027,1360406,3237
4028,1378918,6885
4029,1353243,1812
4030,1421115,15021
4031,1374098,5940
4032,1372892,5703
4033,1380313,7158
4034,1383431,7767
4035,1389750,8997
4036,1434477,17547
4037,1393818,9786
4038,1414685,13797
4039,1349473,1059
4040,1356601,2481
4041,1349728,1110
4042,1371306,5391
4043,1359590,3075
4044,1371459,5421
4045,1473862,24858
4046,1409866,12876
4047,1351545,1473
4048,1364677,4083
4049,1367972,4734
4050,1373167,5757
4051,1412328,13347
4052,1427479,16227
4053,1388746,8802
4054,1346462,456
4055,1353574,1878
4056,1365845,4314
4057,1433409,17346
4058,1411497,13188
4059,1406204,12174
4060,1402598,11481
4061,1455208,21420
4062,1397789,10554
4063,1370392,5211
4064,1395492,10110
4065,1362585,3669
4066,1352296,1623
4067,1357190,2598
4068,1360074,3171
4069,1360663,3288
4070,1364571,4062
4071,1361828,3519
4072,1616512,49794
4073,1357793,2718
4074,1379163,6933
4075,1355305,2223
4076,1392595,9549
4077,1363934,3936
4078,1361374,3429
4079,1359635,3084
4080,1369326,5001
4081,1371672,5463
4082,1365299,4206
4083,1360648,3285
4084,1375137,6144
4085,1358789,2916
4086,1416038,14055
4087,1379362,6972
4088,1425497,15852
4089,1354221,2007
4090,1380052,7107
4091,1346522,468
4092,1369068,4950
4093,1362161,3585
4094,1373075,5739
4095,1409897,12882
4096,1352702,1704
4097,1438596,18321
4098,1390785,9198
4099,1422980,15375
4100,1373320,5787
4101,1373350,5793
4102,1387450,8550
4103,1371718,5472
4104,1398955,10779
4105,1392873,9603
4106,1416809,14202
4107,1376728,6456
4108,1388468,8748
4109,1357099,2580
4110,1369646,5064
4111,1349638,1092
4112,1364283,4005
4113,1400869,11148
4114,1352912,1746
4115,1351740,1512
4116,1359273,3012
4117,1388885,8829
4118,1355456,2253
4119,1347884,741
4120,1368124,4764
4121,1396578,10320
4122,1363176,3786
4123,1386802,8424
4124,1393740,9771
4125,1350779,1320
4126,1360754,3306
4127,1461904,22659
4128,1361208,3396
4129,1414842,13827
4130,1416841,14208
4131,1385385,8148
4132,1357250,2610
4133,1397463,10491
4134,1385631,8196
4135,1370392,5211
4136,1361072,3369
4137,1359681,3093
4138,1348079,780
4139,1796275,78255
4140,1396780,10359
4141,1367167,4575
4142,1397417,10482
4143,1363282,3807
4144,1351635,1491
4145,1381940,7476
4146,1355742,2310
4147,1391434,9324
4148,1431467,16980
4149,1362873,3726
4150,1349203,1005
4151,1649123,55185
4152,1400168,11013
4153,1377830,6672
4154,1381986,7485
4155,1370941,5319
4156,1367410,4623
4157,1362782,3708
4158,1366422,4428
4159,1364510,4050
4160,1360074,3171
4161,1457880,21915
4162,1381664,7422
4163,1352146,1593
4164,1369555,5046
4165,1370544,5241
4166,1359983,3153
4167,1391109,9261
4168,1357416,2643
4169,1355350,2232
4170,1391651,9366
4171,1361813,3516
4172,1555769,39456
4173,1354402,2043
4174,1358623,2883
4175,1381848,7458
4176,1374312,5982
4177,1360588,3273
4178,1356797,2520
4179,1363100,3771
4180,1431673,17019
4181,1374220,5964
4182,1406204,12174
4183,1383262,7734
4184,1354658,2094
4185,1357793,2718
4186,1347779,720
4187,1367501,4641
4188,1357144,2589
4189,1407517,12426
4190,1373381,5799
4191,1406360,12204
4192,1405766,12090
4193,1375596,6234
4194,1396252,10257
4195,1375321,6180
4196,1348888,942
4197,1358065,2772
4198,1352266,1617
4199,1405891,12114
4200,1350433,1251
4201,1362752,3702
4202,1350764,1317
4203,1392564,9543
4204,1662799,57414
4205,1391836,9402
4206,1426147,15975
4207,1393833,9789
4208,1415519,13956
4209,1378611,6825
4210,1682149,60537
4211,1390337,9111
4212,1372892,5703
4213,1387913,8640
4214,1368459,4830
4215,1354658,2094
4216,1393121,9651
4217,1350358,1236
4218,1385200,8112
4219,1451929,20811
4220,1382524,7590
4221,1417707,14373
4222,1361783,3510
4223,1372984,5721
4224,1363025,3756
4225,1366438,4431
4226,1353965,1956
4227,1397696,10536
4228,1440676,18711
4229,1384492,7974
4230,1383585,7797
4231,1464945,23220
4232,1403940,11739
4233,1354041,1971
4234,1360921,3339
4235,1440084,18600
4236,1363494,3849
4237,1361132,3381
4238,1457151,21780
4239,1357054,2571
4240,1348319,828
4241,1349188,1002
4242,1393384,9702
4243,1383169,7716
4244,1369068,4950
4245,1445970,19701
4246,1372923,5709
4247,1403986,11748
4248,1372877,5700
4249,1355004,2163
4250,1349398,1044
4251,1380037,7104
4252,1391187,9276
4253,1352070,1578
4254,1352837,1731
4255,1380896,7272
4256,1372267,5580
4257,1401087,11190
4258,1350343,1233
4259,1367425,4626
4260,1375275,6171
4261,1363707,3891
4262,1368413,4821
4263,1444781,19479
4264,1355878,2337
4265,1481055,26172
4266,1365496,4245
4267,1368246,4788
4268,1409302,12768
4269,1377830,6672
4270,1365269,4200
4271,1412595,13398
4272,1399328,10851
4273,1390337,9111
4274,1376039,6321
4275,1375535,6222
4276,1372908,5706
4277,1360694,3294
4278,1461465,22578
4279,1351905,1545
4280,1377279,6564
4281,1481318,26220
4282,1390831,9207
4283,1368489,4836
4284,1398706,10731
4285,1357521,2664
4286,1396299,10266
4287,1392161,9465
4288,1359545,3066
4289,1362404,3633
4290,1358457,2850
4291,1370712,5274
4292,1393245,9675
4293,1385477,8166
4294,1369555,5046
4295,1356556,2472
4296,1367790,4698
4297,1355998,2361
4298,1361526,3459
4299,1361526,3459
4300,1348094,783
4301,1395601,10131
4302,1367957,4731
4303,1380160,7128
4304,1481088,26178
4305,1362192,3591
4306,1405516,12042
4307,1507779,30999
4308,1363752,3900
4309,1456972,21747
4310,1398753,10740
4311,1360482,3252
4312,1371809,5490
4313,1354597,2082
4314,1378688,6840
4315,1377524,6612
4316,1388051,8667
4317,1370697,5271
4318,1348154,795
4319,1364798,4107
4320,1366286,4401
4321,1392780,9585
4322,1359908,3138
4323,1356933,2547
4324,1352386,1641
4325,1362495,3651
4326,1365785,4302
4327,1365542,4254
4328,1411559,13200
4329,1358216,2802
4330,1350899,1344
4331,1711646,65229
4332,1384569,7989
4333,1371382,5406
4334,1351184,1401
4335,1424499,15663
4336,1376299,6372
4337,1378381,6780
4338,1440852,18744
4339,1359439,3045
4340,1356225,2406
4341,1376192,6351
4342,1360739,3303
4343,1368779,4893
4344,1414889,13836
4345,1351454,1455
4346,1381188,7329
4347,1395756,10161
4348,1358442,2847
4349,1361193,3393
4350,1366043,4353
4351,1351409,1446
4352,1359258,3009
4353,1437861,18183
4354,1381756,7440
4355,1383877,7854
4356,1359363,3030
4357,1383615,7803
4358,1358125,2784
4359,1359696,3096
4360,1359515,3060
4361,1373060,5736
4362,1345056,174
4363,1366255,4395
4364,1398458,10683
4365,1398535,10698
4366,1364086,3966
4367,1373549,5832
4368,1373106,5745
4369,1357597,2679
4370,1386171,8301
4371,1364525,4053
4372,1398489,10689
4373,1398940,10776
4374,1435226,17688
4375,1413066,13488
4376,1355185,2199
4377,1370194,5172
4378,1358638,2886
4379,1369342,5004
4380,1370575,5247
4381,1382094,7506
4382,1401196,11211
4383,1361859,3525
4384,1355245,2211
4385,1355878,2337
4386,1381080,7308
4387,1352131,1590
4388,1374541,6027
4389,1381495,7389
4390,1356375,2436
4391,1360013,3159
4392,1350599,1284
4393,1352672,1698
4394,1418054,14439
4395,1372069,5541
4396,1359076,2973
4397,1396392,10284
4398,1375948,6303
4399,1381863,7461
4400,1375948,6303
4401,1363116,3774
4402,1393369,9699
4403,1358201,2799
4404,1375412,6198
4405,1355802,2322
4406,1355546,2271
4407,1381034,7299
4408,1470770,24291
4409,1366574,4458
4410,1357099,2580
4411,1404283,11805
4412,1376192,6351
4413,1362434,3639
4414,1352822,1728
4415,1357416,2643
4416,1353830,1929
4417,1349608,1086
4418,1393431,9711
4419,1398520,10695
4420,1371322,5394
4421,1368444,4827
4422,1365238,4194
4423,1357325,2625
4424,1394841,9984
4425,1396469,10299
4426,1370148,5163
4427,1357174,2595
4428,1416101,14067
4429,1359228,3003
4430,1350298,1224
4431,1373885,5898
4432,1371032,5337
4433,1398287,10650
4434,1368277,4794
4435,1447691,20022
4436,1355019,2166
4437,1399282,10842
4438,1390383,9120
4439,1376911,6492
4440,1401196,11211
4441,1384477,7971
4442,1358865,2931
4443,1362631,3678
4444,1363434,3837
4445,1378657,6834
4446,1377585,6624
4447,1367881,4716
4448,1348139,792
4449,1458187,21972
4450,1379439,6987
4451,1407033,12333
4452,1356511,2463
4453,1378289,6762
4454,1369311,4998
4455,1355320,2226
4456,1364070,3963
4457,1357733,2706
4458,1365284,4203
4459,1361934,3540
4460,1363176,3786
4461,1351920,1548
4462,1382601,7605
4463,1355757,2313
4464,1380850,7263
4465,1381234,7338
4466,1387404,8541
4467,1362071,3567
4468,1358216,2802
4469,1366681,4479
4470,1421842,15159
4471,1369737,5082
4472,1364965,4140
4473,1359167,2991
4474,1363055,3762
4475,1352206,1605
4476,1376055,6324
4477,1367699,4680
4478,1449526,20364
4479,1358805,2919
4480,1351710,1506
4481,1397479,10494
4482,1359439,3045
4483,1400277,11034
4484,1414606,13782
4485,1357476,2655
4486,1379730,7044
4487,1356089,2379
4488,1364829,4113
4489,1354974,2157
4490,1373136,5751
4491,1403253,11607
4492,1353288,1821
4493,1361798,3513
4494,1350914,1347
4495,1359666,3090
4496,1357718,2703
4497,1373243,5772
4498,1377355,6579
4499,1414009,13668
4500,1358638,2886
4501,1353348,1833
4502,1354582,2079
4503,1393694,9762
4504,1401102,11193
4505,1353108,1785
4506,1369813,5097
4507,1366058,4356
4508,1380114,7119
4509,1359666,3090
4510,1385077,8088
4511,1358503,2859
4512,1354387,2040
4513,1400137,11007
4514,1408519,12618
4515,1405064,11955
4516,1351830,1530
4517,1358035,2766
4518,1379822,7062
4519,1414418,13746
4520,1351725,1509
4521,1709878,64950
4522,1378335,6771
4523,1358623,2883
4524,1395678,10146
4525,1370910,5313
4526,1359817,3120
4527,1367623,4665
4528,1356526,2466
4529,1351845,1533
4530,1394965,10008
4531,1439444,18480
4532,1371306,5391
4533,1421936,15177
4534,1362464,3645
4535,1359318,3021
4536,1381249,7341
4537,1375076,6132
4538,1459760,22263
4539,1367988,4737
4540,1360769,3309
4541,1377570,6621
4542,1359892,3135
4543,1397619,10521
4544,1381679,7425
4545,1428669,16452
4546,1360255,3207
4547,1371520,5433
4548,1390089,9063
4549,1378534,6810
4550,1362283,3609
4551,1395182,10050
4552,1349608,1086
4553,1367334,4608
4554,1346043,372
4555,1363237,3798
4556,1467504,23691
4557,1350764,1317
4558,1357582,2676
4559,1360769,3309
4560,1370377,5208
4561,1374709,6060
4562,1364662,4080
4563,1398535,10698
4564,1351860,1536
4565,1422332,15252
4566,1367030,4548
4567,1362707,3693
4568,1358246,2808
4569,1372221,5571
4570,1375198,6156
4571,1381142,7320
4572,1406798,12288
4573,1395011,10017
4574,1360497,3255
4575,1355471,2256
4576,1378458,6795
4577,1394298,9879
4578,1407877,12495
4579,1367988,4737
4580,1360104,3177
4581,1359031,2964
4582,1379193,6939
4583,1379193,6939
4584,1359877,3132
4585,1370133,5160
4586,1364131,3975
4587,1374923,6102
4588,1365451,4236
4589,1373854,5892
4590,1370697,5271
4591,1359363,3030
4592,1523175,33741
4593,1359016,2961
4594,1364146,3978
4595,1419426,14700
4596,1350689,1302
4597,1582839,44112
4598,1415283,13911
4599,1401539,11277
4600,1368687,4875
4601,1365800,4305
4602,1356074,2376
4603,1360694,3294
4604,1384923,8058
4605,1365117,4170
4606,1369950,5124
4607,1354793,2121
4608,1368915,4920
4609,1431037,16899
4610,1372221,5571
4611,1510732,31527
4612,1358623,2883
4613,1372160,5559
4614,1353800,1923
4615,1434206,17496
4616,1364905,4128
4617,1374648,6048
4618,1359363,3030
4619,1375275,6171
4620,1368566,4851
4621,1357582,2676
4622,1377723,6651
4623,1390893,9219
4624,1379868,7071
4625,1372450,5616
4626,1395275,10068
4627,1416085,14064
4628,1358820,2922
4629,1411403,13170
4630,1382924,7668
4631,1361087,3372
4632,1389132,8877
4633,1359484,3054
4634,1356571,2475
4635,1364935,4134
4636,1361586,3471
4637,1379822,7062
4638,1354176,1998
4639,1408707,12654
4640,1400122,11004
4641,1520181,33210
4642,1354176,1998
4643,1424816,15723
4644,1383538,7788
4645,1357853,2730
4646,1410211,12942
4647,1384600,7995
4648,1383631,7806
4649,1348963,957
4650,1375581,6231
4651,1359016,2961
4652,1350914,1347
4653,1352491,1662
4654,1354853,2133
4655,1360437,3243
4656,1412548,13389
4657,1355034,2169
4658,1367091,4560
4659,1355094,2181
4660,1349638,1092
4661,1399095,10806
4662,1359031,2964
4663,1384523,7980
4664,1365466,4239
4665,1354929,2148
4666,1500324,29661
4667,2236619,137434
4668,1356089,2379
4669,1377830,6672
4670,1354597,2082
4671,1348903,945
4672,1379025,6906
4673,1373549,5832
4674,1367988,4737
4675,1382539,7593
4676,1392796,9588
4677,1360240,3204
4678,1364905,4128
4679,1367152,4572
4680,1372069,5541
4681,1674725,59343
4682,1508936,31206
4683,1359635,3084
4684,1354251,2013
4685,1359092,2976
4686,1350448,1254
4687,1395833,10176
4688,1420436,14892
4689,1413616,13593
4690,1357431,2646
4691,1379454,6990
4692,1385323,8136
4693,1351680,1500
4694,1351515,1467
4695,1362343,3621
4696,1357703,2700
4697,1363116,3774
4698,1352957,1755
4699,1419994,14808
4700,1365648,4275
4701,1355908,2343
4702,1434269,17508
4703,1366407,4425
4704,1355486,2259
4705,1363934,3936
4706,1383523,7785
4707,1371626,5454
4708,1390414,9126
4709,1368657,4869
4710,1360089,3174
4711,1355109,2184
4712,1346507,465
4713,1364541,4056
4714,1379301,6960
4715,1409114,12732
4716,1371581,5445
4717,1354688,2100
4718,1361617,3477
4719,1503596,30249
4720,1411371,13164
4721,1417203,14277
4722,1393539,9732
4723,1374220,5964
4724,1352627,1689
4725,1414198,13704
4726,1364965,4140
4727,1357371,2634
4728,1360996,3354
4729,1355968,2355
4730,1378887,6879
4731,1368322,4803
4732,1626117,51393
4733,1483609,26637
4734,1455823,21534
4735,1357250,2610
4736,1360240,3204
4737,1361026,3360
4738,1385832,8235
4739,1409396,12786
4740,1367091,4560
4741,1417991,14427
4742,1372130,5553
4743,1385462,8163
4744,1379822,7062
4745,1362161,3585
4746,1359167,2991
4747,1391512,9339
4748,1379270,6954
4749,1354010,1965
4750,1365178,4182
4751,1353905,1944
4752,1388175,8691
4753,1386093,8286
4754,1368809,4899
4755,1359016,2961
4756,1353770,1917
4757,1362267,3606
4758,1359228,3003
4759,1367212,4584
4760,1414496,13761
4761,1400838,11142
4762,1364571,4062
4763,1405501,12039
4764,1408817,12675
4765,1394205,9861
4766,1364131,3975
4767,1352762,1716
4768,1350704,1305
4769,1352747,1713
4770,1364328,4014
4771,1369844,5103
4772,1355983,2358
4773,1373335,5790
4774,1371687,5466
4775,1352206,1605
4776,1396314,10269
4777,1354372,2037
4778,1361980,3549
4779,1361647,3483
4780,1362237,3600
4781,1350719,1308
4782,1388561,8766
4783,1358638,2886
4784,1356993,2559
4785,1357009,2562
4786,1399219,10830
4787,1363131,3777
4788,1378014,6708
4789,1391017,9243
4790,1664296,57657
4791,1357401,2640
4792,1415739,13998
4793,1349203,1005
4794,1390213,9087
4795,1359212,3000
4796,1418590,14541
4797,1352101,1584
4798,1359107,2979
4799,1366969,4536
4800,1362252,3603
4801,1353168,1797
4802,1359061,2970
4803,1363555,3861
4804,1375963,6306
4805,1364889,4125
4806,1378029,6711
4807,1352987,1761
4808,1358805,2919
4809,1359787,3114
4810,1362434,3639
4811,1371306,5391
4812,1377570,6621
4813,1373808,5883
4814,1357401,2640
4815,1419189,14655
4816,1356164,2394
4817,1349323,1029
4818,1361768,3507
4819,1360346,3225
4820,1376039,6321
4821,1365345,4215
4822,1403113,11580
4823,1394608,9939
4824,1408472,12609
4825,1374587,6036
4826,1372648,5655
4827,1446404,19782
4828,1368018,4743
4829,1361511,3456
4830,1370971,5325
4831,1370605,5253
4832,1383908,7860
4833,1429003,16515
4834,1441814,18924
4835,1376406,6393
4836,1356707,2502
4837,1354432,2049
4838,1350013,1167
4839,1401352,11241
4840,1376483,6408
4841,1357959,2751
4842,1408018,12522
4843,1349638,1092
4844,1354281,2019
4845,1428574,16434
4846,1382831,7650
4847,1393493,9723
4848,1411591,13206
4849,1518644,32937
4850,1426765,16092
4851,1358654,2889
4852,1365087,4164
4853,1380896,7272
4854,1359394,3036
4855,1440916,18756
4856,1367152,4572
4857,1367547,4650
4858,1366605,4464
4859,1359575,3072
4860,1355667,2295
4861,1386818,8427
4862,1362449,3642
4863,1384954,8064
4864,1362540,3660
4865,1362873,3726
4866,1430353,16770
4867,1393864,9795
4868,1356164,2394
4869,1355275,2217
4870,1373014,5727
4871,1377233,6555
4872,1373213,5766
4873,1365496,4245
4874,1352311,1626
4875,1369570,5049
4876,1386063,8280
4877,1367714,4683
4878,1351109,1386
4879,1420483,14901
4880,1364677,4083
4881,1384384,7953
4882,1357174,2595
4883,1450267,20502
4884,1409976,12897
4885,1366316,4407
4886,1351755,1515
4887,1360512,3258
4888,1388715,8796
4889,1356420,2445
4890,1383738,7827
4891,1355094,2181
4892,1417235,14283
4893,1432151,17109
4894,1365299,4206
4895,1371367,5403
4896,1451493,20730
4897,1482422,26421
4898,1387111,8484
4899,1395166,10047
4900,1388159,8688
4901,1345789,321
4902,1381096,7311
4903,1366392,4422
4904,1385447,8160
4905,1362782,3708
4906,1357552,2670
4907,1373671,5856
4908,1362616,3675
4909,1371657,5460
4910,1358865,2931
4911,1388499,8754
4912,1380697,7233
4913,1361586,3471
4914,1356481,2457
4915,1358699,2898
4916,1433122,17292
4917,1358503,2859
4918,1355712,2304
4919,1355034,2169
4920,1364177,3984
4921,1361601,3474
4922,2146395,126320
4923,1382462,7578
4924,1369676,5070
4925,1393198,9666
4926,1748682,71007
4927,1372114,5550
4928,1357190,2598
4929,1429670,16641
4930,1364768,4101
4931,1367562,4653
4932,1375550,6225
4933,1361874,3528
4934,1349233,1011
4935,1467471,23685
4936,1374129,5946
4937,1356194,2400
4938,1469936,24138
4939,1778139,75516
4940,1363252,3801
4941,1391604,9357
4942,1420467,14898
4943,1420783,14958
4944,1355712,2304
4945,1360694,3294
4946,1380420,7179
4947,1368109,4761
4948,1385447,8160
4949,1352777,1719
4950,1376146,6342
4951,1360255,3207
4952,1442952,19137
4953,1390878,9216
4954,1375000,6117
4955,1378964,6894
4956,1357461,2652
4957,1354567,2076
4958,1378274,6759
4959,1354447,2052
4960,1382739,7632
4961,1444364,19401
4962,1379193,6939
4963,1486811,27219
4964,1439508,18492
4965,1386818,8427
4966,1375749,6264
4967,1423043,15387
4968,1361465,3447
4969,1357612,2682
4970,1349983,1161
4971,1371413,5412
4972,1369600,5055
4973,1393105,9648
4974,1368322,4803
4975,1361420,3438
4976,1360512,3258
4977,1392796,9588
4978,1379454,6990
4979,1394205,9861
4980,1363995,3948
4981,1362222,3597
4982,1398193,10632
4983,1356194,2400
4984,1358427,2844
4985,1354402,2043
4986,1364298,4008
4987,1468923,23952
4988,1368064,4752
4989,1369007,4938
4990,1359515,3060
4991,1372770,5679
4992,1378197,6744
4993,1349953,1155
4994,1355652,2292
4995,1351725,1509
4996,1397945,10584
4997,1382232,7533
4998,1377570,6621
4999,1358669,2892
5000,1362510,3654
5001,1551538,38721
5002,1403799,11712
5003,1391079,9255
5004,1382754,7635
5005,1346507,465
5006,1399313,10848
5007,1403316,11619
5008,1367212,4584
5009,1362040,3561
5010,1352536,1671
5011,1365026,4152
5012,1352777,1719
5013,1362449,3642
5014,1378672,6837
5015,1380681,7230
5016,1356888,2538
5017,1597917,46671
5018,1356933,2547
5019,1390661,9174
5020,1353018,1767
5021,1387897,8637
5022,1376927,6495
5023,1395833,10176
5024,1363434,3837
5025,1349938,1152
5026,1363282,3807
5027,1380804,7254
5028,1356149,2391
5029,1436583,17943
5030,1398240,10641
5031,1358472,2853
5032,1371672,5463
5033,1366514,4446
5034,1405626,12063
5035,1384723,8019
5036,1358578,2874
5037,1456778,21711
5038,1359938,3144
5039,1353363,1836
5040,1368702,4878
5041,1382770,7638
5042,1371870,5502
5043,1366954,4533
5044,1364920,4131
5045,1361768,3507
5046,1353499,1863
5047,1457361,21819
5048,1407220,12369
5049,1430178,16737
5050,1436551,17937
5051,1360936,3342
5052,1360512,3258
5053,1366529,4449
5054,1403799,11712
5055,1358110,2781
5056,1363070,3765
5057,1377018,6513
5058,1406407,12213
5059,1368566,4851
5060,1362237,3600
5061,1398131,10620
5062,1356722,2505
5063,1362419,3636
5064,1375336,6183
5065,1413648,13599
5066,1372831,5691
5067,1352702,1704
5068,1386217,8310
5069,1386833,8430
5070,1388159,8688
5071,1370285,5190
5072,1375091,6135
5073,1462667,22800
5074,1361390,3432
5075,1411371,13164
5076,1367896,4719
5077,1349818,1128
5078,1368413,4821
5079,1360573,3270
5080,1355215,2205
5081,1389147,8880
5082,1365739,4293
5083,1369235,4983
5084,1372831,5691
5085,1395849,10179
5086,1347779,720
5087,1395678,10146
5088,1350659,1296
5089,1355396,2241
5090,1405610,12060
5091,1375489,6213
5092,1394190,9858
5093,1365390,4224
5094,1416227,14091
5095,1373930,5907
5096,1374572,6033
5097,1360633,3282
5098,1369037,4944
5099,1417896,14409
5100,1372069,5541
5101,1388947,8841
5102,1352792,1722
5103,1358820,2922
5104,1385092,8091
5105,1352702,1704
5106,1440420,18663
5107,1370697,5271
5108,1357703,2700
5109,1440036,18591
5110,1361420,3438
5111,1369418,5019
5112,1404236,11796
5113,2061413,115416
5114,1357371,2634
5115,1450026,20457
5116,1383062,7695
5117,1371017,5334
5118,1350373,1239
5119,1395228,10059
5120,1371123,5355
5121,1368992,4935
5122,1377493,6606
5123,1360679,3291
5124,1420388,14883
5125,1362222,3597
5126,1353288,1821
5127,1368642,4866
5128,1356767,2514
5129,1379975,7092
5130,1379883,7074
5131,1356662,2493
5132,1638144,53382
5133,1394221,9864
5134,1359076,2973
5135,1429829,16671
5136,1364177,3984
5137,3661036,270443
5138,1359076,2973
5139,1351139,1392
5140,1359817,3120
5141,1381879,7464
5142,1386124,8292
5143,1362358,3624
5144,1412658,13410
5145,1352566,1677
5146,1349068,978
5147,1432342,17145
5148,1354025,1968
5149,1356315,2424
5150,1418164,14460
5151,1360074,3171
5152,1398737,10737
5153,1378151,6735
5154,1361995,3552
5155,1372419,5610
5156,1355079,2178
5157,1354959,2154
5158,1378412,6786
5159,1370072,5148
5160,1383615,7803
5161,1392548,9540
5162,1401663,11301
5163,1367091,4560
5164,1375061,6129
5165,1406016,12138
5166,1359892,3135
5167,1396935,10389
5168,1482521,26439
5169,1357099,2580
5170,1365845,4314
5171,1365178,4182
5172,1386155,8298
5173,1380589,7212
5174,1364374,4023
5175,1379469,6993
5176,1348409,846
5177,1357431,2646
5178,1363707,3891
5179,1377661,6639
5180,1377631,6633
5181,1373671,5856
5182,1351845,1533
5183,1359273,3012
5184,1379347,6969
5185,1400168,11013
5186,1365238,4194
5187,1368657,4869
5188,1419300,14676
5189,1370057,5145
5190,1364662,4080
5191,1379653,7029
5192,1550694,38574
5193,1445922,19692
5194,1380896,7272
5195,1359318,3021
5196,1369402,5016
5197,1375000,6117
5198,1354763,2115
5199,1407909,12501
5200,1357220,2604
5201,1383000,7683
5202,1384277,7932
5203,1421573,15108
5204,1415267,13908
5205,1359681,3093
5206,1367076,4557
5207,1356119,2385
5208,1367668,4674
5209,1473568,24804
5210,1398520,10695
5211,1357265,2613
5212,1370621,5256
5213,1359016,2961
5214,1377723,6651
5215,1353183,1800
5216,1360119,3180
5217,1373869,5895
5218,1378075,6720
5219,1377263,6561
5220,1370880,5307
5221,1351755,1515
5222,1419694,14751
5223,1359016,2961
5224,1371017,5334
5225,1366468,4437
5226,1391805,9396
5227,1362404,3633
5228,1395926,10194
5229,1370544,5241
5230,1360558,3267
5231,1401211,11214
5232,1380758,7245
5233,1402988,11556
5234,1356767,2514
5235,1424436,15651
5236,1364783,4104
5237,1374908,6099
5238,1444027,19338
5239,1374847,6087
5240,1356692,2499
5241,1366529,4449
5242,1427733,16275
5243,1356978,2556
5244,1466199,23451
5245,1367136,4569
5246,1356345,2430
5247,1354823,2127
5248,1488762,27573
5249,1379132,6927
5250,1390306,9105
5251,1354929,2148
5252,1355878,2337
5253,1366286,4401
5254,1429861,16677
5255,1357205,2601
5256,1367304,4602
5257,1361435,3441
5258,1407893,12498
5259,1353770,1917
5260,1353048,1773
5261,1361284,3411
5262,1362752,3702
5263,1423439,15462
5264,1363676,3885
5265,1349518,1068
5266,1362267,3606
5267,1371230,5376
5268,1361571,3468
5269,1356556,2472
5270,1368611,4860
5271,1347704,705
5272,1388977,8847
5273,1405360,12012
5274,1399111,10809
5275,1369326,5001
5276,1404673,11880
5277,1404252,11799
5278,1357537,2667
5279,1394841,9984
5280,1350118,1188
5281,1362146,3582
5282,1578394,43353
5283,1364086,3966
5284,1371764,5481
5285,1364343,4017
5286,1357280,2616
5287,1356089,2379
5288,1367562,4653
5289,1362283,3609
5290,1353379,1839
5291,1413978,13662
5292,1382309,7548
5293,1391635,9363
5294,1360648,3285
5295,1429257,16563
5296,1374923,6102
5297,1519151,33027
5298,1440132,18609
5299,1430989,16890
5300,1419426,14700
5301,1361132,3381
5302,1361223,3399
5303,1395507,10113
5304,1408864,12684
5305,1372892,5703
5306,1394376,9894
5307,1358110,2781
5308,1463318,22920
5309,1361132,3381
5310,1407533,12429
5311,1348409,846
5312,1408237,12564
5313,1357280,2616
5314,1364965,4140
5315,1375764,6267
5316,1369798,5094
5317,1375489,6213
5318,1363282,3807
5319,1386556,8376
5320,1359167,2991
5321,1356330,2427
5322,1358925,2943
5323,1529757,34905
5324,1363267,3804
5325,1360542,3264
5326,1366954,4533
5327,1478128,25638
5328,1383908,7860
5329,1373365,5796
5330,1352777,1719
5331,1442182,18993
5332,1477520,25527
5333,1378918,6885
5334,1369372,5010
5335,1354853,2133
5336,1413302,13533
5337,1391542,9345
5338,1361148,3384
5339,1378596,6822
5340,1395244,10062
5341,1701064,63555
5342,1363131,3777
5343,1370468,5226
5344,1390074,9060
5345,1356752,2511
5346,1354763,2115
5347,1385570,8184
5348,1367562,4653
5349,1371733,5475
5350,1413648,13599
5351,1422142,15216
5352,1373320,5787
5353,1364313,4011
5354,1376437,6399
5355,1366362,4416
5356,1395709,10152
5357,1370209,5175
5358,1765085,73527
5359,1354071,1977
5360,1362373,3627
5361,1348828,930
5362,1394205,9861
5363,1405313,12003
5364,1352251,1614
5365,1361541,3462
5366,1357974,2754
5367,1394996,10014
5368,1354402,2043
5369,1384831,8040
5370,1370910,5313
5371,1364874,4122
5372,1364237,3996
5373,1368702,4878
5374,1373518,5826
5375,1378151,6735
5376,1387357,8532
5377,1367152,4572
5378,1400480,11073
5379,1420073,14823
5380,1354808,2124
5381,1418290,14484
5382,1388962,8844
5383,1373106,5745
5384,1391929,9420
5385,1355968,2355
5386,1374618,6042
5387,1356330,2427
5388,1391419,9321
5389,1378381,6780
5390,1365891,4323
5391,1419710,14754
5392,1348049,774
5393,1439460,18483
5394,1382186,7524
5395,1353980,1959
5396,1385878,8244
5397,1392811,9591
5398,1405798,12096
5399,1393167,9660
5400,1366650,4473
5401,1393276,9681
5402,1362676,3687
5403,1359092,2976
5404,1869378,89022
5405,1434939,17634
5406,1372694,5664
5407,1412894,13455
5408,1399624,10908
5409,1407956,12510
5410,1359107,2979
5411,1357144,2589
5412,1431689,17022
5413,1382217,7530
5414,1385862,8241
5415,1460783,22452
5416,1392703,9570
5417,1357853,2730
5418,1407424,12408
5419,1587084,44835
5420,1373320,5787
5421,1437477,18111
5422,1406485,12228
5423,1376728,6456
5424,1377830,6672
5425,1364738,4095
5426,1372023,5532
5427,1379546,7008
5428,1350493,1263
5429,1356586,2478
5430,1351725,1509
5431,1373991,5919
5432,1371276,5385
5433,1361874,3528
5434,1350959,1356
5435,1493038,28347
5436,1361950,3543
5437,1387805,8619
5438,1392161,9465
5439,1358835,2925
5440,1357295,2619
5441,1373091,5742
5442,1390584,9159
5443,1366605,4464
5444,1350403,1245
5445,1364268,4002
5446,1405720,12081
5447,1371093,5349
5448,1360542,3264
5449,1394267,9873
5450,1365314,4209
5451,1373442,5811
5452,1394112,9843
5453,1417928,14415
5454,1417644,14361
5455,1391419,9321
5456,1364343,4017
5457,1352401,1644
5458,1369859,5106
5459,1351965,1557
5460,1359771,3111
5461,1354793,2121
5462,1368201,4779
5463,1369326,5001
5464,1492739,28293
5465,1390847,9210
5466,1348514,867
5467,1404642,11874
5468,1372114,5550
5469,1375367,6189
5470,1379561,7011
5471,1355034,2169
5472,1407408,12405
5473,1367547,4650
5474,1368109,4761
5475,1367091,4560
5476,1365132,4173
5477,1373671,5856
5478,1378856,6873
5479,1372663,5658
5480,1361768,3507
5481,1428431,16407
5482,1373717,5865
5483,1369463,5028
5484,1367653,4671
5485,1363449,3840
5486,1356571,2475
5487,1362510,3654
5488,1395895,10188
5489,1387928,8643
5490,1365087,4164
5491,1412187,13320
5492,1402567,11475
5493,1370819,5295
5494,1389008,8853
5495,1420088,14826
5496,1360981,3351
5497,1387789,8616
5498,1373839,5889
5499,1361238,3402
5500,1400262,11031
5501,1358246,2808
5502,1357250,2610
5503,1366863,4515
5504,1367486,4638
5505,1361526,3459
5506,1362479,3648
5507,1385662,8202
5508,1403019,11562
5509,1382109,7509
5510,1437126,18045
5511,1372038,5535
5512,1363676,3885
5513,1355818,2325
5514,1385847,8238
5515,1355682,2298
5516,1353303,1824
5517,1383154,7713
5518,1374419,6003
5519,1416494,14142
5520,1476190,25284
5521,1354417,2046
5522,1375244,6165
5523,1353604,1884
5524,1372496,5625
5525,1373411,5805
5526,1406876,12303
5527,1369265,4989
5528,1352897,1743
5529,1355561,2274
5530,1373365,5796
5531,1410869,13068
5532,1420815,14964
5533,1426416,16026
5534,1370971,5325
5535,1351530,1470
5536,1373655,5853
5537,1352777,1719
5538,1402645,11490
5539,1365071,4161
5540,1358004,2760
5541,1350088,1182
5542,1359968,3150
5543,1387604,8580
5544,1362782,3708
5545,1366134,4371
5546,1384677,8010
5547,1354447,2052
5548,1389024,8856
5549,1358850,2928
5550,1361208,3396
5551,1360784,3312
5552,1362071,3567
5553,1357929,2745
5554,1360376,3231
5555,1381541,7398
5556,1360784,3312
5557,1410132,12927
5558,1387589,8577
5559,1359635,3084
5560,1371078,5346
5561,1405407,12021
5562,1399251,10836
5563,1389549,8958
5564,1356586,2478
5565,1374709,6060
5566,1355471,2256
5567,1366757,4494
5568,1440420,18663
5569,1387049,8472
5570,1367471,4635
5571,1456001,21567
5572,1429781,16662
5573,1366286,4401
5574,1358865,2931
5575,1352627,1689
5576,1416762,14193
5577,1355848,2331
5578,1365997,4344
5579,1390321,9108
5580,1380344,7164
5581,1427986,16323
5582,1372847,5694
5583,1369387,5013
5584,1432644,17202
5585,1447144,19920
5586,1357265,2613
5587,1369661,5067
5588,1366711,4485
5589,1597579,46614
5590,1377784,6663
5591,1380022,7101
5592,1371413,5412
5593,1401056,11184
5594,1406407,12213
5595,1354853,2133
5596,1433855,17430
5597,1398877,10764
5598,1356601,2481
5599,1353379,1839
5600,1405579,12054
5601,1381172,7326
5602,1361889,3531
5603,1366544,4452
5604,1372602,5646
5605,1355833,2328
5606,1363525,3855
5607,1359228,3003
5608,1351905,1545
5609,1375168,6150
5610,1365360,4218
5611,4590902,331533
5612,1369859,5106
5613,1378534,6810
5614,1351004,1365
5615,1367638,4668
5616,1355802,2322
5617,1362237,3600
5618,1383585,7797
5619,1348364,837
5620,1362252,3603
5621,1388314,8718
5622,1365466,4239
5623,1424151,15597
5624,1357718,2703
5625,1359288,3015
5626,1359711,3099
5627,1360346,3225
5628,1369555,5046
5629,1362056,3564
5630,1371261,5382
5631,1368201,4779
5632,1378979,6897
5633,1381096,7311
5634,1381863,7461
5635,1432883,17247
5636,1382401,7566
5637,1371550,5439
5638,1374618,6042
5639,1358669,2892
5640,1353995,1962
5641,1362313,3615
5642,1361798,3513
5643,1512261,31800
5644,1383938,7866
5645,1900446,93471
5646,1378841,6870
5647,1351815,1527
5648,1351049,1374
5649,1760598,72840
5650,1367167,4575
5651,1358125,2784
5652,1360951,3345
5653,1348094,783
5654,1395445,10101
5655,1370362,5205
5656,1372069,5541
5657,1409709,12846
5658,1356541,2469
5659,1366058,4356
5660,1414732,13806
5661,1366650,4473
5662,1382078,7503
5663,1387357,8532
5664,1571951,42249
5665,1366088,4362
5666,1362237,3600
5667,1372053,5538
5668,1386463,8358
5669,1351334,1431
5670,1369844,5103
5671,1369600,5055
5672,1353815,1926
5673,1356074,2376
5674,1369981,5130
5675,1350809,1326
5676,1416951,14229
5677,1362086,3570
5678,1352957,1755
5679,1372480,5622
5680,1348903,945
5681,1376911,6492
5682,1359363,3030
5683,1369402,5016
5684,1359590,3075
5685,1442535,19059
5686,1382954,7674
5687,1399126,10812
5688,1367182,4578
5689,1383600,7800
5690,1423454,15465
5691,1358638,2886
5692,1366787,4500
5693,1403940,11739
5694,1396795,10362
5695,1371367,5403
5696,1430846,16863
5697,1362570,3666
5698,1412124,13308
5699,1627944,51696
5700,1360361,3228
5701,1373869,5895
5702,1416463,14136
5703,1396252,10257
5704,1420246,14856
5705,1505987,30678
5706,1375718,6258
5707,1387373,8535
5708,1359741,3105
5709,1357386,2637
5710,1379960,7089
5711,1381464,7383
5712,1353800,1923
5713,1393586,9741
5714,1368961,4929
5715,1491794,28122
5716,1372252,5577
5717,1501525,29877
5718,1358050,2769
5719,1366286,4401
5720,1436503,17928
5721,1356390,2439
5722,1453220,21051
5723,1373426,5808
5724,1377325,6573
5725,1356119,2385
5726,1357627,2685
5727,1357491,2658
5728,1359681,3093
5729,1345190,201
5730,1389163,8883
5731,1383031,7689
5732,1381879,7464
5733,1390692,9180
5734,1366726,4488
5735,1356240,2409
5736,1392579,9546
5737,1360542,3264
5738,1392316,9495
5739,1370788,5289
5740,1358638,2886
5741,1404018,11754
5742,1371611,5451
5743,1382155,7518
5744,1350193,1203
5745,1404939,11931
5746,1358759,2910
5747,1414968,13851
5748,1368992,4935
5749,1401679,11304
5750,1468042,23790
5751,1360890,3333
5752,1371992,5526
5753,1350148,1194
5754,1363404,3831
5755,1372084,5544
5756,1425433,15840
5757,1371962,5520
5758,1367167,4575
5759,1375840,6282
5760,1393570,9738
5761,1425402,15834
5762,1368261,4791
5763,1359696,3096
5764,1377615,6630
5765,1376498,6411
5766,1357250,2610
5767,1433536,17370
5768,1405001,11943
5769,1372374,5601
5770,1361329,3420
5771,1510144,31422
5772,1380328,7161
5773,1370346,5202
5774,1381157,7323
5775,1357989,2757
5776,1362222,3597
5777,1390337,9111
5778,1365481,4242
5779,1366331,4410
5780,1356300,2421
5781,1388267,8709
5782,1361934,3540
5783,1360694,3294
5784,1406501,12231
5785,1355049,2172
5786,1370651,5262
5787,1356074,2376
5788,1379377,6975
5789,1353168,1797
5790,1352627,1689
5791,1378029,6711
5792,1369676,5070
5793,1363798,3909
5794,1405345,12009
5795,1367060,4554
5796,1355652,2292
5797,1358669,2892
5798,1371184,5367
5799,1445713,19653
5800,1368201,4779
5801,1370971,5325
5802,1354342,2031
5803,1374847,6087
5804,1358805,2919
5805,1366969,4536
5806,1428987,16512
5807,1390754,9192
5808,1352146,1593
5809,1468858,23940
5810,1535788,35967
5811,1365390,4224
5812,1362283,3609
5813,1356948,2550
5814,1368855,4908
5815,1372892,5703
5816,1368185,4776
5817,1384600,7995
5818,1390507,9144
5819,1376973,6504
5820,1379270,6954
5821,1366028,4350
5822,1389286,8907
5823,1369783,5091
5824,1354899,2142
5825,1367304,4602
5826,1365618,4269
5827,1355848,2331
5828,1558989,40014
5829,1407517,12426
5830,1388514,8757
5831,1395151,10044
5832,1356782,2517
5833,1365845,4314
5834,1377661,6639
5835,1396159,10239
5836,1374893,6096
5837,1357190,2598
5838,1388391,8733
5839,1364146,3978
5840,1378780,6858
5841,1374190,5958
5842,1361284,3411
5843,1351725,1509
5844,1366665,4476
5845,1394066,9834
5846,1349113,987
5847,1351680,1500
5848,1393198,9666
5849,1356466,2454
5850,1369859,5106
5851,1401134,11199
5852,1460020,22311
5853,1389070,8865
5854,1355637,2289
5855,1376513,6414
5856,1504080,30336
5857,1352416,1647
5858,1412658,13410
5859,1363813,3912
5860,1353424,1848
5861,1405860,12108
5862,1359046,2967
5863,1367653,4671
5864,1400480,11073
5865,1352957,1755
5866,1385000,8073
5867,1348334,831
5868,1714197,65631
5869,1372130,5553
5870,1381756,7440
5871,1360709,3297
5872,1349563,1077
5873,1361980,3549
5874,1364525,4053
5875,1359107,2979
5876,1366392,4422
5877,1723654,67116
5878,1392254,9483
5879,1357174,2595
5880,1349623,1089
5881,1403347,11625
5882,1361117,3378
5883,1388252,8706
5884,1360769,3309
5885,1383246,7731
5886,1351530,1470
5887,1370148,5163
5888,1406767,12282
5889,1359046,2967
5890,1362434,3639
5891,1385092,8091
5892,1375642,6243
5893,1448640,20199
5894,1357884,2736
5895,1348409,846
5896,1345534,270
5897,1385924,8253
5898,1369874,5109
5899,1366255,4395
5900,1821385,82002
5901,1443449,19230
5902,1398240,10641
5903,1368596,4857
5904,1358895,2937
5905,1373213,5766
5906,1368155,4770
5907,1352882,1740
5908,1377570,6621
5909,1348364,837
5910,1356209,2403
5911,1353018,1767
5912,1391728,9381
5913,1387141,8490
5914,1355275,2217
5915,1376575,6426
5916,1351470,1458
5917,1387311,8523
5918,1356737,2508
5919,1441862,18933
5920,1365527,4251
5921,1355652,2292
5922,1441493,18864
5923,1371977,5523
5924,1401788,11325
5925,1421052,15009
5926,1376070,6327
5927,1402614,11484
5928,1368566,4851
5929,1362283,3609
5930,1357582,2676
5931,1422869,15354
5932,1359726,3102
5933,1374144,5949
5934,1394050,9831
5935,1398535,10698
5936,1358986,2955
5937,1364131,3975
5938,1374939,6105
5939,1380988,7290
5940,1453511,21105
5941,1360815,3318
5942,1347375,639
5943,1392533,9537
5944,1390630,9168
5945,1376376,6387
5946,1350809,1326
5947,1348379,840
5948,1407737,12468
5949,1370377,5208
5950,1546803,37896
5951,1406048,12144
5952,1356420,2445
5953,1406032,12141
5954,1351725,1509
5955,1367380,4617
5956,1384523,7980
5957,1418290,14484
5958,1444990,19518
5959,1364571,4062
5960,1393059,9639
5961,1360044,3165
5962,1362358,3624
5963,1357567,2673
5964,1356149,2391
5965,1379224,6945
5966,1381341,7359
5967,1359031,2964
5968,1376896,6489
5969,1390661,9174
5970,1405923,12120
5971,1440196,18621
5972,1392656,9561
5973,1359666,3090
5974,1355486,2259
5975,1378856,6873
5976,1356405,2442
5977,1368413,4821
5978,1373762,5874
5979,1464766,23187
5980,1373121,5748
5981,1385354,8142
5982,1369737,5082
5983,1364768,4101
5984,1385262,8124
5985,1409365,12780
5986,1354808,2124
5987,1378856,6873
5988,1390429,9129
5989,1353574,1878
5990,1360679,3291
5991,1402022,11370
5992,1354236,2010
5993,1355396,2241
5994,1371565,5442
5995,1366347,4413
5996,1398287,10650
5997,1374893,6096
5998,1360119,3180
5999,1377769,6660
6000,1359303,3018
6001,1365208,4188
6002,1385770,8223
6003,1373075,5739
6004,1377554,6618
6005,1368368,4812
6006,1364192,3987
6007,1432199,17118
6008,1356225,2406
6009,1350569,1278
6010,1367060,4554
6011,1381264,7344
6012,1748935,71046
6013,1346477,459
6014,1360784,3312
6015,1351905,1545
6016,1427415,16215
6017,1373060,5736
6018,1417644,14361
6019,1350539,1272
6020,1388252,8706
6021,1353755,1914
6022,1404626,11871
6023,1352296,1623
6024,1369068,4950
6025,1355064,2175
6026,1349143,993
6027,1356466,2454
6028,1366726,4488
6029,1364616,4071
6030,1377080,6525
6031,1470917,24318
6032,1350974,1359
6033,1415550,13962
6034,1391341,9306
6035,1357371,2634
6036,1581502,43884
6037,1412564,13392
6038,1358654,2889
6039,1352161,1596
6040,1348289,822
6041,1388406,8736
6042,1418022,14433
6043,1354116,1986
6044,1390259,9096
6045,1395290,10071
6046,1386155,8298
6047,1451170,20670
6048,1399235,10833
6049,1360648,3285
6050,1360331,3222
6051,1448286,20133
6052,1529332,34830
6053,1361647,3483
6054,1381218,7335
6055,1369281,4992
6056,1354041,1971
6057,1382109,7509
6058,1475911,25233
6059,1355230,2208
6060,1354597,2082
6061,1369661,5067
6062,1370209,5175
6063,1399686,10920
6064,1357159,2592
6065,1367562,4653
6066,1369783,5091
6067,1421004,15000
6068,1712712,65397
6069,1403752,11703
6070,1364101,3969
6071,1370514,5235
6072,1362131,3579
6073,1358805,2919
6074,1389348,8919
6075,1390337,9111
6076,1379408,6981
6077,1353935,1950
6078,1370118,5157
6079,1443048,19155
6080,1364131,3975
6081,1378856,6873
6082,1384446,7965
6083,1367972,4734
6084,1349623,1089
6085,1428113,16347
6086,1361753,3504
6087,1362056,3564
6088,1467895,23763
6089,1354176,1998
6090,1387589,8577
6091,1378550,6813
6092,1409960,12894
6093,1348439,852
6094,1382831,7650
6095,1348259,816
6096,1359031,2964
6097,1366316,4407
6098,1371337,5397
6099,1360573,3270
6100,1409396,12786
6101,1382509,7587
6102,1375244,6165
6103,1383431,7767
6104,1380267,7149
6105,1476666,25371
6106,1395973,10203
6107,1367577,4656
6108,1357597,2679
6109,1353785,1920
6110,1363752,3900
6111,1353333,1830
6112,1394205,9861
6113,1364374,4023
6114,1364495,4047
6115,1352191,1602
6116,1363510,3852
6117,1548902,38262
6118,1475977,25245
6119,1357174,2595
6120,1404579,11862
6121,1596496,46431
6122,1379592,7017
6123,1394422,9903
6124,1383000,7683
6125,1383000,7683
6126,1378672,6837
6127,1409568,12819
6128,1379500,6999
6129,1388838,8820
6130,1393307,9687
6131,1406313,12195
6132,1377707,6648
6133,1365587,4263
6134,1484846,26862
6135,1380221,7140
6136,1382662,7617
6137,1422490,15282
6138,1362570,3666
6139,1371230,5376
6140,1376269,6366
6141,1371108,5352
6142,1360603,3276
6143,1353243,1812
6144,1402427,11448
6145,1356948,2550
6146,1360739,3303
6147,1426543,16050
6148,1368444,4827
6149,1379883,7074
6150,1415440,13941
6151,1357537,2667
6152,1380543,7203
6153,1499657,29541
6154,1363813,3912
6155,1380865,7266
6156,1352010,1566
6157,1350569,1278
6158,1360089,3174
6159,1366377,4419
6160,1361163,3387
6161,1365587,4263
6162,1408973,12705
6163,1411434,13176
6164,1353544,1872
6165,1374893,6096
6166,1354613,2085
6167,1377325,6573
6168,1387481,8556
6169,1364419,4032
6170,1519539,33096
6171,1422031,15195
6172,1408034,12525
6173,1374373,5994
6174,1360921,3339
6175,1615471,49620
6176,1381587,7407
6177,1359061,2970
6178,1446050,19716
6179,1375810,6276
6180,1390754,9192
6181,1374358,5991
6182,1444717,19467
6183,1365314,4209
6184,1439156,18426
6185,1363964,3942
6186,1473568,24804
6187,1349893,1143
6188,1386109,8289
6189,1351289,1422
6190,1363889,3927
6191,1375290,6174
6192,1392347,9501
6193,1378320,6768
6194,1386355,8337
6195,1427415,16215
6196,1351004,1365
6197,1391295,9297
6198,1364844,4116
6199,1370164,5166
6200,1365952,4335
6201,1358654,2889
6202,1355456,2253
6203,1359031,2964
6204,1407392,12402
6205,1352266,1617
6206,1379730,7044
6207,1346297,423
6208,1363525,3855
6209,1358035,2766
6210,1385323,8136
6211,1376682,6447
6212,1429559,16620
6213,1368383,4815
6214,1412485,13377
6215,1391094,9258
6216,1379239,6948
6217,1366073,4359
6218,1400464,11070
6219,1404533,11853
6220,1361617,3477
6221,1362813,3714
6222,1422379,15261
6223,1368124,4764
6224,1427733,16275
6225,1423122,15402
6226,1348424,849
6227,1370042,5142
6228,1367836,4707
6229,1379607,7020
6230,1359877,3132
6231,1383831,7845
6232,1357356,2631
6233,1359968,3150
6234,1349698,1104
6235,1387527,8565
6236,1378672,6837
6237,1367684,4677
6238,1380405,7176
6239,1353815,1926
6240,1353770,1917
6241,1360769,3309
6242,1418590,14541
6243,1420388,14883
6244,1348693,903
6245,1358684,2895
6246,1362464,3645
6247,1393477,9720
6248,1372785,5682
6249,1396873,10377
6250,1372267,5580
6251,1421383,15072
6252,1382094,7506
6253,1413915,13650
6254,1365997,4344
6255,1359908,3138
6256,1378458,6795
6257,1354492,2061
6258,1375458,6207
6259,1387681,8595
6260,1381986,7485
6261,1360679,3291
6262,1356315,2424
6263,1371581,5445
6264,1398069,10608
6265,1402505,11463
6266,1420025,14814
6267,1389533,8955
6268,1374159,5952
6269,1380466,7188
6270,1367516,4644
6271,1412642,13407
6272,1368809,4899
6273,1393400,9705
6274,1439348,18462
6275,1357914,2742
6276,1348379,840
6277,1347749,714
6278,1358019,2763
6279,1428415,16404
6280,1356089,2379
6281,1380712,7236
6282,1391496,9336
6283,1365238,4194
6284,1357582,2676
6285,1357552,2670
6286,1441830,18927
6287,1376437,6399
6288,1349653,1095
6289,1380942,7281
6290,1379377,6975
6291,1397432,10485
6292,1359394,3036
6293,1396563,10317
6294,1394484,9915
6295,1376100,6333
6296,1356511,2463
6297,1399173,10821
6298,1358095,2778
6299,1363161,3783
6300,1352086,1581
6301,1354387,2040
6302,1442711,19092
6303,1354221,2007
6304,1369555,5046
6305,1392161,9465
6306,1366635,4470
6307,1367942,4728
6308,1350013,1167
6309,1355260,2214
6310,1363525,3855
6311,1543712,37356
6312,1430099,16722
6313,1479706,25926
6314,1376820,6474
6315,1551004,38628
6316,1482059,26355
6317,1355320,2226
6318,1372648,5655
6319,1400215,11022
6320,1368155,4770
6321,1374618,6042
6322,1393895,9801
6323,1376162,6345
6324,1351755,1515
6325,1385246,8121
6326,1366590,4461
6327,1478801,25761
6328,1429908,16686
6329,1377447,6597
6330,1373533,5829
6331,1400231,11025
6332,1362101,3573
6333,1370377,5208
6334,1364541,4056
6335,1348424,849
6336,1365026,4152
6337,1437445,18105
6338,1444203,19371
6339,1358623,2883
6340,1384200,7917
6341,1362722,3696
6342,1354387,2040
6343,1363070,3765
6344,1353258,1815
6345,1388422,8739
6346,1473191,24735
6347,1378060,6717
6348,1402271,11418
6349,1360406,3237
6350,1397199,10440
6351,1383769,7833
6352,1381787,7446
6353,1591907,45654
6354,1348244,813
6355,1354567,2076
6356,1359908,3138
6357,1388360,8727
6358,1361783,3510
6359,1634289,52746
6360,1359892,3135
6361,1353363,1836
6362,1363570,3864
6363,1363949,3939
6364,1788526,77088
6365,1361223,3399
6366,1352867,1737
6367,1412595,13398
6368,1372328,5592
6369,1357899,2739
6370,1351860,1536
6371,1372755,5676
6372,1474796,25029
6373,1365891,4323
6374,1373396,5802
6375,1357959,2751
6376,1548403,38175
6377,1358140,2787
6378,1370529,5238
6379,1385123,8097
6380,1394469,9912
6381,1348903,945
6382,1351409,1446
6383,1364844,4116
6384,1352717,1707
6385,1359908,3138
6386,1348798,924
6387,1395073,10029
6388,1432708,17214
6389,1385693,8208
6390,1425022,15762
6391,1356948,2550
6392,1360663,3288
6393,1385231,8118
6394,1420641,14931
6395,1355064,2175
6396,1371047,5340
6397,1398504,10692
6398,1350238,1212
6399,1435960,17826
6400,1389734,8994
6401,1370027,5139
6402,1354793,2121
6403,1377615,6630
6404,1357446,2649
6405,1366453,4434
6406,1353770,1917
6407,1369357,5007
6408,1551797,38766
6409,1362101,3573
6410,1365982,4341
6411,1350614,1287
6412,1357989,2757
6413,1425386,15831
6414,1411983,13281
6415,1399624,10908
6416,1356179,2397
6417,1355064,2175
6418,1430099,16722
6419,1404408,11829
6420,1359711,3099
6421,1362343,3621
6422,1358382,2835
6423,1372374,5601
6424,1350749,1314
6425,1360996,3354
6426,1395957,10200
6427,1379178,6936
6428,1358427,2844
6429,1366134,4371
6430,1362661,3684
6431,1356481,2457
6432,1359666,3090
6433,1376927,6495
6434,1397059,10413
6435,1361556,3465
6436,1392811,9591
6437,1402146,11394
6438,1403706,11694
6439,1432103,17100
6440,1356044,2370
6441,1366544,4452
6442,1358261,2811
6443,1350358,1236
6444,1357521,2664
6445,1369372,5010
6446,1365997,4344
6447,1353800,1923
6448,1365603,4266
6449,1355697,2301
6450,1347929,750
6451,1355320,2226
6452,1375183,6153
6453,1428320,16386
6454,1402068,11379
6455,1376055,6324
6456,1490352,27861
6457,1366559,4455
6458,1400744,11124
6459,1369737,5082
6460,1421352,15066
6461,1382970,7677
6462,1366620,4467
6463,1441765,18915
6464,1385169,8106
6465,1462976,22857
6466,1568618,41676
6467,1362040,3561
6468,1374893,6096
6469,1385832,8235
6470,1352025,1569
6471,1373671,5856
6472,1369128,4962
6473,1372953,5715
6474,1358684,2895
6475,1352476,1659
6476,1364359,4020
6477,1381065,7305
6478,1374419,6003
6479,1384123,7902
6480,1360104,3177
6481,1374526,6024
6482,1410305,12960
6483,1371565,5442
6484,1421794,15150
6485,1357356,2631
6486,1392161,9465
6487,1390491,9141
6488,1353303,1824
6489,1377386,6585
6490,1354838,2130
6491,1355501,2262
6492,1394252,9870
6493,1433202,17307
6494,1385108,8094
6495,1361148,3384
6496,1407486,12420
6497,1379362,6972
6498,1355230,2208
6499,1362434,3639
6500,1382048,7497
6501,1363964,3942
6502,1355757,2313
6503,1458366,22005
6504,1390089,9063
6505,1354236,2010
6506,1354372,2037
6507,1365178,4182
6508,1365102,4167
6509,1373732,5868
6510,1359061,2970
6511,1378029,6711
6512,1357642,2688
6513,1406736,12276
6514,1351965,1557
6515,1408143,12546
6516,1394500,9918
6517,1348589,882
6518,1526683,34362
6519,1370057,5145
6520,1354311,2025
6521,1382324,7551
6522,1357476,2655
6523,1369494,5034
6524,1447546,19995
6525,1369768,5088
6526,1360285,3213
6527,1357959,2751
6528,1380482,7191
6529,1355561,2274
6530,1390893,9219
6531,1378228,6750
6532,1348873,939
6533,1372145,5556
6534,1403128,11583
6535,1362343,3621
6536,1358880,2934
6537,1405470,12033
6538,1358170,2793
6539,1375611,6237
6540,1367577,4656
6541,1351635,1491
6542,1359454,3048
6543,1385662,8202
6544,1388576,8769
6545,1414261,13716
6546,1358880,2934
6547,1370590,5250
6548,1382555,7596
6549,1377064,6522
6550,1449800,20415
6551,1400153,11010
6552,1446710,19839
6553,1388653,8784
6554,1517160,32673
6555,1357039,2568
6556,1404080,11766
6557,1353243,1812
6558,1425497,15852
6559,1364920,4131
6560,1366878,4518
6561,1391836,9402
6562,1398753,10740
6563,1360633,3282
6564,1356089,2379
6565,1363798,3909
6566,1392920,9612
6567,1361435,3441
6568,1363676,3885
6569,1363040,3759
6570,1375642,6243
6571,1358035,2766
6572,1365512,4248
6573,1383216,7725
6574,1366012,4347
6575,1362358,3624
6576,1386864,8436
6577,1352371,1638
6578,1359499,3057
6579,1362373,3627
6580,1361420,3438
6581,1363085,3768
6582,1375214,6159
6583,1376253,6363
6584,1365754,4296
6585,1372511,5628
6586,1351229,1410
6587,1353980,1959
6588,1451493,20730
6589,1350103,1185
6590,1349983,1161
6591,1385601,8190
6592,1361238,3402
6593,1362040,3561
6594,1356074,2376
6595,1387542,8568
6596,1405220,11985
6597,1427463,16224
6598,1365921,4329
6599,1358472,2853
6600,1420546,14913
6601,1346821,528
6602,1378764,6855
6603,1382109,7509
6604,1360921,3339
6605,1357476,2655
6606,1350403,1245
6607,1376116,6336
6608,1401025,11178
6609,1399764,10935
6610,1365193,4185
6611,1350974,1359
6612,1498257,29289
6613,1350388,1242
6614,1404252,11799
6615,1365117,4170
6616,1504766,30459
6617,1367608,4662
6618,1407846,12489
6619,1410352,12969
6620,1390012,9048
6621,1364283,4005
6622,1352657,1695
6623,1357039,2568
6624,1541671,36999
6625,1367258,4593
6626,1369813,5097
6627,1349698,1104
6628,1389240,8898
6629,1364070,3963
6630,1360013,3159
6631,1351229,1410
6632,1422379,15261
6633,1358789,2916
6634,1382401,7566
6635,1378366,6777
6636,1356013,2364
6637,1373335,5790
6638,1359726,3102
6639,1370895,5310
6640,1368429,4824
6641,1358427,2844
6642,1363328,3816
6643,1350028,1170
6644,1356330,2427
6645,1473797,24846
6646,1367790,4698
6647,1395104,10035
6648,1359560,3069
6649,1787035,76863
6650,1361965,3546
6651,1362434,3639
6652,1369844,5103
6653,1376697,6450
6654,1357823,2724
6655,1374052,5931
6656,1364844,4116
6657,1359756,3108
6658,1381188,7329
6659,1381249,7341
6660,1360210,3198
6661,1367288,4599
6662,1358291,2817
6663,1353288,1821
6664,1460880,22470
6665,1397308,10461
6666,1376468,6405
6667,1431387,16965
6668,1445343,19584
6669,1357627,2685
6670,1351379,1440
6671,1408269,12570
6672,1355471,2256
6673,1369996,5133
6674,1373930,5907
6675,1358246,2808
6676,1355109,2184
6677,1358593,2877
6678,1393260,9678
6679,1351394,1443
6680,1358095,2778
6681,1449285,20319
6682,1408425,12600
6683,1361647,3483
6684,1390398,9123
6685,1617735,49998
6686,1385678,8205
6687,1411183,13128
6688,1357793,2718
6689,1385724,8214
6690,1362661,3684
6691,1369859,5106
6692,1384492,7974
6693,1395895,10188
6694,1363813,3912
6695,1347420,648
6696,1360376,3231
6697,1423265,15429
6698,1387388,8538
6699,1375917,6297
6700,1399733,10929
6701,1392749,9579
6702,1376376,6387
6703,1365345,4215
6704,1379975,7092
6705,1370514,5235
6706,1382724,7629
6707,1386602,8385
6708,1362585,3669
6709,1375091,6135
6710,1387234,8508
6711,1373732,5868
6712,1350118,1188
6713,1394624,9942
6714,1600921,47178
6715,1367957,4731
6716,1352176,1599
6717,1359303,3018
6718,1408535,12621
6719,1421399,15075
6720,1362570,3666
6721,1357733,2706
6722,1356797,2520
6723,1359741,3105
6724,1389209,8892
6725,1378366,6777
6726,1395880,10185
6727,1392161,9465
6728,1375000,6117
6729,1383615,7803
6730,1405501,12039
6731,1361768,3507
6732,1356270,2415
6733,1500390,29673
6734,1369874,5109
6735,1352807,1725
6736,1358608,2880
6737,1369387,5013
6738,1348064,777
6739,1447240,19938
6740,1361692,3492
6741,1394980,10011
6742,1426622,16065
6743,1353649,1893
6744,1355516,2265
6745,1492789,28302
6746,1378565,6816
6747,1350659,1296
6748,1410571,13011
6749,1394779,9972
6750,1372648,5655
6751,1373961,5913
6752,1410665,13029
6753,1362343,3621
6754,1351319,1428
6755,1429956,16695
6756,1359318,3021
6757,1382693,7623
6758,1371642,5457
6759,1372785,5682
6760,1350358,1236
6761,1387450,8550
6762,1362707,3693
6763,1396299,10266
6764,1353649,1893
6765,1489540,27714
6766,1375917,6297
6767,1466688,23541
6768,1355968,2355
6769,1375397,6195
6770,1368900,4917
6771,1382939,7671
6772,1363707,3891
6773,1363873,3924
6774,1535652,35943
6775,1464310,23103
6776,1372801,5685
6777,1357989,2757
6778,1357959,2751
6779,1542494,37143
6780,1361026,3360
6781,1380144,7125
6782,1367988,4737
6783,1365845,4314
6784,1358201,2799
6785,1374343,5988
6786,1381848,7458
6787,1389626,8973
6788,1371520,5433
6789,1377371,6582
6790,1358684,2895
6791,1396625,10329
6792,1366635,4470
6793,1367653,4671
6794,1358035,2766
6795,1401741,11316
6796,1365147,4176
6797,1352296,1623
6798,1373060,5736
6799,1469887,24129
6800,1383000,7683
6801,1351755,1515
6802,1356149,2391
6803,1435370,17715
6804,1382478,7581
6805,1355471,2256
6806,1356315,2424
6807,1410352,12969
6808,1352717,1707
6809,1362979,3747
6810,1382232,7533
6811,1389641,8976
6812,1430639,16824
6813,1361132,3381
6814,1369600,5055
6815,1361511,3456
6816,1355305,2223
6817,1368489,4836
6818,1388885,8829
6819,1348619,888
6820,1351920,1548
6821,1350448,1254
6822,1382954,7674
6823,1386309,8328
6824,1362434,3639
6825,1356481,2457
6826,1351319,1428
6827,1355652,2292
6828,1348379,840
6829,1416967,14232
6830,1383585,7797
6831,1373808,5883
6832,1362601,3672
6833,1376988,6507
6834,1369920,5118
6835,1350599,1284
6836,1386078,8283
6837,1352446,1653
6838,1386463,8358
6839,1364647,4077
6840,1366757,4494
6841,1384415,7959
6842,1393926,9807
6843,1395135,10041
6844,1416589,14160
6845,1396237,10254
6846,1380190,7134
6847,1360633,3282
6848,1649087,55179
6849,1374190,5958
6850,1659309,56847
6851,1419205,14658
6852,1380896,7272
6853,1355592,2280
6854,1365208,4188
6855,1361980,3549
6856,1348079,780
6857,1361844,3522
6858,1351980,1560
6859,1366984,4539
6860,1356858,2532
6861,1436806,17985
6862,1362071,3567
6863,1365375,4221
6864,1800413,78876
6865,1386386,8343
6866,1369555,5046
6867,1353138,1791
6868,1387974,8652
6869,1393493,9723
6870,1355546,2271
6871,1391341,9306
6872,1363222,3795
6873,1365345,4215
6874,1366939,4530
6875,1357657,2691
6876,1403565,11667
6877,1384508,7977
6878,1364601,4068
6879,1400993,11172
6880,1426368,16017
6881,1369189,4974
6882,1382893,7662
6883,1482521,26439
6884,1360709,3297
6885,1361859,3525
6886,1381203,7332
6887,1378243,6753
6888,1374389,5997
6889,1370621,5256
6890,1371413,5412
6891,1361526,3459
6892,1360890,3333
6893,1387542,8568
6894,1440948,18762
6895,1391682,9372
6896,1375428,6201
6897,1372236,5574
6898,1365269,4200
6899,1356692,2499
6900,1381541,7398
6901,1362828,3717
6902,1389286,8907
6903,1384985,8070
6904,1381034,7299
6905,1367334,4608
6906,1382386,7563
6907,1388144,8685
6908,1376697,6450
6909,1369448,5025
6910,1433058,17280
6911,1351950,1554
6912,1375168,6150
6913,1396733,10350
6914,1356752,2511
6915,1357718,2703
6916,1369326,5001
6917,1366924,4527
6918,1369859,5106
6919,1391372,9312
6920,1377141,6537
6921,1367760,4692
6922,1361601,3474
6923,1369265,4989
6924,1372984,5721
6925,1391233,9285
6926,1421478,15090
6927,1354869,2136
6928,1353529,1869
6929,1917995,95952
6930,1362525,3657
6931,1373060,5736
6932,1348619,888
6933,1381587,7407
6934,1410211,12942
6935,1366878,4518
6936,1377294,6567
6937,1349188,1002
6938,1351064,1377
6939,1402910,11541
6940,1375749,6264
6941,1388653,8784
6942,1379347,6969
6943,1363889,3927
6944,1362631,3678
6945,1354613,2085
6946,1354281,2019
6947,1398333,10659
6948,1382908,7665
6949,1382048,7497
6950,1445841,19677
6951,1369966,5127
6952,1356616,2484
6953,1371062,5343
6954,1375000,6117
6955,1423217,15420
6956,1391790,9393
6957,1441141,18798
6958,1381909,7470
6959,1366179,4380
6960,1368824,4902
6961,1354251,2013
6962,1367395,4620
6963,1350509,1266
6964,1360361,3228
6965,1356586,2478
6966,1378810,6864
6967,1357959,2751
6968,1407345,12393
6969,1398520,10695
6970,1371687,5466
6971,1397184,10437
6972,1379454,6990
6973,1360679,3291
6974,1403316,11619
6975,1414748,13809
6976,1362222,3597
6977,1388082,8673
6978,1366802,4503
6979,1409114,12732
6980,1388962,8844
6981,1417802,14391
6982,1362616,3675
6983,1386063,8280
6984,1384369,7950
6985,1393756,9774
6986,1393555,9735
6987,1362283,3609
6988,1372694,5664
6989,1431769,17037
6990,1366711,4485
6991,1374832,6084
6992,1359107,2979
6993,1356164,2394
6994,1365587,4263
6995,1364510,4050
6996,1398022,10599
6997,1378060,6717
6998,1357205,2601
6999,1421115,15021
7000,1356119,2385
7001,1380789,7251
7002,1384323,7941
7003,1382447,7575
7004,1387697,8598
7005,1382002,7488
7006,1361132,3381
7007,1605161,47892
7008,1362404,3633
7009,1355983,2358
7010,1397261,10452
7011,1611973,49035
7012,1372175,5562
7013,1363282,3807
7014,1387727,8604
7015,1360875,3330
7016,1358095,2778
7017,1353213,1806
7018,1373121,5748
7019,1383062,7695
7020,1355471,2256
7021,1354176,1998
7022,1357778,2715
7023,1357009,2562
7024,1374373,5994
7025,1359862,3129
7026,1373900,5901
7027,1372191,5565
7028,1367334,4608
7029,1351439,1452
7030,1366848,4512
7031,1431228,16935
7032,1356526,2466
7033,1387990,8655
7034,1366802,4503
7035,3287122,241364
7036,1349593,1083
7037,1637889,53340
7038,1369326,5001
7039,1357672,2694
7040,1357899,2739
7041,1365572,4260
7042,1381464,7383
7043,1373442,5811
7044,1378228,6750
7045,1372511,5628
7046,1358035,2766
7047,1371764,5481
7048,1369676,5070
7049,1369265,4989
7050,1358427,2844
7051,1352101,1584
7052,1657595,56568
7053,1367972,4734
7054,1373655,5853
7055,1413883,13644
7056,1354929,2148
7057,1429304,16572
7058,1485027,26895
7059,1361586,3471
7060,1372618,5649
7061,1366392,4422
7062,1364177,3984
7063,1370773,5286
7064,1361223,3399
7065,1368018,4743
7066,1397168,10434
7067,1374587,6036
7068,1411105,13113
7069,1356767,2514
7070,1360089,3174
7071,1376896,6489
7072,1368292,4797
7073,1359288,3015
7074,1353800,1923
7075,1366924,4527
7076,1366134,4371
7077,1413695,13608
7078,1373381,5799
7079,1387820,8622
7080,1378029,6711
7081,1362222,3597
7082,1348364,837
7083,1389657,8979
7084,1354793,2121
7085,1375198,6156
7086,1786638,76803
7087,1354146,1992
7088,1398893,10767
7089,1362570,3666
7090,1389224,8895
7091,1364374,4023
7092,1348574,879
7093,1353198,1803
7094,1410368,12972
7095,1380374,7170
7096,1415110,13878
7097,1365375,4221
7098,1364465,4041
7099,1370331,5199
7100,1384569,7989
7101,1369722,5079
7102,1375260,6168
7103,1406939,12315
7104,1592297,45720
7105,1415031,13863
7106,1391929,9420
7107,1399671,10917
7108,1375489,6213
7109,1366483,4440
7110,1367486,4638
7111,1481038,26169
7112,1364920,4131
7113,1441573,18879
7114,1412721,13422
7115,1360149,3186
7116,1373518,5826
7117,1373503,5823
7118,1389827,9012
7119,1407048,12336
7120,1382094,7506
7121,1385123,8097
7122,1389502,8949
7123,1368824,4902
7124,1360512,3258
7125,1383400,7761
7126,1367653,4671
7127,1356571,2475
7128,1381433,7377
7129,1371154,5361
7130,1359635,3084
7131,1377845,6675
7132,1353995,1962
7133,1401258,11223
7134,1365906,4326
7135,1352040,1572
7136,1607125,48222
7137,1374327,5985
7138,1396702,10344
7139,1458706,22068
7140,1377126,6534
7141,1387635,8586
7142,1368292,4797
7143,1362555,3663
7144,1396873,10377
7145,1384123,7902
7146,1355652,2292
7147,1673255,59106
7148,1350599,1284
7149,1365071,4161
7150,1406626,12255
7151,1348888,942
7152,1409208,12750
7153,1358321,2823
7154,1478703,25743
7155,1406532,12237
7156,1434525,17556
7157,1578201,43320
7158,1404299,11808
7159,1453430,21090
7160,1393942,9810
7161,1361344,3423
7162,1377860,6678
7163,1444749,19473
7164,1363055,3762
7165,1350569,1278
7166,1358065,2772
7167,1365147,4176
7168,1361253,3405
7169,1366164,4377
7170,1355275,2217
7171,1364131,3975
7172,1372572,5640
7173,1407314,12387
7174,1371962,5520
7175,1473961,24876
7176,1390476,9138
7177,1365238,4194
7178,1384877,8049
7179,1357099,2580
7180,1360724,3300
7181,1364070,3963
7182,1361783,3510
7183,1382585,7602
7184,1366559,4455
7185,1377876,6681
7186,1377860,6678
7187,1397991,10593
7188,1369342,5004
7189,1377294,6567
7190,1431148,16920
7191,1360391,3234
7192,1375458,6207
7193,1389147,8880
7194,1421747,15141
7195,1383800,7839
7196,1377784,6663
7197,1365162,4179
7198,1434636,17577
7199,1384215,7920
7200,1373488,5820
7201,1364116,3972
7202,1387095,8481
7203,1357989,2757
7204,1363540,3858
7205,1354929,2148
7206,1353123,1788
7207,1359560,3069
7208,1360527,3261
7209,1458852,22095
7210,1357506,2661
7211,1387943,8646
7212,1390878,9216
7213,1374862,6090
7214,1381280,7347
7215,1362389,3630
7216,1350854,1335
7217,1355305,2223
7218,1371626,5454
7219,1615955,49701
7220,1354342,2031
7221,1353093,1782
7222,1361556,3465
7223,1357687,2697
7224,1375183,6153
7225,1417817,14394
7226,1445922,19692
7227,1374786,6075
7228,1374709,6060
7229,1363995,3948
7230,1392208,9474
7231,1369448,5025
7232,1386309,8328
7233,1349848,1134
7234,1357763,2712
7235,1388576,8769
7236,1380727,7239
7237,1375244,6165
7238,1365314,4209
7239,1370666,5265
7240,1360452,3246
7241,1375626,6240
7242,1398054,10605
7243,1402770,11514
7244,1363479,3846
7245,1354703,2103
7246,1389471,8943
7247,1373793,5880
7248,1352311,1626
7249,1363737,3897
7250,1379423,6984
7251,1364359,4020
7252,1362237,3600
7253,1363010,3753
7254,1400137,11007
7255,1366195,4383
7256,1393353,9696
7257,1367486,4638
7258,1353153,1794
7259,1351439,1452
7260,1347794,723
7261,1392827,9594
7262,1363631,3876
7263,1460036,22314
7264,1362389,3630
7265,1369859,5106
7266,1376452,6402
7267,1357024,2565
7268,1367106,4563
7269,1359545,3066
7270,1366438,4431
7271,1374679,6054
7272,1364313,4011
7273,1366924,4527
7274,1653804,55950
7275,1350403,1245
7276,1419442,14703
7277,1355848,2331
7278,1364692,4086
7279,1362283,3609
7280,1373060,5736
7281,1436104,17853
7282,1444669,19458
7283,1374633,6045
7284,1532753,35433
7285,1352747,1713
7286,1401975,11361
7287,1392641,9558
7288,1406376,12207
7289,1361238,3402
7290,1386479,8361
7291,1433377,17340
7292,1384800,8034
7293,1356089,2379
7294,1362283,3609
7295,1406016,12138
7296,1373885,5898
7297,1355953,2352
7298,1393849,9792
7299,1347195,603
7300,1403986,11748
7301,1361677,3489
7302,1357506,2661
7303,1354613,2085
7304,1354417,2046
7305,1429813,16668
7306,1351740,1512
7307,1356722,2505
7308,1351124,1389
7309,1364086,3966
7310,1404392,11826
7311,1360784,3312
7312,1389425,8934
7313,1355622,2286
7314,1365451,4236
7315,1382048,7497
7316,1374144,5949
7317,1395725,10155
7318,1367836,4707
7319,1386386,8343
7320,1353439,1851
7321,1359379,3033
7322,1393694,9762
7323,1450364,20520
7324,1351214,1407
7325,1351289,1422
7326,1400807,11136
7327,1352732,1710
7328,1361057,3366
7329,1378351,6774
7330,1430258,16752
7331,1361723,3498
7332,1355350,2232
7333,1362464,3645
7334,1362525,3657
7335,1377294,6567
7336,1392811,9591
7337,1420988,14997
7338,1365162,4179
7339,1393121,9651
7340,1356692,2499
7341,1385185,8109
7342,1360769,3309
7343,1348004,765
7344,1378412,6786
7345,1408785,12669
7346,1396547,10314
7347,1357009,2562
7348,1366255,4395
7349,1371078,5346
7350,1428764,16470
7351,1395895,10188
7352,1369524,5040
7353,1458820,22089
7354,1383339,7749
7355,1381787,7446
7356,1357114,2583
7357,1362555,3663
7358,1373946,5910
7359,1355275,2217
7360,1358578,2874
7361,1380129,7122
7362,1383169,7716
7363,1351755,1515
7364,1353785,1920
7365,1393369,9699
7366,1366301,4404
7367,1360542,3264
7368,1369616,5058
7369,1401227,11217
7370,1358472,2853
7371,1542220,37095
7372,1377570,6621
7373,1353363,1836
7374,1361450,3444
7375,1376192,6351
7376,1370483,5229
7377,1357914,2742
7378,1387681,8595
7379,1361299,3414
7380,1362419,3636
7381,1348634,891
7382,1372374,5601
7383,1359711,3099
7384,1390105,9066
7385,1355727,2307
7386,1363798,3909
7387,1580448,43704
7388,1350418,1248
7389,1388221,8700
7390,1354176,1998
7391,1394066,9834
7392,1386895,8442
7393,1409098,12729
7394,1348978,960
7395,1351770,1518
7396,1351485,1461
7397,1355878,2337
7398,1634634,52803
7399,1420530,14910
7400,1353709,1905
7401,1641352,53910
7402,1448979,20262
7403,1376406,6393
7404,1353604,1884
7405,1359228,3003
7406,1359983,3153
7407,1413428,13557
7408,1362631,3678
7409,1363919,3933
7410,1381050,7302
7411,1374129,5946
7412,1375336,6183
7413,1369037,4944
7414,1387943,8646
7415,1383523,7785
7416,1379883,7074
7417,1393291,9684
7418,1423217,15420
7419,1386895,8442
7420,1381756,7440
7421,1403035,11565
7422,1358774,2913
7423,1435849,17805
7424,1357190,2598
7425,1365178,4182
7426,1364768,4101
7427,1377738,6654
7428,1349413,1047
7429,1378933,6888
7430,1407596,12441
7431,1358774,2913
7432,1368368,4812
7433,1405235,11988
7434,1628867,51849
7435,1355004,2163
7436,1443593,19257
7437,1393725,9768
7438,1359560,3069
7439,1360497,3255
7440,1359771,3111
7441,1380083,7113
7442,1357084,2577
7443,1358397,2838
7444,1359182,2994
7445,1362146,3582
7446,1347465,657
7447,1421099,15018
7448,1409474,12801
7449,1410760,13047
7450,1396842,10371
7451,1350764,1317
7452,1514430,32187
7453,1379485,6996
7454,1381479,7386
7455,1391048,9249
7456,1391125,9264
7457,1356601,2481
7458,1385277,8127
7459,1510715,31524
7460,1372847,5694
7461,1362828,3717
7462,1360815,3318
7463,1364040,3957
7464,1465564,23334
7465,1365147,4176
7466,1352987,1761
7467,1353544,1872
7468,1364874,4122
7469,1357823,2724
7470,1390800,9201
7471,1362691,3690
7472,1366848,4512
7473,1446886,19872
7474,1397805,10557
7475,1359817,3120
7476,1440420,18663
7477,1353529,1869
7478,1364010,3951
7479,1434445,17541
7480,1368003,4740
7481,1368124,4764
7482,1357190,2598
7483,1399966,10974
7484,1389085,8868
7485,1412328,13347
7486,1388993,8850
7487,1369585,5052
7488,1431260,16941
7489,1441301,18828
7490,1367273,4596
7491,1356903,2541
7492,1359515,3060
7493,1363252,3801
7494,1350208,1206
7495,1362101,3573
7496,1366893,4521
7497,1381264,7344
7498,1359696,3096
7499,1368824,4902
7500,1367988,4737
7501,1368748,4887
7502,1618238,50082
7503,1400340,11046
7504,1357446,2649
7505,1365557,4257
7506,1355275,2217
7507,1362192,3591
7508,1366271,4398
7509,1419789,14769
7510,1423628,15498
7511,1381050,7302
7512,1399655,10914
7513,1925642,97026
7514,1347779,720
7515,1375932,6300
7516,1353800,1923
7517,1363889,3927
7518,1385447,8160
7519,1346791,522
7520,1349533,1071
7521,1360301,3216
7522,1358216,2802
7523,1374098,5940
7524,1356285,2418
7525,1390970,9234
7526,1402661,11493
7527,1388437,8742
7528,1369372,5010
7529,1352506,1665
7530,1397230,10446
7531,1354718,2106
7532,1358170,2793
7533,1410775,13050
7534,1358654,2889
7535,1367790,4698
7536,1358548,2868
7537,1547508,38019
7538,1379178,6936
7539,1373060,5736
7540,1388098,8676
7541,1359031,2964
7542,1371703,5469
7543,1354582,2079
7544,1354959,2154
7545,1389734,8994
7546,1377539,6615
7547,1353093,1782
7548,1358487,2856
7549,1357748,2709
7550,1390754,9192
7551,1420641,14931
7552,1380589,7212
7553,1441781,18918
7554,1353153,1794
7555,1364237,3996
7556,1351905,1545
7557,1367790,4698
7558,1357084,2577
7559,1383308,7743
7560,1349998,1164
7561,1365193,4185
7562,1369798,5094
7563,1366271,4398
7564,1360573,3270
7565,1352191,1602
7566,1363404,3831
7567,1386402,8346
7568,1367729,4686
7569,1356963,2553
7570,1390537,9150
7571,1377723,6651
7572,1353830,1929
7573,1368915,4920
7574,1353544,1872
7575,1359666,3090
7576,1377416,6591
7577,1387743,8607
7578,1387095,8481
7579,1368322,4803
7580,1361980,3549
7581,1439476,18486
7582,1356029,2367
7583,1366514,4446
7584,1391620,9360
7585,1403893,11730
7586,1369600,5055
7587,1391017,9243
7588,1394887,9993
7589,1358004,2760
7590,1405860,12108
7591,1495180,28734
7592,1351785,1521
7593,1393245,9675
7594,1356360,2433
7595,1364131,3975
7596,1359197,2997
7597,1394112,9843
7598,1355486,2259
7599,1457474,21840
7600,1369402,5016
7601,1368216,4782
7602,1367440,4629
7603,1359545,3066
7604,1376544,6420
7605,1356466,2454
7606,1357024,2565
7607,1359258,3009
7608,1378243,6753
7609,1408206,12558
7610,1362934,3738
7611,1373198,5763
7612,1369174,4971
7613,1381495,7389
7614,1400324,11043
7615,1350644,1293
7616,1375948,6303
7617,1367228,4587
7618,1358895,2937
7619,1360845,3324
7620,1439092,18414
7621,1361980,3549
7622,1378427,6789
7623,1368885,4914
7624,1358548,2868
7625,1374389,5997
7626,1457572,21858
7627,1361798,3513
7628,1366650,4473
7629,1407909,12501
7630,1364829,4113
7631,1389441,8937
7632,1403659,11685
7633,1357808,2721
7634,1364586,4065
7635,1363070,3765
7636,1361723,3498
7637,1357310,2622
7638,1377845,6675
7639,1354281,2019
7640,1361677,3489
7641,1351785,1521
7642,1359741,3105
7643,1369753,5085
7644,1409662,12837
7645,1365830,4311
7646,1367440,4629
7647,1351500,1464
7648,1404829,11910
7649,1356330,2427
7650,1353394,1842
7651,1394283,9876
7652,1389209,8892
7653,1372785,5682
7654,1347869,738
7655,1363207,3792
7656,1396858,10374
7657,1345385,240
7658,1422173,15222
7659,1411873,13260
7660,1376468,6405
7661,1369281,4992
7662,1375015,6120
7663,1405329,12006
7664,1400059,10992
7665,1391048,9249
7666,1381940,7476
7667,1357491,2658
7668,1359092,2976
7669,1379270,6954
7670,1360482,3252
7671,1364419,4032
7672,1354357,2034
7673,1391805,9396
7674,1385832,8235
7675,1358865,2931
7676,1400386,11055
7677,1357401,2640
7678,1420231,14853
7679,1351349,1434
7680,1406626,12255
7681,1357356,2631
7682,1382309,7548
7683,1351319,1428
7684,1418353,14496
7685,1426844,16107
7686,1365223,4191
7687,1374862,6090
7688,1402364,11436
7689,1400573,11091
7690,1368474,4833
7691,1368474,4833
7692,1359469,3051
7693,1384523,7980
7694,1357869,2733
7695,1363813,3912
7696,1391945,9423
7697,1426781,16095
7698,1359061,2970
7699,1399484,10881
7700,1359076,2973
7701,1371672,5463
7702,1375336,6183
7703,1390708,9183
7704,1380236,7143
7705,1375795,6273
7706,1379025,6906
7707,1369007,4938
7708,1392687,9567
7709,1384846,8043
7710,1428113,16347
7711,1356104,2382
7712,1362858,3723
7713,1379730,7044
7714,1412344,13350
7715,1358654,2889
7716,1373472,5817
7717,1351424,1449
7718,1360769,3309
7719,1374083,5937
7720,1367060,4554
7721,1378412,6786
7722,1348064,777
7723,1392146,9462
7724,1358503,2859
7725,1410242,12948
7726,1428780,16473
7727,1363919,3933
7728,1401258,11223
7729,1355652,2292
7730,1362919,3735
7731,1353108,1785
7732,1364086,3966
7733,1365223,4191
7734,1624257,51084
7735,1379975,7092
7736,1368566,4851
7737,1356828,2526
7738,1366681,4479
7739,1368992,4935
7740,1379791,7056
7741,1355697,2301
7742,1386201,8307
7743,1349833,1131
7744,1375229,6162
7745,1422743,15330
7746,1403300,11616
7747,1373167,5757
7748,1362691,3690
7749,1439844,18555
7750,1371200,5370
7751,1387604,8580
7752,1388838,8820
7753,1386155,8298
7754,1364814,4110
7755,1417849,14400
7756,1358382,2835
7757,1394035,9828
7758,1365360,4218
7759,1425338,15822
7760,1426305,16005
7761,1430862,16866
7762,1380911,7275
7763,1435721,17781
7764,1367349,4611
7765,1352672,1698
7766,1354010,1965
7767,1361087,3372
7768,1371428,5415
7769,1356571,2475
7770,1360800,3315
7771,1357446,2649
7772,1394236,9867
7773,1394438,9906
7774,1351560,1476
7775,1376621,6435
7776,1354989,2160
7777,1379255,6951
7778,1390290,9102
7779,1374816,6081
7780,1415267,13908
7781,1455338,21444
7782,1352717,1707
7783,1396454,10296
7784,1355170,2196
7785,1364632,4074
7786,1415235,13902
7787,1432979,17265
7788,1456924,21738
7789,1404814,11907
7790,1357386,2637
7791,1373426,5808
7792,1354417,2046
7793,1364965,4140
7794,1367045,4551
7795,1359847,3126
7796,1379991,7095
7797,1359590,3075
7798,1535549,35925
7799,1355366,2235
7800,1360301,3216
7801,1379515,7002
7802,1358019,2763
7803,1390661,9174
7804,1432772,17226
7805,1361768,3507
7806,1363313,3813
7807,1381848,7458
7808,1356255,2412
7809,1476240,25293
7810,1354793,2121
7811,1363085,3768
7812,1395337,10080
7813,1363040,3759
7814,1397370,10473
7815,1403269,11610
7816,1397510,10500
7817,1359046,2967
7818,1359197,2997
7819,1383139,7710
7820,1373335,5790
7821,1391218,9282
7822,1377049,6519
7823,1357582,2676
7824,1359258,3009
7825,1402863,11532
7826,1381234,7338
7827,1419378,14691
7828,1376284,6369
7829,1362086,3570
7830,1386972,8457
7831,1392440,9519
7832,1353634,1890
7833,1353890,1941
7834,1367790,4698
7835,1358714,2901
7836,1361390,3432
7837,1365481,4242
7838,1381725,7434
7839,3914739,288528
7840,1354718,2106
7841,1366787,4500
7842,1355079,2178
7843,1465874,23391
7844,1357929,2745
7845,1363282,3807
7846,1370986,5328
7847,1360301,3216
7848,1373213,5766
7849,1359832,3123
7850,1351214,1407
7851,1382585,7602
7852,1350554,1275
7853,1352732,1710
7854,1358805,2919
7855,1412784,13434
7856,1431005,16893
7857,1396454,10296
7858,1363707,3891
7859,1370590,5250
7860,1393369,9699
7861,1399624,10908
7862,1405235,11988
7863,1404455,11838
7864,1397603,10518
7865,1357220,2604
7866,1352341,1632
7867,1412109,13305
7868,1362283,3609
7869,1423439,15462
7870,1399188,10824
7871,1358367,2832
7872,1372023,5532
7873,1589962,45324
7874,1352732,1710
7875,1370225,5178
7876,1357446,2649
7877,1349803,1125
7878,1358487,2856
7879,1363085,3768
7880,1370453,5223
7881,1387327,8526
7882,1376269,6366
7883,1359394,3036
7884,1361632,3480
7885,1402255,11415
7886,1369083,4953
7887,1363722,3894
7888,1383431,7767
7889,1374969,6111
7890,1358669,2892
7891,1355290,2220
7892,1351259,1416
7893,1358789,2916
7894,1378964,6894
7895,1383246,7731
7896,1361950,3543
7897,1375321,6180
7898,1664666,57717
7899,1363267,3804
7900,1355682,2298
7901,1352672,1698
7902,1348124,789
7903,1350133,1191
7904,1374786,6075
7905,1355742,2310
7906,1369905,5115
7907,1356315,2424
7908,1369676,5070
7909,1352461,1656
7910,1358669,2892
7911,1363919,3933
7912,1373060,5736
7913,1356179,2397
7914,1409772,12858
7915,1362373,3627
7916,1380773,7248
7917,1366681,4479
7918,1376743,6459
7919,1359228,3003
7920,1361223,3399
7921,1368277,4794
7922,1358925,2943
7923,1357265,2613
7924,1401492,11268
7925,1361420,3438
7926,1371367,5403
7927,1354808,2124
7928,1389950,9036
7929,1370087,5151
7930,1370255,5184
7931,1392161,9465
7932,1352055,1575
7933,1380313,7158
7934,1362343,3621
7935,1373885,5898
7936,1419473,14709
7937,1366939,4530
7938,1363343,3819
7939,1354342,2031
7940,1378427,6789
7941,1358352,2829
7942,1375565,6228
7943,1354628,2088
7944,1389348,8919
7945,1374923,6102
7946,1358276,2814
7947,1394360,9891
7948,1367060,4554
7949,1358261,2811
7950,1391960,9426
7951,1417502,14334
7952,1354402,2043
7953,1441765,18915
7954,1375168,6150
7955,1349398,1044
7956,1369555,5046
7957,1439556,18501
7958,1366255,4395
7959,1371215,5373
7960,1395337,10080
7961,1410807,13056
7962,1378580,6819
7963,1410728,13041
7964,1377753,6657
7965,1354869,2136
7966,1377677,6642
7967,1356420,2445
7968,1366104,4365
7969,1365694,4284
7970,1351605,1485
7971,1383016,7686
7972,1366635,4470
7973,1400916,11157
7974,1413286,13530
7975,1365861,4317
7976,1391450,9327
7977,1518459,32904
7978,1359560,3069
7979,1378749,6852
7980,1397339,10467
7981,1370575,5247
7982,1385277,8127
7983,1356556,2472
7984,1374358,5991
7985,1376942,6498
7986,1363707,3891
7987,1369981,5130
7988,1357099,2580
7989,1382908,7665
7990,1381740,7437
7991,1355004,2163
7992,1362313,3615
7993,1364207,3990
7994,1350448,1254
7995,1360694,3294
7996,1401414,11253
7997,1356405,2442
7998,1502493,30051
7999,1431705,17025
8000,1568043,41577
8001,1418070,14442
8002,1370590,5250
8003,1383046,7692
8004,1545686,37701
8005,1426099,15966
8006,1362510,3654
8007,1376085,6330
8008,1376085,6330
8009,1372175,5562
8010,1356089,2379
8011,1357763,2712
8012,1352747,1713
8013,1360376,3231
8014,1417077,14253
8015,1424641,15690
8016,1367805,4701
8017,1397541,10506
8018,1352266,1617
8019,1354853,2133
8020,1361314,3417
8021,1376881,6486
8022,1354417,2046
8023,1351890,1542
8024,1358472,2853
8025,1395740,10158
8026,1384661,8007
8027,1366240,4392
8028,1371596,5448
8029,1363525,3855
8030,1364268,4002
8031,1380620,7218
8032,1371779,5484
8033,1352311,1626
8034,1361102,3375
8035,1368794,4896
8036,1356978,2556
8037,1369646,5064
8038,1393462,9717
8039,1371626,5454
8040,1424103,15588
8041,1384215,7920
8042,1357989,2757
8043,1378213,6747
8044,1387835,8625
8045,1355893,2340
8046,1357084,2577
8047,1406642,12258
8048,1367228,4587
8049,1415110,13878
8050,1369707,5076
8051,1359001,2958
8052,1401492,11268
8053,1365952,4335
8054,1350539,1272
8055,1500757,29739
8056,1390213,9087
8057,1392440,9519
8058,1379301,6960
8059,1363813,3912
8060,1378473,6798
8061,1367684,4677
8062,1367228,4587
8063,1625214,51243
8064,1796874,78345
8065,1360709,3297
8066,1363116,3774
8067,1388746,8802
8068,1365345,4215
8069,1393136,9654
8070,1435147,17673
8071,1449591,20376
8072,1378795,6861
8073,1401102,11193
8074,1394500,9918
8075,1361148,3384
8076,1435242,17691
8077,1369676,5070
8078,1346282,420
8079,1349638,1092
8080,1364328,4014
8081,1364207,3990
8082,1391434,9324
8083,1358608,2880
8084,1354899,2142
8085,1368353,4809
8086,1474993,25065
8087,1368839,4905
8088,1366058,4356
8089,1371398,5409
8090,1349713,1107
8091,1349413,1047
8092,1379607,7020
8093,1367212,4584
8094,1415613,13974
8095,1372953,5715
8096,1363343,3819
8097,1537206,36216
8098,1358397,2838
8099,1371550,5439
8100,1381019,7296
8101,1351575,1479
8102,1359983,3153
8103,1370575,5247
8104,1379899,7077
8105,1404080,11766
8106,1388021,8661
8107,1372465,5619
8108,1409161,12741
8109,1361450,3444
8110,1373289,5781
8111,1352912,1746
8112,1382263,7539
8113,1351199,1404
8114,1373961,5913
8115,1372694,5664
8116,1365512,4248
8117,1354342,2031
8118,1406095,12153
8119,1368946,4926
8120,1366422,4428
8121,1454545,21297
8122,1374083,5937
8123,1357838,2727
8124,1368033,4746
8125,1376208,6354
8126,1452494,20916
8127,1434923,17631
8128,1361178,3390
8129,1361617,3477
8130,1431642,17013
8131,1361526,3459
8132,1385031,8079
8133,1440196,18621
8134,1385077,8088
8135,1382924,7668
8136,1364328,4014
8137,1356089,2379
8138,1380022,7101
8139,1424293,15624
8140,1347869,738
8141,1362161,3585
8142,1415896,14028
8143,1378289,6762
8144,1409224,12753
8145,1354191,2001
8146,1359862,3129
8147,1363479,3846
8148,1362222,3597
8149,1402723,11505
8150,1354733,2109
8151,1386910,8445
8152,1366407,4425
8153,1363464,3843
8154,1368794,4896
8155,1360497,3255
8156,1403596,11673
8157,1398504,10692
8158,1354944,2151
8159,1355230,2208
8160,1405563,12051
8161,1403269,11610
8162,1367380,4617
8163,1465336,23292
8164,1365557,4257
8165,1392641,9558
8166,1358201,2799
8167,1365390,4224
8168,1350388,1242
8169,1352987,1761
8170,1368763,4890
8171,1368413,4821
8172,1404689,11883
8173,1434477,17547
8174,1428002,16326
8175,1392378,9507
8176,1355712,2304
8177,1413632,13596
8178,1373732,5868
8179,1353258,1815
8180,1363585,3867
8181,1363661,3882
8182,1415770,14004
8183,1357280,2616
8184,1365815,4308
8185,1383077,7698
8186,1388576,8769
8187,1371230,5376
8188,1395151,10044
8189,1357371,2634
8190,1376575,6426
8191,1373549,5832
8192,1357491,2658
8193,1358004,2760
8194,1384800,8034
8195,1361344,3423
8196,1410211,12942
8197,1371657,5460
8198,1393756,9774
8199,1367912,4722
8200,1373075,5739
8201,1379653,7029
8202,1420578,14919
8203,1639419,53592
8204,1355712,2304
8205,1376835,6477
8206,1366878,4518
8207,1356526,2466
8208,1426670,16074
8209,1355004,2163
8210,1360754,3306
8211,1382002,7488
8212,1398675,10725
8213,1390723,9186
8214,1352296,1623
8215,1389271,8904
8216,1389842,9015
8217,1391744,9384
8218,1364343,4017
8219,1374404,6000
8220,1433106,17289
8221,1364010,3951
8222,1403284,11613
8223,1357582,2676
8224,1409991,12900
8225,1367045,4551
8226,1375030,6123
8227,1386479,8361
8228,1367273,4596
8229,1417361,14307
8230,1358246,2808
8231,1349788,1122
8232,1375489,6213
8233,1378780,6858
8234,1370285,5190
8235,1382340,7554
8236,1372236,5574
8237,1453285,21063
8238,1363085,3768
8239,1350569,1278
8240,1420183,14844
8241,1363222,3795
8242,1407705,12462
8243,1354236,2010
8244,1380221,7140
8245,1433250,17316
8246,1365071,4161
8247,1403924,11736
8248,1364889,4125
8249,1419347,14685
8250,1365314,4209
8251,1370438,5220
8252,1392393,9510
8253,1381464,7383
8254,1397401,10479
8255,1357024,2565
8256,1408316,12579
8257,1377371,6582
8258,1370819,5295
8259,1405142,11970
8260,1366529,4449
8261,1368216,4782
8262,1390414,9126
8263,1389610,8970
8264,1384723,8019
8265,1440500,18678
8266,1525394,34134
8267,1368368,4812
8268,1376575,6426
8269,1431085,16908
8270,1355592,2280
8271,1417392,14313
8272,1384123,7902
8273,1372541,5634
8274,1359424,3042
8275,1353078,1779
8276,1375443,6204
8277,1356300,2421
8278,1357461,2652
8279,1361813,3516
8280,1477766,25572
8281,1384831,8040
8282,1379960,7089
8283,1357748,2709
8284,1352146,1593
8285,1355772,2316
8286,1369448,5025
8287,1414465,13755
8288,1364980,4143
8289,1378688,6840
8290,1370027,5139
8291,1419142,14646
8292,1351830,1530
8293,1357582,2676
8294,1356978,2556
8295,1371703,5469
8296,1373732,5868
8297,1388885,8829
8298,1384585,7992
8299,1359892,3135
8300,1353123,1788
8301,1395647,10140
8302,1363510,3852
8303,1379056,6912
8304,1395849,10179
8305,1368809,4899
8306,1350734,1311
8307,1366043,4353
8308,1377110,6531
8309,1376361,6384
8310,1350629,1290
8311,1392037,9441
8312,1366438,4431
8313,1367410,4623
8314,1367699,4680
8315,1353168,1797
8316,1368413,4821
8317,1357989,2757
8318,1364616,4071
8319,1381126,7317
8320,1357144,2589
8321,1357838,2727
8322,1663926,57597
8323,1385832,8235
8324,1368915,4920
8325,1353559,1875
8326,1373518,5826
8327,1383708,7821
8328,1494781,28662
8329,1349593,1083
8330,1377570,6621
8331,1389842,9015
8332,1531595,35229
8333,1384477,7971
8334,1379086,6918
8335,1449542,20367
8336,1363646,3879
8337,1512496,31842
8338,1355456,2253
8339,1379960,7089
8340,1374511,6021
8341,1364783,4104
8342,1361828,3519
8343,1375168,6150
8344,1362525,3657
8345,1390105,9066
8346,1395507,10113
8347,1361738,3501
8348,1354161,1995
8349,1356707,2502
8350,1391651,9366
8351,1356541,2469
8352,1362570,3666
8353,1355516,2265
8354,1362676,3687
8355,1387219,8505
8356,1356481,2457
8357,1368672,4872
8358,1362071,3567
8359,1409427,12792
8360,1351304,1425
8361,1381004,7293
8362,1356692,2499
8363,1375565,6228
8364,1386987,8460
8365,1353755,1914
8366,1364707,4089
8367,1394934,10002
8368,1394872,9990
8369,1377263,6561
8370,1370346,5202
8371,1348094,783
8372,1361965,3546
8373,1448737,20217
8374,1351139,1392
8375,1367699,4680
8376,1397013,10404
8377,1371123,5355
8378,1384985,8070
8379,1379761,7050
8380,1405235,11988
8381,1352747,1713
8382,1373518,5826
8383,1352176,1599
8384,1358805,2919
8385,1360709,3297
8386,1406110,12156
8387,1390012,9048
8388,1368900,4917
8389,1406923,12312
8390,1371322,5394
8391,1351364,1437
8392,1353093,1782
8393,1359273,3012
8394,1360936,3342
8395,1368702,4878
8396,1349443,1053
8397,1405220,11985
8398,1777112,75360
8399,1376162,6345
8400,1349218,1008
8401,1356526,2466
8402,1384061,7890
8403,1374450,6009
8404,1372862,5697
8405,1351454,1455
8406,1369311,4998
8407,1384508,7977
8408,1350734,1311
8409,1360059,3168
8410,1373198,5763
8411,1357929,2745
8412,1359288,3015
8413,1410085,12918
8414,1361511,3456
8415,1409960,12894
8416,1425624,15876
8417,1369737,5082
8418,1362449,3642
8419,1363010,3753
8420,1352116,1587
8421,1387928,8643
8422,1364601,4068
8423,1358835,2925
8424,1375000,6117
8425,1366757,4494
8426,1363313,3813
8427,1355456,2253
8428,1360346,3225
8429,1383354,7752
8430,1447836,20049
8431,1353333,1830
8432,1397230,10446
8433,1362858,3723
8434,1400682,11112
8435,1390058,9057
8436,1373686,5859
8437,1449220,20307
8438,1373793,5880
8439,1442375,19029
8440,1392208,9474
8441,1359243,3006
8442,1385955,8259
8443,1370834,5298
8444,1397758,10548
8445,1371901,5508
8446,1370742,5280
8447,1397867,10569
8448,1354628,2088
8449,1356209,2403
8450,1366377,4419
8451,1375214,6159
8452,1366362,4416
8453,1376253,6363
8454,1381295,7350
8455,1382447,7575
8456,1396966,10395
8457,1363949,3939
8458,1359938,3144
8459,1389750,8997
8460,1407987,12516
8461,1378994,6900
8462,1638326,53412
8463,1437925,18195
8464,1373991,5919
8465,1364632,4074
8466,1413742,13617
8467,1375886,6291
8468,1355019,2166
8469,1401803,11328
8470,1462245,22722
8471,1357114,2583
8472,1378320,6768
8473,1374098,5940
8474,1349278,1020
8475,1365770,4299
8476,1356013,2364
8477,1349308,1026
8478,1365481,4242
8479,1357627,2685
8480,1368489,4836
8481,1393044,9636
8482,1411967,13278
8483,1403035,11565
8484,1380420,7179
8485,1406954,12318
8486,1442310,19017
8487,1390646,9171
8488,1400044,10989
8489,1355245,2211
8490,1363494,3849
8491,1368201,4779
8492,1370255,5184
8493,1393957,9813
8494,1350554,1275
8495,1391465,9330
8496,1425180,15792
8497,1383277,7737
8498,1377968,6699
8499,1423929,15555
8500,1378994,6900
8501,1367334,4608
8502,1382831,7650
8503,1356918,2544
8504,1375107,6138
8505,1357657,2691
8506,1642009,54018
8507,1356963,2553
8508,1365937,4332
8509,1402162,11397
8510,1376284,6369
8511,1376896,6489
8512,1469381,24036
8513,1349128,990
8514,1365420,4230
8515,1392177,9468
8516,1368474,4833
8517,1396485,10302
8518,1405329,12006
8519,1361647,3483
8520,1355245,2211
8521,1352326,1629
8522,1371764,5481
8523,1369159,4968
8524,1390754,9192
8525,1355109,2184
8526,1380988,7290
8527,1362207,3594
8528,1382278,7542
8529,1358261,2811
8530,1448946,20256
8531,1364146,3978
8532,1682935,60663
8533,1354251,2013
8534,1353258,1815
8535,1533349,35538
8536,1359273,3012
8537,1369128,4962
8538,1398395,10671
8539,1380221,7140
8540,1350403,1245
8541,1354869,2136
8542,1357401,2640
8543,1351725,1509
8544,1366544,4452
8545,1363752,3900
8546,1363752,3900
8547,1356948,2550
8548,1348124,789
8549,1369479,5031
8550,1414748,13809
8551,1403690,11691
8552,1347450,654
8553,1398582,10707
8554,1355637,2289
8555,1392161,9465
8556,1354477,2058
8557,1447642,20013
8558,1395011,10017
8559,1361707,3495
8560,1411732,13233
8561,1371154,5361
8562,1395973,10203
8563,1434540,17559
8564,1425639,15879
8565,1360739,3303
8566,1366757,4494
8567,1354884,2139
8568,1393013,9630
8569,1380328,7161
8570,1367349,4611
8571,1369113,4959
8572,1376223,6357
8573,1355320,2226
8574,2936705,210938
8575,1395833,10176
8576,1355607,2283
8577,1355004,2163
8578,1353288,1821
8579,1388098,8676
8580,1369448,5025
8581,1412297,13341
8582,1378580,6819
8583,1383354,7752
8584,1384292,7935
8585,1394918,9999
8586,1378274,6759
8587,1393911,9804
8588,1374847,6087
8589,1425782,15906
8590,1368124,4764
8591,1362040,3561
8592,1359651,3087
8593,1430512,16800
8594,1448447,20163
8595,1380773,7248
8596,1458836,22092
8597,1370118,5157
8598,1355833,2328
8599,1363570,3864
8600,1373198,5763
8601,1415534,13959
8602,1392920,9612
8603,1379454,6990
8604,1378412,6786
8605,1374954,6108
8606,1375229,6162
8607,1387913,8640
8608,1350088,1182
8609,1382877,7659
8610,1376911,6492
8611,1357084,2577
8612,1348049,774
8613,1374373,5994
8614,1449156,20295
8615,1351079,1380
8616,1643177,54210
8617,1414842,13827
8618,1433138,17295
8619,1387157,8493
8620,1387003,8463
8621,1357340,2628
8622,1381633,7416
8623,1357884,2736
8624,1372297,5586
8625,1386741,8412
8626,1437445,18105
8627,1499340,29484
8628,1352386,1641
8629,1376728,6456
8630,1373564,5835
8631,1355305,2223
8632,1416479,14139
8633,1374633,6045
8634,1367562,4653
8635,1400386,11055
8636,1363843,3918
8637,1353815,1926
8638,1379699,7038
8639,1353755,1914
8640,1387064,8475
8641,1379377,6975
8642,1400651,11106
8643,1364389,4026
8644,1382155,7518
8645,1371947,5517
8646,1369235,4983
8647,1364616,4071
8648,1367410,4623
8649,1352657,1695
8650,1403643,11682
8651,1361919,3537
8652,1398691,10728
8653,1373152,5754
8654,1387342,8529
8655,1378289,6762
8656,1356918,2544
8657,1387234,8508
8658,1357612,2682
8659,1356963,2553
8660,1422031,15195
8661,1366422,4428
8662,1384862,8046
8663,1348469,858
8664,1381050,7302
8665,1557776,39804
8666,1424752,15711
8667,1391976,9429
8668,1499190,29457
8669,1417707,14373
8670,1388561,8766
8671,1400449,11067
8672,1372496,5625
8673,1397587,10515
8674,1352025,1569
8675,1563309,40761
8676,1419678,14748
8677,1401398,11250
8678,1354778,2118
8679,1392641,9558
8680,1358820,2922
8681,1386217,8310
8682,1348828,930
8683,1354266,2016
8684,1360497,3255
8685,1358442,2847
8686,1389487,8946
8687,1408034,12525
8688,1390615,9165
8689,1362283,3609
8690,1394329,9885
8691,1355486,2259
8692,1388422,8739
8693,1395461,10104
8694,1362798,3711
8695,1355260,2214
8696,1385939,8256
8697,1372404,5607
8698,1366331,4410
8699,1371779,5484
8700,1373762,5874
8701,1361601,3474
8702,1411010,13095
8703,1458998,22122
8704,1374877,6093
8705,1369098,4956
8706,1410587,13014
8707,1371535,5436
8708,1428256,16374
8709,1358563,2871
8710,1387758,8610
8711,1382570,7599
8712,1374740,6066
8713,1374175,5955
8714,1383154,7713
8715,1355893,2340
8716,1359092,2976
8717,1361541,3462
8718,1868920,88956
8719,1370072,5148
8720,1378274,6759
8721,1385878,8244
8722,1381464,7383
8723,1353574,1878
8724,1398691,10728
8725,1357174,2595
8726,1356963,2553
8727,1359787,3114
8728,1366164,4377
8729,1390491,9141
8730,1356632,2487
8731,1464603,23157
8732,1480183,26013
8733,1356993,2559
8734,1391450,9327
8735,1383646,7809
8736,1416211,14088
8737,1354793,2121
8738,1370438,5220
8739,1358865,2931
8740,1407001,12327
8741,1375107,6138
8742,1365238,4194
8743,1398520,10695
8744,1368094,4758
8745,1364783,4104
8746,1372953,5715
8747,1380282,7152
8748,1366468,4437
8749,1384446,7965
8750,1423818,15534
8751,1401757,11319
8752,1360180,3192
8753,1362661,3684
8754,1353514,1866
8755,1357582,2676
8756,1362419,3636
8757,1362601,3672
8758,1376345,6381
8759,1360316,3219
8760,1385693,8208
8761,1375030,6123
8762,1734513,68811
8763,1368459,4830
8764,1400713,11118
8765,1351905,1545
8766,1359273,3012
8767,1365512,4248
8768,1391001,9240
8769,1385031,8079
8770,1373549,5832
8771,1364768,4101
8772,1356556,2472
8773,1649233,55203
8774,1348124,789
8775,1383062,7695
8776,1371062,5343
8777,1356556,2472
8778,1376177,6348
8779,1360391,3234
8780,1408237,12564
8781,1353815,1926
8782,1355923,2346
8783,1400869,11148
8784,1623408,50943
8785,1425259,15807
8786,1394267,9873
8787,1418921,14604
8788,1647804,54969
8789,1410948,13083
8790,1358367,2832
8791,1372358,5598
8792,1355818,2325
8793,1391836,9402
8794,1406313,12195
8795,1409647,12834
8796,1360089,3174
8797,1355787,2319
8798,1363707,3891
8799,1376988,6507
8800,1369555,5046
8801,1367440,4629
8802,1380727,7239
8803,1375596,6234
8804,1355622,2286
8805,1386155,8298
8806,1391218,9282
8807,1367836,4707
8808,1364980,4143
8809,1369616,5058
8810,1356044,2370
8811,1351785,1521
8812,1358291,2817
8813,1378351,6774
8814,1382739,7632
8815,1346432,450
8816,1364996,4146
8817,1390615,9165
8818,1364359,4020
8819,1363176,3786
8820,1390120,9069
8821,1360331,3222
8822,1352747,1713
8823,1372847,5694
8824,1366544,4452
8825,1413239,13521
8826,1378994,6900
8827,1359560,3069
8828,1416935,14226
8829,1423945,15558
8830,1384538,7983
8831,1432199,17118
8832,1390584,9159
8833,1419268,14670
8834,1352942,1752
8835,1373640,5850
8836,1381479,7386
8837,1355938,2349
8838,1373136,5751
8839,1382693,7623
8840,1469985,24147
8841,1368048,4749
8842,1357612,2682
8843,1364283,4005
8844,1360573,3270
8845,1362828,3717
8846,1350373,1239
8847,1353709,1905
8848,1399717,10926
8849,1387049,8472
8850,1398131,10620
8851,1392177,9468
8852,1504883,30480
8853,1404517,11850
8854,1382017,7491
8855,1355064,2175
8856,1368109,4761
8857,1348394,843
8858,1352131,1590
8859,1371687,5466
8860,1375764,6267
8861,1429717,16650
8862,1443321,19206
8863,1516283,32517
8864,1437845,18180
8865,1348978,960
8866,1362071,3567
8867,1368931,4923
8868,1372374,5601
8869,1377156,6540
8870,1353469,1857
8871,1409459,12798
8872,1398955,10779
8873,1465499,23322
8874,1363025,3756
8875,1396330,10272
8876,1379715,7041
8877,1389410,8931
8878,1370133,5160
8879,1353394,1842
8880,1373854,5892
8881,1361314,3417
8882,1377217,6552
8883,1376437,6399
8884,1359953,3147
8885,1403066,11571
8886,1358638,2886
8887,1361798,3513
8888,1351394,1443
8889,1404814,11907
8890,1353694,1902
8891,1357039,2568
8892,1350944,1353
8893,1415172,13890
8894,1356270,2415
8895,1376835,6477
8896,1367942,4728
8897,1364950,4137
8898,1352326,1629
8899,1409192,12747
8900,1430958,16884
8901,1370316,5196
8902,1418054,14439
8903,1404548,11856
8904,1402255,11415
8905,1352086,1581
8906,1360709,3297
8907,1355109,2184
8908,1359923,3141
8909,1403394,11634
8910,1391264,9291
8911,1368201,4779
8912,1397122,10425
8913,1377815,6669
8914,1371367,5403
8915,1359756,3108
8916,1358956,2949
8917,1386787,8421
8918,1353785,1920
8919,1376666,6444
8920,1349098,984
8921,1376774,6465
8922,1597029,46521
8923,1364586,4065
8924,1361601,3474
8925,1357220,2604
8926,1406704,12270
8927,1376284,6369
8928,1359076,2973
8929,1371703,5469
8930,1361768,3507
8931,1387234,8508
8932,1402146,11394
8933,1361586,3471
8934,1373213,5766
8935,1394841,9984
8936,1371398,5409
8937,1351890,1542
8938,1369052,4947
8939,1365512,4248
8940,1358744,2907
8941,1431689,17022
8942,1359666,3090
8943,1391991,9432
8944,1366969,4536
8945,1359061,2970
8946,1372450,5616
8947,1368246,4788
8948,1383446,7770
8949,1378580,6819
8950,1387866,8631
8951,1374755,6069
8952,1367547,4650
8953,1356737,2508
8954,1356044,2370
8955,1404236,11796
8956,1367091,4560
8957,1387866,8631
8958,1360467,3249
8959,1357356,2631
8960,1512244,31797
8961,1364298,4008
8962,1397075,10416
8963,1351229,1410
8964,1391048,9249
8965,1374939,6105
8966,1406282,12189
8967,1386417,8349
8968,1361707,3495
8969,1401352,11241
8970,1378872,6876
8971,1358880,2934
8972,1357597,2679
8973,1363191,3789
8974,1368124,4764
8975,1395197,10053
8976,1385924,8253
8977,1358019,2763
8978,1351439,1452
8979,1348798,924
8980,1366848,4512
8981,1388067,8670
8982,1353905,1944
8983,1391357,9309
8984,1396376,10281
8985,1358095,2778
8986,1392904,9609
8987,1384400,7956
8988,1363601,3870
8989,1409443,12795
8990,1366438,4431
8991,1419268,14670
8992,1372236,5574
8993,1360285,3213
8994,1398209,10635
8995,1371276,5385
8996,1361299,3414
8997,1364116,3972
8998,1368413,4821
8999,1403518,11658
9000,1379086,6918
9001,1363313,3813
9002,1364465,4041
9003,1393570,9738
9004,1529213,34809
9005,1361950,3543
9006,1352582,1680
9007,1383477,7776
9008,1378366,6777
9009,1379899,7077
9010,1373213,5766
9011,1354658,2094
9012,1455580,21489
9013,1384384,7953
9014,1393663,9756
9015,1397634,10524
9016,1354778,2118
9017,1355772,2316
9018,1379684,7035
9019,1404018,11754
9020,1384862,8046
9021,1369600,5055
9022,1352912,1746
9023,1357280,2616
9024,1394670,9951
9025,1361178,3390
9026,1388931,8838
9027,1357174,2595
9028,1359711,3099
9029,1377309,6570
9030,1364389,4026
9031,1360074,3171
9032,1359288,3015
9033,1354628,2088
9034,1365329,4212
9035,1419868,14784
9036,1364161,3981
9037,1446147,19734
9038,1367577,4656
9039,1372328,5592
9040,1375137,6144
9041,1410791,13053
9042,1355652,2292
9043,1366043,4353
9044,1371611,5451
9045,1357356,2631
9046,1389719,8991
9047,1425719,15894
9048,1360815,3318
9049,1359318,3021
9050,1359787,3114
9051,1357054,2571
9052,1361314,3417
9053,1358004,2760
9054,1378611,6825
9055,1370925,5316
9056,1360180,3192
9057,1393911,9804
9058,1458495,22029
9059,1350463,1257
9060,1354071,1977
9061,1373885,5898
9062,1351545,1473
9063,1367653,4671
9064,1351229,1410
9065,1380405,7176
9066,1400324,11043
9067,1394546,9927
9068,1356662,2493
9069,1363252,3801
9070,1365011,4149
9071,1448624,20196
9072,1536642,36117
9073,1380160,7128
9074,1365739,4293
9075,1352070,1578
9076,1351199,1404
9077,1351289,1422
9078,1537103,36198
9079,1361859,3525
9080,1393911,9804
9081,1369524,5040
9082,1400853,11145
9083,1384154,7908
9084,1409709,12846
9085,1411638,13215
9086,1354417,2046
9087,1363752,3900
9088,1373625,5847
9089,1426099,15966
9090,1360905,3336
9091,1350433,1251
9092,1352882,1740
9093,1358744,2907
9094,3390651,249734
9095,1396718,10347
9096,1450187,20487
9097,1366119,4368
9098,1359499,3057
9099,1354658,2094
9100,1358563,2871
9101,1358216,2802
9102,1364692,4086
9103,1362934,3738
9104,1376728,6456
9105,1350584,1281
9106,1360376,3231
9107,1376758,6462
9108,1361844,3522
9109,1358201,2799
9110,1374312,5982
9111,1471129,24357
9112,1350929,1350
9113,1400729,11121
9114,1620812,50511
9115,1360301,3216
9116,1354929,2148
9117,1374801,6078
9118,1362192,3591
9119,1363222,3795
9120,1372297,5586
9121,1417140,14265
9122,1364753,4098
9123,1369768,5088
9124,1371794,5487
9125,1357582,2676
9126,1355968,2355
9127,1369448,5025
9128,1359484,3054
9129,1365360,4218
9130,1349698,1104
9131,1350223,1209
9132,1369631,5061
9133,1358276,2814
9134,1381372,7365
9135,1389024,8856
9136,1364677,4083
9137,1364207,3990
9138,1362116,3576
9139,1394190,9858
9140,1411889,13263
9141,1366498,4443
9142,1357552,2670
9143,1363601,3870
9144,1356737,2508
9145,1355275,2217
9146,1364692,4086
9147,1420767,14955
9148,1360104,3177
9149,1364798,4107
9150,1400791,11133
9151,1395135,10041
9152,1370011,5136
9153,1440100,18603
9154,1675339,59442
9155,1390584,9159
9156,1358336,2826
9157,1370666,5265
9158,1367288,4599
9159,1419946,14799
9160,1377570,6621
9161,1363995,3948
9162,1373701,5862
9163,1411889,13263
9164,1458933,22110
9165,1356315,2424
9166,1429924,16689
9167,1430989,16890
9168,1370727,5277
9169,1364798,4107
9170,1378994,6900
9171,1406720,12273
9172,1348394,843
9173,1367957,4731
9174,1398147,10623
9175,1366559,4455
9176,1364055,3960
9177,1381142,7320
9178,1390429,9129
9179,1477799,25578
9180,1406798,12288
9181,1351545,1473
9182,1375474,6210
9183,1366286,4401
9184,1418811,14583
9185,1354613,2085
9186,1358774,2913
9187,1385477,8166
9188,1398411,10674
9189,1591288,45549
9190,1354853,2133
9191,1370499,5232
9192,1354989,2160
9193,1378504,6804
9194,1361647,3483
9195,1380589,7212
9196,1372709,5667
9197,1368261,4791
9198,1358050,2769
9199,1356496,2460
9200,1360331,3222
9201,1373564,5835
9202,1381986,7485
9203,2305286,145596
9204,1363373,3825
9205,1412485,13377
9206,1360165,3189
9207,1370742,5280
9208,1360361,3228
9209,1363798,3909
9210,1439508,18492
9211,1367729,4686
9212,1381019,7296
9213,1349803,1125
9214,1357914,2742
9215,1367896,4719
9216,1366225,4389
9217,1392672,9564
9218,1373457,5814
9219,1380482,7191
9220,1350283,1221
9221,1366514,4446
9222,1374480,6015
9223,1358941,2946
9224,1362904,3732
9225,1405548,12048
9226,1356179,2397
9227,1359046,2967
9228,1383369,7755
9229,1357054,2571
9230,1365815,4308
9231,1364571,4062
9232,1395663,10143
9233,1367729,4686
9234,1361405,3435
9235,1366954,4533
9236,1358231,2805
9237,1362177,3588
9238,1358155,2790
9239,1359484,3054
9240,1360512,3258
9241,1367121,4566
9242,1348259,816
9243,1398116,10617
9244,1355290,2220
9245,1422189,15225
9246,1396206,10248
9247,1360754,3306
9248,1499774,29562
9249,1542306,37110
9250,1371703,5469
9251,1396951,10392
9252,1427399,16212
9253,1359424,3042
9254,1421241,15045
9255,1365193,4185
9256,1367668,4674
9257,1451106,20658
9258,1372282,5583
9259,1359499,3057
9260,1361496,3453
9261,1611973,49035
9262,1350809,1326
9263,1363328,3816
9264,1352566,1677
9265,1350358,1236
9266,1376483,6408
9267,1351034,1371
9268,1408284,12573
9269,1426162,15978
9270,1362177,3588
9271,1359590,3075
9272,1364662,4080
9273,1375397,6195
9274,1351454,1455
9275,1381633,7416
9276,1377922,6690
9277,1413129,13500
9278,1415346,13923
9279,1409506,12807
9280,1392595,9549
9281,1350448,1254
9282,1364950,4137
9283,1355456,2253
9284,1355305,2223
9285,1381986,7485
9286,1371352,5400
9287,1356134,2388
9288,1355140,2190
9289,1368702,4878
9290,1360301,3216
9291,1409647,12834
9292,1357959,2751
9293,1388499,8754
9294,1362888,3729
9295,1386140,8295
9296,1347719,708
9297,1380006,7098
9298,1414418,13746
9299,1357944,2748
9300,1364525,4053
9301,1352476,1659
9302,1353845,1932
9303,1383031,7689
9304,1386232,8313
9305,1370742,5280
9306,1353694,1902
9307,1355200,2202
9308,1370225,5178
9309,1369494,5034
9310,1396082,10224
9311,1380635,7221
9312,1353649,1893
9313,1354447,2052
9314,1348259,816
9315,1418054,14439
9316,1407877,12495
9317,1387373,8535
9318,1403409,11637
9319,1357476,2655
9320,1403971,11745
9321,1370590,5250
9322,1390924,9225
9323,1362328,3618
9324,1368322,4803
9325,1360346,3225
9326,1377891,6684
9327,1356541,2469
9328,1355592,2280
9329,1350689,1302
9330,1352251,1614
9331,1357144,2589
9332,1367349,4611
9333,1373594,5841
9334,1398458,10683
9335,1357884,2736
9336,1942380,99362
9337,1399904,10962
9338,1380160,7128
9339,1373152,5754
9340,1421889,15168
9341,1388360,8727
9342,1373030,5730
9343,1361178,3390
9344,1450961,20631
9345,1367364,4614
9346,1431992,17079
9347,1370042,5142
9348,1356330,2427
9349,1369326,5001
9350,1359061,2970
9351,1364298,4008
9352,1361874,3528
9353,1372313,5589
9354,1413286,13530
9355,1375367,6189
9356,1356616,2484
9357,1364647,4077
9358,1375244,6165
9359,1380512,7197
9360,1381771,7443
9361,1349653,1095
9362,1364313,4011
9363,1355094,2181
9364,1365633,4272
9365,1366498,4443
9366,1394190,9858
9367,2598809,177945
9368,1390043,9054
9369,1423312,15438
9370,1354176,1998
9371,1381833,7455
9372,1357914,2742
9373,1404939,11931
9374,1361526,3459
9375,1369996,5133
9376,1402894,11538
9377,1364070,3963
9378,1408269,12570
9379,1379929,7083
9380,1486481,27159
9381,1393601,9744
9382,1371504,5430
9383,1355049,2172
9384,1390630,9168
9385,1370971,5325
9386,1372969,5718
9387,1359862,3129
9388,1366529,4449
9389,1382770,7638
9390,1369494,5034
9391,1355079,2178
9392,1393183,9663
9393,1360285,3213
9394,1381817,7452
9395,1352566,1677
9396,1374358,5991
9397,1366240,4392
9398,1387234,8508
9399,1352116,1587
9400,1361783,3510
9401,1364889,4125
9402,1384308,7938
9403,1372984,5721
9404,1518560,32922
9405,1383815,7842
9406,1370042,5142
9407,1368824,4902
9408,1368368,4812
9409,1362813,3714
9410,1362283,3609
9411,1462115,22698
9412,1378657,6834
9413,1370575,5247
9414,1362646,3681
9415,1373610,5844
9416,1369265,4989
9417,1350373,1239
9418,1405579,12054
9419,1417534,14340
9420,1357521,2664
9421,1358035,2766
9422,1414245,13713
9423,1357235,2607
9424,1369144,4965
9425,1378626,6828
9426,1360497,3255
9427,1346282,420
9428,1394608,9939
9429,1358880,2934
9430,1384123,7902
9431,1372908,5706
9432,1400791,11133
9433,1629265,51915
9434,1366392,4422
9435,1365587,4263
9436,1361647,3483
9437,1365906,4326
9438,1358276,2814
9439,1359061,2970
9440,1356511,2463
9441,1378473,6798
9442,1362525,3657
9443,1381602,7410
9444,1355125,2187
9445,1510698,31521
9446,1362283,3609
9447,1416006,14049
9448,1361163,3387
9449,1359454,3048
9450,1377723,6651
9451,1393632,9750
9452,1409333,12774
9453,1360452,3246
9454,1407283,12381
9455,1376116,6336
9456,1386525,8370
9457,1371748,5478
9458,1363343,3819
9459,1359847,3126
9460,1351154,1395
9461,1368596,4857
9462,1514952,32280
9463,1349428,1050
9464,1363979,3945
9465,1359726,3102
9466,1407799,12480
9467,1396858,10374
9468,1350313,1227
9469,1375305,6177
9470,1378412,6786
9471,1361556,3465
9472,1371459,5421
9473,1361011,3357
9474,1387712,8601
9475,1360875,3330
9476,1441926,18945
9477,1361405,3435
9478,1374159,5952
9479,1350373,1239
9480,1359938,3144
9481,1354176,1998
9482,1373976,5916
9483,1374052,5931
9484,1347704,705
9485,1384031,7884
9486,1373274,5778
9487,1356752,2511
9488,1376146,6342
9489,1364632,4074
9490,1367182,4578
9491,1373762,5874
9492,1351124,1389
9493,1364298,4008
9494,1357899,2739
9495,1365906,4326
9496,1355320,2226
9497,1387388,8538
9498,1400916,11157
9499,1441253,18819
9500,1367060,4554
9501,1381572,7404
9502,1353379,1839
9503,1377570,6621
9504,1383323,7746
9505,1357325,2625
9506,1398147,10623
9507,1358820,2922
9508,1360951,3345
9509,1366696,4482
9510,1458803,22086
9511,1413632,13596
9512,1385601,8190
9513,1420641,14931
9514,1388761,8805
9515,1372221,5571
9516,1424515,15666
9517,1381679,7425
9518,1355667,2295
9519,1365117,4170
9520,1393152,9657
9521,1388746,8802
9522,1364434,4035
9523,1350238,1212
9524,1408112,12540
9525,1361586,3471
9526,1432565,17187
9527,1361662,3486
9528,1369920,5118
9529,1372541,5634
9530,1379960,7089
9531,1362086,3570
9532,1360059,3168
9533,1372160,5559
9534,1382017,7491
9535,1390754,9192
9536,1369022,4941
9537,1396563,10317
9538,1356285,2418
9539,1844221,85365
9540,1368946,4926
9541,1355953,2352
9542,1351109,1386
9543,1356119,2385
9544,1394500,9918
9545,1432867,17244
9546,1378182,6741
9547,1373350,5793
9548,1347420,648
9549,1374190,5958
9550,1370758,5283
9551,1349893,1143
9552,1392982,9624
9553,1349158,996
9554,1349893,1143
9555,1354146,1992
9556,1365891,4323
9557,1403768,11706
9558,1363540,3858
9559,1422347,15255
9560,1399017,10791
9561,1371062,5343
9562,1389055,8862
9563,1360573,3270
9564,1355471,2256
9565,1350358,1236
9566,1358986,2955
9567,1350599,1284
9568,1370270,5187
9569,1451509,20733
9570,1366833,4509
9571,1355923,2346
9572,1381372,7365
9573,1372709,5667
9574,1415707,13992
9575,1351905,1545
9576,1411654,13218
9577,1369068,4950
9578,1351124,1389
9579,1359484,3054
9580,1458236,21981
9581,1364950,4137
9582,1433473,17358
9583,1417802,14391
9584,1516047,32475
9585,1364996,4146
9586,1391790,9393
9587,1356029,2367
9588,1356375,2436
9589,1411152,13122
9590,1366362,4416
9591,1403331,11622
9592,1370788,5289
9593,1351289,1422
9594,1357853,2730
9595,1391976,9429
9596,1354748,2112
9597,1379193,6939
9598,1388607,8775
9599,1359137,2985
9600,1361889,3531
9601,1364647,4077
9602,1371718,5472
9603,1373091,5742
9604,1391450,9327
9605,1370682,5268
9606,1367516,4644
9607,1378351,6774
9608,1375948,6303
9609,1383523,7785
9610,1360285,3213
9611,1390476,9138
9612,1380911,7275
9613,1365223,4191
9614,1356360,2433
9615,1378795,6861
9616,1376697,6450
9617,1364404,4029
9618,1397292,10458
9619,1388700,8793
9620,1371748,5478
9621,1367380,4617
9622,1357793,2718
9623,1390584,9159
9624,1384815,8037
9625,1359031,2964
9626,1390986,9237
9627,1382754,7635
9628,1360558,3267
9629,1362525,3657
9630,1361965,3546
9631,1358835,2925
9632,1366407,4425
9633,1356074,2376
9634,1420625,14928
9635,1402177,11400
9636,1365481,4242
9637,1366833,4509
9638,1382370,7560
9639,1391326,9303
9640,1366210,4386
9641,1403955,11742
9642,1378458,6795
9643,1363722,3894
9644,1475010,25068
9645,1351590,1482
9646,1353138,1791
9647,1400884,11151
9648,1371977,5523
9649,1353905,1944
9650,1360316,3219
9651,1442856,19119
9652,1362252,3603
9653,1352506,1665
9654,1376529,6417
9655,1385477,8166
9656,1373549,5832
9657,1408738,12660
9658,1384292,7935
9659,1376988,6507
9660,1356918,2544
9661,1356993,2559
9662,1348289,822
9663,1394236,9867
9664,1349383,1041
9665,1362495,3651
9666,1367121,4566
9667,1555769,39456
9668,1382124,7512
9669,1394159,9852
9670,1594688,46125
9671,1381664,7422
9672,1367334,4608
9673,1356300,2421
9674,1368672,4872
9675,1357597,2679
9676,1370742,5280
9677,1351154,1395
9678,1346222,408
9679,1428256,16374
9680,1401757,11319
9681,1396268,10260
9682,1397122,10425
9683,1367851,4710
9684,1501358,29847
9685,1375214,6159
9686,1381142,7320
9687,1369418,5019
9688,1364480,4044
9689,1347884,741
9690,1396066,10221
9691,1416699,14181
9692,1356722,2505
9693,1374297,5979
9694,1361284,3411
9695,1349758,1116
9696,1370194,5172
9697,1391341,9306
9698,1360633,3282
9699,1371703,5469
9700,1367319,4605
9701,1354477,2058
9702,1370453,5223
9703,1375260,6168
9704,1357461,2652
9705,1361208,3396
9706,1377202,6549
9707,1364571,4062
9708,1379285,6957
9709,1379991,7095
9710,1377860,6678
9711,1349188,1002
9712,1412281,13338
9713,1411026,13098
9714,1426432,16029
9715,1393446,9714
9716,1377600,6627
9717,1358548,2868
9718,1448962,20259
9719,1445777,19665
9720,1446115,19728
9721,1410760,13047
9722,1363479,3846
9723,1386186,8304
9724,1349893,1143
9725,1376162,6345
9726,1351935,1551
9727,1361344,3423
9728,1376590,6429
9729,1365876,4320
9730,1356722,2505
9731,1371291,5388
9732,1369844,5103
9733,1367334,4608
9734,1381050,7302
9735,1364359,4020
9736,1350614,1287
9737,1359424,3042
9738,1356225,2406
9739,1367182,4578
9740,1367623,4665
9741,1388206,8697
9742,1363055,3762
9743,1369707,5076
9744,1356104,2382
9745,1426464,16035
9746,1363419,3834
9747,1418290,14484
9748,1382770,7638
9749,1372435,5613
9750,1366392,4422
9751,1491396,28050
9752,1356571,2475
9753,1370164,5166
9754,1366088,4362
9755,1368322,4803
9756,1354251,2013
9757,1569699,41862
9758,1373885,5898
9759,1357718,2703
9760,1494000,28521
9761,1366909,4524
9762,1358820,2922
9763,1401227,11217
9764,1367167,4575
9765,1360210,3198
9766,1374404,6000
9767,1389008,8853
9768,1390321,9108
9769,1354010,1965
9770,1442455,19044
9771,3322642,244265
9772,1364723,4092
9773,1380006,7098
9774,1373610,5844
9775,1425861,15921
9776,1367136,4569
9777,1381648,7419
9778,1378918,6885
9779,1429320,16575
9780,1395352,10083
9781,1354597,2082
9782,1359484,3054
9783,1398271,10647
9784,1351454,1455
9785,1382785,7641
9786,1369555,5046
9787,1769386,74184
9788,1399157,10818
9789,1359575,3072
9790,1360331,3222
9791,1361601,3474
9792,1366574,4458
9793,1364419,4032
9794,1394748,9966
9795,1389688,8985
9796,1355667,2295
9797,1352642,1692
9798,1386540,8373
9799,1510933,31563
9800,1359741,3105
9801,1381986,7485
9802,1386479,8361
9803,1368642,4866
9804,1355667,2295
9805,1355290,2220
9806,1357356,2631
9807,1373045,5733
9808,1462781,22821
9809,1387512,8562
9810,1354914,2145
9811,1405329,12006
9812,1358593,2877
9813,1387635,8586
9814,1394422,9903
9815,1379822,7062
9816,1351319,1428
9817,1411559,13200
9818,1361238,3402
9819,1362873,3726
9820,1386571,8379
9821,1361995,3552
9822,1354161,1995
9823,1410132,12927
9824,1424942,15747
9825,1358155,2790
9826,1359318,3021
9827,1374450,6009
9828,1356496,2460
9829,1364192,3987
9830,1347390,642
9831,1374755,6069
9832,1387974,8652
9833,1372862,5697
9834,1381510,7392
9835,1368824,4902
9836,1358216,2802
9837,1353935,1950
9838,1363904,3930
9839,1378305,6765
9840,1370270,5187
9841,1382002,7488
9842,1356149,2391
9843,1353394,1842
9844,1433951,17448
9845,1378856,6873
9846,1352101,1584
9847,1363297,3810
9848,1354372,2037
9849,1391713,9378
9850,1357220,2604
9851,1379638,7026
9852,1413758,13620
9853,1354658,2094
9854,1356270,2415
9855,1351680,1500
9856,1351454,1455
9857,1370910,5313
9858,1368976,4932
9859,1366483,4440
9860,1360996,3354
9861,1356933,2547
9862,1386510,8367
9863,1369463,5028
9864,1393044,9636
9865,1351890,1542
9866,1371443,5418
9867,1371474,5424
9868,1361359,3426
9869,1484499,26799
9870,1392517,9534
9871,1371230,5376
9872,1364465,4041
9873,1352070,1578
9874,1380604,7215
9875,1377432,6594
9876,1353394,1842
9877,1349713,1107
9878,1626009,51375
9879,1379255,6951
9880,1361798,3513
9881,1375107,6138
9882,1358669,2892
9883,1380390,7173
9884,1474026,24888
9885,1348753,915
9886,1396299,10266
9887,1362283,3609
9888,1382293,7545
9889,1363161,3783
9890,1373854,5892
9891,1350974,1359
9892,1367136,4569
9893,1391821,9399
9894,1391310,9300
9895,1368398,4818
9896,1351605,1485
9897,1384292,7935
9898,1363828,3915
9899,1581186,43830
9900,1375733,6261
9901,1365891,4323
9902,1352491,1662
9903,1376881,6486
9904,1389889,9024
9905,1367288,4599
9906,1351665,1497
9907,1365041,4155
9908,1371245,5379
9909,1362313,3615
9910,1370849,5301
9911,1354974,2157
9912,1353318,1827
9913,1386602,8385
9914,1404954,11934
9915,1390584,9159
9916,1365466,4239
9917,1364131,3975
9918,1346896,543
9919,1353183,1800
9920,1360603,3276
9921,1369372,5010
9922,1377524,6612
9923,1651269,55536
9924,1364101,3969
9925,1370544,5241
9926,1351770,1518
9927,1376804,6471
9928,1359212,3000
9929,1375122,6141
9930,1427130,16161
9931,1351590,1482
9932,1440628,18702
9933,1370179,5169
9934,1355878,2337
9935,1413679,13605
9936,1356858,2532
9937,1397867,10569
9938,1426654,16071
9939,1395430,10098
9940,1404096,11769
9941,1362707,3693
9942,1410274,12954
9943,1354010,1965
9944,1361980,3549
9945,1351244,1413
9946,1348978,960
9947,1357748,2709
9948,1371017,5334
9949,1405017,11946
9950,1370011,5136
9951,1366058,4356
9952,1363237,3798
9953,1422411,15267
9954,1363161,3783
9955,1352311,1626
9956,1389750,8997
9957,1462781,22821
9958,1359681,3093
9959,1366088,4362
9960,1353830,1929
9961,1362540,3660
9962,1350869,1338
9963,1363025,3756
9964,1413161,13506
9965,1374541,6027
9966,1375810,6276
9967,1376728,6456
9968,1454174,21228
9969,1368581,4854
9970,1394686,9954
9971,1355456,2253
9972,1399375,10860
9973,1377631,6633
9974,1570380,41979
9975,1358065,2772
9976,1359076,2973
9977,1381940,7476
9978,1356285,2418
9979,1348963,957
9980,1364131,3975
9981,1419347,14685
9982,1370179,5169
9983,1429018,16518
9984,1378887,6879
9985,1346552,474
9986,1400324,11043
9987,1355592,2280
9988,1442807,19110
9989,1358457,2850
9990,1388838,8820
9991,1352837,1731
9992,1373610,5844
9993,1365663,4278
9994,1354372,2037
9995,1367866,4713
9996,1363949,3939
9997,1354823,2127
9998,1367714,4683
9999,1360527,3261
10000,1369205,4977
10001,1353830,1929
10002,1366939,4530
10003,1366635,4470
10004,1365496,4245
10005,1353439,1851
10006,1359258,3009
10007,1370560,5244
10008,1369250,4986
10009,1365481,4242
10010,1355079,2178
10011,1365223,4191
10012,1369448,5025
10013,1356345,2430
10014,1598805,46821
10015,1379086,6918
10016,1360361,3228
10017,1355908,2343
10018,1371947,5517
10019,1415739,13998
10020,1353965,1956
10021,1372938,5712
10022,1354929,2148
10023,1376820,6474
10024,1349593,1083
10025,1365269,4200
10026,1360028,3162
10027,1428717,16461
10028,1360134,3183
10029,1370529,5238
10030,1395539,10119
10031,1367942,4728
10032,1366255,4395
10033,1411497,13188
10034,1367927,4725
10035,1356451,2451
10036,1377983,6702
10037,1373732,5868
10038,1349983,1161
10039,1366377,4419
10040,1403768,11706
10041,1366362,4416
10042,1361435,3441
10043,1434397,17532
10044,1368109,4761
10045,1368109,4761
10046,1349128,990
10047,1356089,2379
10048,1409036,12717
10049,1351304,1425
10050,1362040,3561
10051,1369920,5118
10052,1533332,35535
10053,1374602,6039
10054,1358201,2799
10055,1368459,4830
10056,1369311,4998
10057,1370925,5316
10058,1351905,1545
10059,1395973,10203
10060,1368931,4923
10061,1377738,6654
10062,1350463,1257
10063,1351319,1428
10064,1364541,4056
10065,1438660,18333
10066,1370682,5268
10067,1362237,3600
10068,1361889,3531
10069,1358201,2799
10070,1360527,3261
10071,1389487,8946
10072,1456568,21672
10073,1366088,4362
10074,1391527,9342
10075,1373579,5838
10076,1373854,5892
10077,1362101,3573
10078,1383262,7734
10079,1384246,7926
10080,1384184,7914
10081,1373885,5898
10082,1357250,2610
10083,1357537,2667
10084,1357205,2601
10085,1362828,3717
10086,1380466,7188
10087,1817765,81465
10088,1412831,13443
10089,1349923,1149
10090,1369494,5034
10091,1357521,2664
10092,1442936,19134
10093,1386016,8271
10094,1361314,3417
10095,1410117,12924
10096,1385631,8196
10097,1395383,10089
10098,1361390,3432
10099,1384292,7935
10100,1358170,2793
10101,1362328,3618
10102,1403238,11604
10103,1413443,13560
10104,1368216,4782
10105,1351620,1488
10106,1353018,1767
10107,1368185,4776
10108,1367896,4719
10109,1355185,2199
10110,1404267,11802
10111,1617771,50004
10112,1360270,3210
10113,1373030,5730
10114,1377263,6561
10115,1363358,3822
10116,1354628,2088
10117,1554006,39150
10118,1356903,2541
10119,1459549,22224
10120,1370956,5322
10121,1440260,18633
10122,1362767,3705
10123,1382017,7491
10124,1357356,2631
10125,1383677,7815
10126,1417250,14286
10127,1405204,11982
10128,1391202,9279
10129,1370301,5193
10130,1371581,5445
10131,1357310,2622
10132,1393973,9816
10133,1366681,4479
10134,1360044,3165
10135,1352146,1593
10136,1380436,7182
10137,1356978,2556
10138,1360134,3183
10139,1365891,4323
10140,1354086,1980
10141,1362086,3570
10142,1365876,4320
10143,1364601,4068
10144,1373045,5733
10145,1365147,4176
10146,1366028,4350
10147,1362994,3750
10148,2028217,111034
10149,1373243,5772
10150,1354071,1977
10151,1389811,9009
10152,1379991,7095
10153,1348034,771
10154,1373839,5889
10155,1367364,4614
10156,1414276,13719
10157,1379623,7023
10158,1357959,2751
10159,1353063,1776
10160,1380957,7284
10161,1371474,5424
10162,1359847,3126
10163,1368261,4791
10164,1363358,3822
10165,1373320,5787
10166,1378106,6726
10167,1381771,7443
10168,1375367,6189
10169,1384108,7899
10170,1383123,7707
10171,1519303,33054
10172,1346462,456
10173,1393942,9810
10174,1363025,3756
10175,1375917,6297
10176,1367440,4629
10177,1415440,13941
10178,1417108,14259
10179,1362086,3570
10180,1399857,10953
10181,1375244,6165
10182,1352461,1656
10183,1377830,6672
10184,1359862,3129
10185,1361601,3474
10186,1399251,10836
10187,1392424,9516
10188,1376131,6339
10189,1449558,20370
10190,1363207,3792
10191,1353333,1830
10192,1404548,11856
10193,1366225,4389
10194,1408488,12612
10195,1364389,4026
10196,1365223,4191
10197,1383077,7698
10198,1365648,4275
10199,1382309,7548
10200,1380789,7251
10201,1358216,2802
10202,1395042,10023
10203,1372587,5643
10204,1412297,13341
10205,1421020,15003
10206,1362479,3648
10207,1365193,4185
10208,1391465,9330
10209,1367836,4707
10210,1350133,1191
10211,1366544,4452
10212,1593341,45897
10213,1375672,6249
10214,1389919,9030
10215,1353333,1830
10216,1359908,3138
10217,1373793,5880
10218,1368185,4776
10219,1368231,4785
10220,1362495,3651
10221,1371337,5397
10222,1377172,6543
10223,1408488,12612
10224,1393245,9675
10225,1430004,16704
10226,1372862,5697
10227,1442920,19131
10228,1371428,5415
10229,1358563,2871
10230,1382785,7641
10231,1372267,5580
10232,1351394,1443
10233,1353288,1821
10234,1389765,9000
10235,1377508,6609
10236,1352251,1614
10237,1355968,2355
10238,1395383,10089
10239,1385354,8142
10240,1361692,3492
10241,1564630,40989
10242,1354296,2022
10243,1378672,6837
10244,1375198,6156
10245,1361813,3516
10246,1349668,1098
10247,1366271,4398
10248,1351755,1515
10249,1364980,4143
10250,1354582,2079
10251,1359530,3063
10252,1361965,3546
10253,1470328,24210
10254,1453075,21024
10255,1383723,7824
10256,1384646,8004
10257,1360996,3354
10258,1359908,3138
10259,1351334,1431
10260,1370240,5181
10261,1356285,2418
10262,1351800,1524
10263,1368246,4788
10264,1366043,4353
10265,1367760,4692
10266,1387311,8523
10267,1366529,4449
10268,1411277,13146
10269,1411010,13095
10270,1920661,96327
10271,1370377,5208
10272,1363100,3771
10273,1360089,3174
10274,1368611,4860
10275,1407345,12393
10276,1364783,4104
10277,1351184,1401
10278,1352221,1608
10279,1370834,5298
10280,1389580,8964
10281,1360104,3177
10282,1366605,4464
10283,1357491,2658
10284,1356466,2454
10285,1386818,8427
10286,1407846,12489
10287,1380221,7140
10288,1353228,1809
10289,1356556,2472
10290,1389719,8991
10291,1409130,12735
10292,1422158,15219
10293,1372145,5556
10294,1356315,2424
10295,1348783,921
10296,1360089,3174
10297,1379117,6924
10298,1374679,6054
10299,1366954,4533
10300,1402676,11496
10301,1414308,13725
10302,1394531,9924
10303,1389456,8940
10304,1383246,7731
10305,1355637,2289
10306,1384123,7902
10307,1367988,4737
10308,1417171,14271
10309,1382939,7671
10310,1373732,5868
10311,1360739,3303
10312,2391905,155552
10313,1462456,22761
10314,1704925,64167
10315,1397137,10428
10316,1484994,26889
10317,1353785,1920
10318,1579482,43539
10319,1395120,10038
10320,1354191,2001
10321,1395244,10062
10322,1354357,2034
10323,1351485,1461
10324,1378580,6819
10325,1368140,4767
10326,1367866,4713
10327,1377355,6579
10328,1361435,3441
10329,1468026,23787
10330,1371748,5478
10331,1362798,3711
10332,1405235,11988
10333,1350674,1299
10334,1367106,4563
10335,1374022,5925
10336,1367425,4626
10337,1364950,4137
10338,1467895,23763
10339,1393833,9789
10340,1377891,6684
10341,1349578,1080
10342,1355923,2346
10343,1388591,8772
10344,1443513,19242
10345,1370788,5289
10346,1728450,67866
10347,1389997,9045
10348,1389425,8934
10349,1361042,3363
10350,1367030,4548
10351,1360875,3330
10352,1414261,13716
10353,1349233,1011
10354,1358095,2778
10355,1403082,11574
10356,1371382,5406
10357,1425972,15942
10358,1351800,1524
10359,1376238,6360
10360,1378672,6837
10361,1358276,2814
10362,1373426,5808
10363,1366149,4374
10364,1391280,9294
10365,1365967,4338
10366,1382171,7521
10367,1369585,5052
10368,1360149,3186
10369,1533451,35556
10370,1383200,7722
10371,1391929,9420
10372,1391713,9378
10373,1371291,5388
10374,1410791,13053
10375,1358442,2847
10376,1352521,1668
10377,1398193,10632
10378,1376208,6354
10379,1359092,2976
10380,1408723,12657
10381,1360119,3180
10382,1379209,6942
10383,1382893,7662
10384,1359877,3132
10385,1378780,6858
10386,1431912,17064
10387,1375688,6252
10388,1377248,6558
10389,1359409,3039
10390,1382862,7656
10391,1368459,4830
10392,1371657,5460
10393,1363479,3846
10394,1362858,3723
10395,1361541,3462
10396,1351770,1518
10397,1364252,3999
10398,1401850,11337
10399,1391496,9336
10400,1394810,9978
10401,1404299,11808
10402,1418385,14502
10403,1428510,16422
10404,1374495,6018
10405,1367364,4614
10406,1384523,7980
10407,1494715,28650
10408,1422885,15357
10409,1390028,9051
10410,1670393,58644
10411,1401211,11214
10412,1364783,4104
10413,1367349,4611
10414,1408754,12663
10415,1372831,5691
10416,1404939,11931
10417,1391898,9414
10418,1388792,8811
10419,1357099,2580
10420,1397463,10491
10421,1433998,17457
10422,1366210,4386
10423,3095590,225160
10424,1350659,1296
10425,1506724,30810
10426,1363252,3801
10427,1361662,3486
10428,1358684,2895
10429,1354056,1974
10430,1348379,840
10431,1359832,3123
10432,1365709,4287
10433,1402099,11385
10434,1407658,12453
10435,1394608,9939
10436,1366392,4422
10437,1352837,1731
10438,1438772,18354
10439,1487142,27279
10440,1359681,3093
10441,1434780,17604
10442,1355667,2295
10443,1355034,2169
10444,1349923,1149
10445,1374755,6069
10446,1369844,5103
10447,1355531,2268
10448,1358986,2955
10449,1374358,5991
10450,1354311,2025
10451,1367212,4584
10452,1354025,1968
10453,1354176,1998
10454,1380574,7209
10455,1362086,3570
10456,1377860,6678
10457,1407987,12516
10458,1368596,4857
10459,1356813,2523
10460,1357356,2631
10461,1363949,3939
10462,1365496,4245
10463,1422000,15189
10464,1366073,4359
10465,1405501,12039
10466,1373946,5910
10467,1372709,5667
10468,1386987,8460
10469,1359092,2976
10470,1803998,79413
10471,1409678,12840
10472,1406892,12306
10473,1401648,11298
10474,1388051,8667
10475,1393369,9699
10476,1350103,1185
10477,1365147,4176
10478,1414685,13797
10479,1385662,8202
10480,1378320,6768
10481,1367349,4611
10482,1409474,12801
10483,1359122,2982
10484,1379255,6951
10485,1361193,3393
10486,1364025,3954
10487,1356647,2490
10488,1384277,7932
10489,1391604,9357
10490,1380252,7146
10491,1365451,4236
10492,1370011,5136
10493,1374602,6039
10494,1381817,7452
10495,1396159,10239
10496,1356692,2499
10497,1368444,4827
10498,1369052,4947
10499,1354266,2016
10500,1443882,19311
10501,1376896,6489
10502,1363631,3876
10503,1394112,9843
10504,1368642,4866
10505,1412109,13305
10506,1354402,2043
10507,1380697,7233
10508,1379071,6915
10509,1357431,2646
10510,1386741,8412
10511,1420925,14985
10512,1365648,4275
10513,1372175,5562
10514,1664444,57681
10515,1568792,41706
10516,1360663,3288
10517,1407502,12423
10518,1359303,3018
10519,1457685,21879
10520,1388082,8673
10521,1383231,7728
10522,1355064,2175
10523,1373030,5730
10524,1365967,4338
10525,1417313,14298
10526,1389379,8925
10527,1371855,5499
10528,1348858,936
10529,1360830,3321
10530,1368489,4836
10531,1383446,7770
10532,1379163,6933
10533,1361465,3447
10534,1422158,15219
10535,1355682,2298
10536,1354884,2139
10537,1373655,5853
10538,1360391,3234
10539,1368581,4854
10540,1385169,8106
10541,1373686,5859
10542,1373106,5745
10543,1364601,4068
10544,1353529,1869
10545,1350734,1311
10546,1366529,4449
10547,1444910,19503
10548,1360255,3207
10549,1346956,555
10550,1372709,5667
10551,1369311,4998
10552,1419426,14700
10553,1357401,2640
10554,1363707,3891
10555,1390151,9075
10556,1354372,2037
10557,1378565,6816
10558,1363494,3849
10559,1363176,3786
10560,1372892,5703
10561,1384569,7989
10562,1373991,5919
10563,1538317,36411
10564,1368611,4860
10565,1367015,4545
10566,1401009,11175
10567,1367136,4569
10568,1360240,3204
10569,1374190,5958
10570,1361950,3543
10571,1370027,5139
10572,1365739,4293
10573,1411748,13236
10574,1375703,6255
10575,1350493,1263
10576,1358941,2946
10577,1466362,23481
10578,1369083,4953
10579,1425370,15828
10580,1362570,3666
10581,1373869,5895
10582,1393338,9693
10583,1359590,3075
10584,1354899,2142
10585,1376957,6501
10586,1369022,4941
10587,1349173,999
10588,1351004,1365
10589,1403206,11598
10590,1426559,16053
10591,1366012,4347
10592,1363328,3816
10593,1366650,4473
10594,1358050,2769
10595,1414040,13674
10596,1360255,3207
10597,1391094,9258
10598,1371413,5412
10599,1352040,1572
10600,1390893,9219
10601,1378994,6900
10602,1426670,16074
10603,1583437,44214
10604,1355652,2292
10605,1360316,3219
10606,1355938,2349
10607,1384400,7956
10608,1356797,2520
10609,1368581,4854
10610,1391171,9273
10611,1405860,12108
10612,1369220,4980
10613,1361208,3396
10614,1374664,6051
10615,1362161,3585
10616,1477865,25590
10617,1373930,5907
10618,1413082,13491
10619,1359877,3132
10620,1357340,2628
10621,1359651,3087
10622,1490716,27927
10623,1375733,6261
10624,1359454,3048
10625,1357461,2652
10626,1378320,6768
10627,1363131,3777
10628,1355727,2307
10629,1414732,13806
10630,1373350,5793
10631,1379056,6912
10632,1366726,4488
10633,1403206,11598
10634,1360905,3336
10635,1937945,98745
10636,1368444,4827
10637,1365648,4275
10638,1358880,2934
10639,1367060,4554
10640,1362449,3642
10641,1367547,4650
10642,1367182,4578
10643,1379853,7068
10644,1380988,7290
10645,1414999,13857
10646,1379776,7053
10647,1404533,11853
10648,1358986,2955
10649,1361571,3468
10650,1379730,7044
10651,1459923,22293
10652,1386741,8412
10653,1388005,8658
10654,1355622,2286
10655,1362040,3561
10656,1379071,6915
10657,1361768,3507
10658,1370712,5274
10659,1393895,9801
10660,1356134,2388
10661,1358850,2928
10662,1393818,9786
10663,1395507,10113
10664,1444107,19353
10665,1370682,5268
10666,1377309,6570
10667,1354357,2034
10668,1391233,9285
10669,1391032,9246
10670,1367334,4608
10671,1383446,7770
10672,1391218,9282
10673,1377371,6582
10674,1363540,3858
10675,1353333,1830
10676,1405688,12075
10677,1377309,6570
10678,1359515,3060
10679,1389719,8991
10680,1374526,6024
10681,1370849,5301
10682,1387188,8499
10683,1353499,1863
10684,1415330,13920
10685,1370331,5199
10686,1360467,3249
10687,1365830,4311
10688,1369205,4977
10689,1365603,4266
10690,1356677,2496
10691,1366924,4527
10692,1367927,4725
10693,1378320,6768
10694,1354628,2088
10695,1358352,2829
10696,1690697,61905
10697,1356330,2427
10698,1362464,3645
10699,1394779,9972
10700,1347704,705
10701,1434748,17598
10702,1405017,11946
10703,1354869,2136
10704,1365633,4272
10705,1384508,7977
10706,1378810,6864
10707,1363964,3942
10708,1367486,4638
10709,1360633,3282
10710,1366620,4467
10711,1365709,4287
10712,1391372,9312
10713,1359363,3030
10714,1409286,12765
10715,1365512,4248
10716,1380497,7194
10717,1355742,2310
10718,1389410,8931
10719,1371520,5433
10720,1370270,5187
10721,1354296,2022
10722,1385216,8115
10723,1364359,4020
10724,1495745,28836
10725,1360074,3171
10726,1374984,6114
10727,1350854,1335
10728,1350388,1242
10729,1381971,7482
10730,1385462,8163
10731,1358971,2952
10732,1382908,7665
10733,1387095,8481
10734,1380942,7281
10735,1396469,10299
10736,1357476,2655
10737,1366635,4470
10738,1361617,3477
10739,1351680,1500
10740,1366377,4419
10741,1353394,1842
10742,1359696,3096
10743,1401835,11334
10744,1456859,21726
10745,1361798,3513
10746,1361299,3414
10747,1350839,1332
10748,1377692,6645
10749,1370941,5319
10750,1380022,7101
10751,1369448,5025
10752,1360482,3252
10753,1386895,8442
10754,1360331,3222
10755,1375825,6279
10756,1366271,4398
10757,1356647,2490
10758,1363979,3945
10759,1355486,2259
10760,1365011,4149
10761,1369174,4971
10762,1375229,6162
10763,1358608,2880
10764,1413035,13482
10765,1368946,4926
10766,1357748,2709
10767,1362479,3648
10768,1388684,8790
10769,1391063,9252
10770,1360165,3189
10771,1369890,5112
10772,1374434,6006
10773,1368155,4770
10774,1359832,3123
10775,1367228,4587
10776,1377570,6621
10777,1366240,4392
10778,1417077,14253
10779,1373426,5808
10780,1408957,12702
10781,1367349,4611
10782,1355893,2340
10783,1367471,4635
10784,1382432,7572
10785,1364434,4035
10786,1354643,2091
10787,1364404,4029
10788,1375336,6183
10789,1386109,8289
10790,1499623,29535
10791,1412266,13335
10792,1361329,3420
10793,1407846,12489
10794,1378749,6852
10795,1362691,3690
10796,1390398,9123
10797,1368535,4845
10798,1386956,8454
10799,1356526,2466
10800,1360951,3345
10801,1379148,6930
10802,1355200,2202
10803,1360966,3348
10804,1349503,1065
10805,1409349,12777
10806,1373564,5835
10807,1359605,3078
10808,1514649,32226
10809,1382662,7617
10810,1380497,7194
10811,1457312,21810
10812,1392270,9486
10813,1381203,7332
10814,1356466,2454
10815,1370803,5292
10816,1363479,3846
10817,1423075,15393
10818,1356451,2451
10819,1439732,18534
10820,1387496,8559
10821,1387203,8502
10822,1366240,4392
10823,1392951,9618
10824,1396345,10275
10825,1367668,4674
10826,1396485,10302
10827,1352807,1725
10828,1354989,2160
10829,1366286,4401
10830,1350824,1329
10831,1368079,4755
10832,1354447,2052
10833,1363010,3753
10834,1375061,6129
10835,1355275,2217
10836,1368718,4881
10837,1423866,15543
10838,1414166,13698
10839,1433791,17418
10840,1526208,34278
10841,1351815,1527
10842,1388437,8742
10843,1380574,7209
10844,1389672,8982
10845,1346806,525
10846,1372389,5604
10847,1391109,9261
10848,1361148,3384
10849,1367927,4725
10850,1435178,17679
10851,1357672,2694
10852,1471276,24384
10853,1361193,3393
10854,1358805,2919
10855,1358472,2853
10856,1347105,585
10857,1351064,1377
10858,1377646,6636
10859,1351124,1389
10860,1356089,2379
10861,1351650,1494
10862,1415503,13953
10863,1370605,5253
10864,1367881,4716
10865,1366195,4383
10866,1364328,4014
10867,1408096,12537
10868,1378734,6849
10869,1387959,8649
10870,1399779,10938
10871,1381971,7482
10872,1476551,25350
10873,1387434,8547
10874,1358019,2763
10875,1456325,21627
10876,1353048,1773
10877,1381971,7482
10878,1590970,45495
10879,1354010,1965
10880,1356179,2397
10881,1370773,5286
10882,1397556,10509
10883,1349638,1092
10884,1417739,14379
10885,1360800,3315
10886,1383031,7689
10887,1427685,16266
10888,1375000,6117
10889,1371764,5481
10890,1355441,2250
10891,1401772,11322
10892,1364586,4065
10893,1352416,1647
10894,1364783,4104
10895,1525309,34119
10896,1370255,5184
10897,1400231,11025
10898,1367805,4701
10899,1361420,3438
10900,1393338,9693
10901,1403862,11724
10902,1375397,6195
10903,1359983,3153
10904,1372252,5577
10905,1384892,8052
10906,1359484,3054
10907,1431403,16968
10908,1359515,3060
10909,1370621,5256
10910,1353454,1854
10911,1357371,2634
10912,1359076,2973
10913,1466183,23448
10914,1403877,11727
10915,1360195,3195
10916,1376437,6399
10917,1383462,7773
10918,1360890,3333
10919,1352176,1599
10920,1430480,16794
10921,1372938,5712
10922,1376835,6477
10923,1367106,4563
10924,1347749,714
10925,1387727,8604
10926,1358850,2928
10927,1375214,6159
10928,1392626,9555
10929,1372938,5712
10930,1362207,3594
10931,1365739,4293
10932,1360784,3312
10933,1378090,6723
10934,1363297,3810
10935,1386463,8358
10936,1364829,4113
10937,1464929,23217
10938,1374923,6102
10939,1396066,10221
10940,1374373,5994
10941,1366377,4419
10942,1374923,6102
10943,1378335,6771
10944,1448254,20127
10945,1589609,45264
10946,1350629,1290
10947,1372008,5529
10948,1383339,7749
10949,1351980,1560
10950,1583895,44292
10951,1362343,3621
10952,1376330,6378
10953,1349548,1074
10954,1372816,5688
10955,1372038,5535
10956,1367228,4587
10957,1439764,18540
10958,1396563,10317
10959,1479163,25827
10960,1361329,3420
10961,1389132,8877
10962,1361904,3534
10963,1421447,15084
10964,1370164,5166
10965,1362858,3723
10966,1373457,5814
10967,1367410,4623
10968,1366453,4434
10969,1436216,17874
10970,1356526,2466
10971,1360225,3201
10972,1374786,6075
10973,1367775,4695
10974,1385139,8100
10975,1393446,9714
10976,1357069,2574
10977,1363116,3774
10978,1368520,4842
10979,1380543,7203
10980,1442342,19023
10981,1373457,5814
10982,1367395,4620
10983,1373152,5754
10984,1354251,2013
10985,1356978,2556
10986,1357356,2631
10987,1361965,3546
10988,1351965,1557
10989,1373594,5841
10990,1347824,729
10991,1354131,1989
10992,1424119,15591
10993,1366301,4404
10994,1376513,6414
10995,1365056,4158
10996,1353033,1770
10997,1365436,4233
10998,1361011,3357
10999,1351770,1518
11000,1487687,27378
11001,1354838,2130
11002,1458528,22035
11003,1358004,2760
11004,1361208,3396
11005,1349983,1161
11006,1369098,4956
11007,1390383,9120
11008,1408503,12615
11009,1374694,6057
11010,1356405,2442
11011,1368155,4770
11012,1355140,2190
11013,1417644,14361
11014,1358880,2934
11015,1362040,3561
11016,1383892,7857
11017,1399717,10926
11018,1367729,4686
11019,1368672,4872
11020,1351950,1554
11021,1385293,8130
11022,1362737,3699
11023,1418763,14574
11024,1364055,3960
11025,1448238,20124
11026,1555043,39330
11027,1356526,2466
11028,1383538,7788
11029,1362752,3702
11030,1358563,2871
11031,1387604,8580
11032,1365815,4308
11033,1381464,7383
11034,1357778,2715
11035,1391512,9339
11036,1383692,7818
11037,1415062,13869
11038,1368185,4776
11039,1430687,16833
11040,1364010,3951
11041,1396547,10314
11042,1366802,4503
11043,1404220,11793
11044,1351485,1461
11045,1372862,5697
11046,1510396,31467
11047,1359756,3108
11048,1383154,7713
11049,1378565,6816
11050,1387234,8508
11051,1420057,14820
11052,1405782,12093
11053,1372511,5628
11054,1356813,2523
11055,1363404,3831
11056,1381771,7443
11057,1384215,7920
11058,1359983,3153
11059,1442214,18999
11060,1395383,10089
11061,1381357,7362
11062,1417786,14388
11063,1365345,4215
11064,1361193,3393
11065,1403799,11712
11066,1358276,2814
11067,1377095,6528
11068,1361359,3426
11069,1351710,1506
11070,1352116,1587
11071,1380252,7146
11072,1368596,4857
11073,1351424,1449
11074,1410038,12909
11075,1390028,9051
11076,1446967,19887
11077,1353018,1767
11078,1354236,2010
11079,1352476,1659
11080,1432390,17154
11081,1345385,240
11082,1352341,1632
11083,1553540,39069
11084,1395678,10146
11085,1391852,9405
11086,1358820,2922
11087,1374679,6054
11088,1423359,15447
11089,1402754,11511
11090,1363116,3774
11091,1361844,3522
11092,1348828,930
11093,1375336,6183
11094,1388545,8763
11095,1399702,10923
11096,1352747,1713
11097,1426575,16056
11098,1363388,3828
11099,1388375,8730
11100,1364025,3954
11101,1361798,3513
11102,1351124,1389
11103,1392270,9486
11104,1383231,7728
11105,1378519,6807
11106,1378121,6729
11107,1357808,2721
11108,1358956,2949
11109,1423945,15558
11110,1425307,15816
11111,1433202,17307
11112,1350373,1239
11113,1397432,10485
11114,1376299,6372
11115,1365785,4302
11116,1369981,5130
11117,1380543,7203
11118,1357567,2673
11119,1384123,7902
11120,1359908,3138
11121,1353348,1833
11122,1353213,1806
11123,1352070,1578
11124,1485589,26997
11125,1374969,6111
11126,1358216,2802
11127,1366286,4401
11128,1352191,1602
11129,1391048,9249
11130,1444990,19518
11131,1367228,4587
11132,1367425,4626
11133,1362343,3621
11134,1370514,5235
11135,1368976,4932
11136,1549557,38376
11137,1402146,11394
11138,4529657,327908
11139,1360542,3264
11140,1384431,7962
11141,1350463,1257
11142,1365603,4266
11143,1350283,1221
11144,1361374,3429
11145,1363873,3924
11146,1362813,3714
11147,1382647,7614
11148,1367516,4644
11149,1400651,11106
11150,1362873,3726
11151,1405282,11997
11152,1359892,3135
11153,1372892,5703
11154,1356918,2544
11155,1371108,5352
11156,1374205,5961
11157,1380528,7200
11158,1409365,12780
11159,1396330,10272
11160,1407220,12369
11161,1529400,34842
11162,1352266,1617
11163,1432756,17223
11164,1358774,2913
11165,1367851,4710
11166,1414874,13833
11167,1393911,9804
11168,1357748,2709
11169,1457329,21813
11170,1467977,23778
11171,1351169,1398
11172,1347704,705
11173,1370727,5277
11174,1374098,5940
11175,1379577,7014
11176,1351259,1416
11177,1422948,15369
11178,1357159,2592
11179,1372267,5580
11180,1350073,1179
11181,1355697,2301
11182,1356677,2496
11183,1367942,4728
11184,1370499,5232
11185,1463415,22938
11186,1371504,5430
11187,1359137,2985
11188,1384815,8037
11189,1367076,4557
11190,1404314,11811
11191,1411340,13158
11192,1355426,2247
11193,1387373,8535
11194,1377615,6630
11195,1363297,3810
11196,1409192,12747
11197,1433536,17370
11198,1367896,4719
11199,1446163,19737
11200,1436439,17916
11201,1378243,6753
11202,1373655,5853
11203,1358759,2910
11204,1389688,8985
11205,1364950,4137
11206,1377064,6522
11207,1364010,3951
11208,1379347,6969
11209,1373915,5904
11210,1389116,8874
11211,1365724,4290
11212,1360648,3285
11213,1368489,4836
11214,1421289,15054
11215,1373243,5772
11216,1471440,24414
11217,1375412,6198
11218,1365997,4344
11219,1391063,9252
11220,1549694,38400
11221,1448656,20202
11222,1441733,18909
11223,1354673,2097
11224,1368809,4899
11225,1363934,3936
11226,1370164,5166
11227,1357024,2565
11228,1390584,9159
11229,1394732,9963
11230,1356843,2529
11231,1424594,15681
11232,1348334,831
11233,1364874,4122
11234,1384923,8058
11235,1349038,972
11236,1377998,6705
11237,1440292,18639
11238,1355456,2253
11239,1348064,777
11240,1385939,8256
11241,1378289,6762
11242,1395492,10110
11243,1352702,1704
11244,1357371,2634
11245,1366514,4446
11246,1555423,39396
11247,1365117,4170
11248,1356225,2406
11249,1368003,4740
11250,1375749,6264
11251,1477602,25542
11252,1454351,21261
11253,1390738,9189
11254,1472552,24618
11255,1360603,3276
11256,1351334,1431
11257,1414638,13788
11258,1394810,9978
11259,1396904,10383
11260,1363116,3774
11261,1376146,6342
11262,1364161,3981
11263,1351500,1464
11264,1369159,4968
11265,1364738,4095
11266,1365512,4248
11267,1396252,10257
11268,1364692,4086
11269,1365603,4266
11270,1347105,585
11271,1375718,6258
11272,1493270,28389
11273,1371459,5421
11274,1456292,21621
11275,1418921,14604
11276,1407080,12342
11277,1369844,5103
11278,1437142,18048
11279,1361223,3399
11280,1406986,12324
11281,1350869,1338
11282,1374877,6093
11283,1359635,3084
11284,1368383,4815
11285,1365481,4242
11286,1358623,2883
11287,1362843,3720
11288,1374327,5985
11289,1403612,11676
11290,1415471,13947
11291,1356918,2544
11292,1353709,1905
11293,1358321,2823
11294,1367547,4650
11295,1415629,13977
11296,1360301,3216
11297,1389147,8880
11298,1359379,3033
11299,1389039,8859
11300,1357386,2637
11301,1376697,6450
11302,1362843,3720
11303,1383600,7800
11304,1429098,16533
11305,1394996,10014
11306,1380175,7131
11307,1363904,3930
11308,1358442,2847
11309,1349983,1161
11310,1387681,8595
11311,1360376,3231
11312,1358805,2919
11313,1514329,32169
11314,1358608,2880
11315,1363555,3861
11316,1368657,4869
11317,1365830,4311
11318,1398784,10746
11319,1345385,240
11320,1380344,7164
11321,1350974,1359
11322,1369920,5118
11323,1397929,10581
11324,1361208,3396
11325,1410712,13038
11326,1403628,11679
11327,1351845,1533
11328,1350524,1269
11329,1361329,3420
11330,1360089,3174
11331,1379408,6981
11332,1377462,6600
11333,1360512,3258
11334,1375168,6150
11335,1353303,1824
11336,1360936,3342
11337,1372267,5580
11338,1546889,37911
11339,1422790,15339
11340,1411214,13134
11341,1353484,1860
11342,1384292,7935
11343,1373136,5751
11344,1560827,40332
11345,1391852,9405
11346,1358638,2886
11347,1355381,2238
11348,1362888,3729
11349,1410148,12930
11350,1351379,1440
11351,1357114,2583
11352,1380144,7125
11353,1357356,2631
11354,1404579,11862
11355,1385108,8094
11356,1357144,2589
11357,1354613,2085
11358,1364798,4107
11359,1353003,1764
11360,1533844,35625
11361,1358986,2955
11362,1372984,5721
11363,1393555,9735
11364,1351470,1458
11365,1381710,7431
11366,1379623,7023
11367,1373381,5799
11368,1356451,2451
11369,1482554,26445
11370,1382432,7572
11371,1474010,24885
11372,1370164,5166
11373,1397215,10443
11374,1457231,21795
11375,1366043,4353
11376,1370727,5277
11377,1381956,7479
11378,1356813,2523
11379,1364632,4074
11380,1373946,5910
11381,1369905,5115
11382,1351650,1494
11383,1358125,2784
11384,1350884,1341
11385,1381633,7416
11386,1363343,3819
11387,1348094,783
11388,1356526,2466
11389,1377202,6549
11390,1369250,4986
11391,1366058,4356
11392,1360588,3273
11393,1365587,4263
11394,1370834,5298
11395,1391713,9378
11396,1356918,2544
11397,1375336,6183
11398,1368368,4812
11399,1378688,6840
11400,1356586,2478
11401,1356089,2379
11402,1407862,12492
11403,1392301,9492
11404,1375886,6291
11405,1353664,1896
11406,1640057,53697
11407,1420846,14970
11408,1413569,13584
11409,1678265,59913
11410,1347779,720
11411,1374022,5925
11412,1378718,6846
11413,1364905,4128
11414,1411324,13155
11415,1353318,1827
11416,1356948,2550
11417,1348783,921
11418,1373289,5781
11419,1432565,17187
11420,1371001,5331
11421,1355968,2355
11422,1381418,7374
11423,1407361,12396
11424,1354206,2004
11425,1479969,25974
11426,1418826,14586
11427,1371901,5508
11428,1363964,3942
11429,1394856,9987
11430,1373350,5793
11431,1382924,7668
11432,1379316,6963
11433,1377462,6600
11434,1396966,10395
11435,1377371,6582
11436,1392966,9621
11437,1399064,10800
11438,1358186,2796
11439,1368094,4758
11440,1423755,15522
11441,1358442,2847
11442,1364359,4020
11443,1377983,6702
11444,1390028,9051
11445,1360996,3354
11446,1375535,6222
11447,1368429,4824
11448,1399111,10809
11449,1361965,3546
11450,1368718,4881
11451,1351304,1425
11452,1705967,64332
11453,1352040,1572
11454,1386201,8307
11455,1700175,63414
11456,1368642,4866
11457,1393136,9654
11458,1382401,7566
11459,1398706,10731
11460,1386047,8277
11461,1373335,5790
11462,1370819,5295
11463,1399608,10905
11464,1452026,20829
11465,1383861,7851
11466,1363116,3774
11467,1391836,9402
11468,1359076,2973
11469,1363494,3849
11470,1397230,10446
11471,1360769,3309
11472,1376085,6330
11473,1654815,56115
11474,1371413,5412
11475,1373442,5811
11476,1413648,13599
11477,1364313,4011
11478,1348049,774
11479,1363889,3927
11480,1366514,4446
11481,1355712,2304
11482,1378274,6759
11483,1356843,2529
11484,1384754,8025
11485,1584317,44364
11486,1355275,2217
11487,1395399,10092
11488,1400853,11145
11489,1360119,3180
11490,1404330,11814
11491,1357205,2601
11492,1368839,4905
11493,1360769,3309
11494,1353664,1896
11495,1362661,3684
11496,1539497,36618
11497,1385801,8229
11498,1367015,4545
11499,1427685,16266
11500,1352582,1680
11501,1406704,12270
11502,1359635,3084
11503,1351515,1467
11504,1347405,645
11505,1380022,7101
11506,1350884,1341
11507,1388638,8781
11508,1394794,9975
11509,1387774,8613
11510,1380313,7158
11511,1367608,4662
11512,1358261,2811
11513,1350058,1176
11514,1560827,40332
11515,1378764,6855
11516,1370392,5211
11517,1367988,4737
11518,1362298,3612
11519,1386294,8325
11520,1358080,2775
11521,1540079,36720
11522,1359620,3081
11523,1420815,14964
11524,1406548,12240
11525,1375305,6177
11526,1978945,104396
11527,1379531,7005
11528,1379561,7011
11529,1369448,5025
11530,1371581,5445
11531,1381679,7425
11532,1363116,3774
11533,1442182,18993
11534,1347405,645
11535,1354808,2124
11536,1399624,10908
11537,1363419,3834
11538,1357657,2691
11539,1351635,1491
11540,1375183,6153
11541,1422110,15210
11542,1356813,2523
11543,1366043,4353
11544,1401336,11238
11545,1358774,2913
11546,1370194,5172
11547,1434588,17568
11548,1370285,5190
11549,1376055,6324
11550,1383831,7845
11551,1366696,4482
11552,1393291,9684
11553,1385616,8193
11554,1382816,7647
11555,1359273,3012
11556,1356315,2424
11557,1383077,7698
11558,1381787,7446
11559,1357793,2718
11560,1369509,5037
11561,1354899,2142
11562,1382478,7581
11563,1356692,2499
11564,1374297,5979
11565,1380144,7125
11566,1368398,4818
11567,1363676,3885
11568,1367167,4575
11569,1359983,3153
11570,1397106,10422
11571,1368231,4785
11572,1360134,3183
11573,1435322,17706
11574,1384615,7998
11575,1358110,2781
11576,1409130,12735
11577,1388021,8661
11578,1345370,237
11579,1372313,5589
11580,1372755,5676
11581,1356903,2541
11582,1410681,13032
11583,1366119,4368
11584,1396811,10365
11585,1357325,2625
11586,1385400,8151
11587,1377432,6594
11588,1354613,2085
11589,1366741,4491
11590,1361284,3411
11591,1696268,62793
11592,1358669,2892
11593,1359711,3099
11594,1354718,2106
11595,1439620,18513
11596,1376024,6318
11597,1365876,4320
11598,1390058,9057
11599,3531046,260685
11600,1360573,3270
11601,1385616,8193
11602,1415534,13959
11603,1384554,7986
11604,1367136,4569
11605,1381188,7329
11606,1364298,4008
11607,1405392,12018
11608,1363585,3867
11609,1361314,3417
11610,1433680,17397
11611,1364146,3978
11612,1362691,3690
11613,1366848,4512
11614,1359862,3129
11615,1378397,6783
11616,1373976,5916
11617,1349173,999
11618,1374037,5928
11619,1371916,5511
11620,1363191,3789
11621,1353499,1863
11622,1374541,6027
11623,1377340,6576
11624,1501758,29919
11625,1372557,5637
11626,1371062,5343
11627,1362373,3627
11628,1358306,2820
11629,1355501,2262
11630,1353694,1902
11631,1413271,13527
11632,1384461,7968
11633,1501692,29907
11634,1361223,3399
11635,1457426,21831
11636,1380344,7164
11637,1358699,2898
11638,1471440,24414
11639,1392889,9606
11640,1361571,3468
11641,1382893,7662
11642,1373457,5814
11643,1376162,6345
11644,1363085,3768
11645,1389224,8895
11646,1358412,2841
11647,1358427,2844
11648,1355426,2247
11649,1412156,13314
11650,1365830,4311
11651,1383477,7776
11652,1369890,5112
11653,1373365,5796
11654,1348334,831
11655,1441013,18774
11656,1375474,6210
11657,1362222,3597
11658,1401850,11337
11659,1398038,10602
11660,1376820,6474
11661,1370621,5256
11662,1457231,21795
11663,1355652,2292
11664,1358412,2841
11665,1376361,6384
11666,1608483,48450
11667,1362707,3693
11668,1370499,5232
11669,1415408,13935
11670,1362616,3675
11671,1386941,8451
11672,1376651,6441
11673,1360603,3276
11674,1361238,3402
11675,1352311,1626
11676,1398706,10731
11677,1373167,5757
11678,1373060,5736
11679,1399826,10947
11680,1380574,7209
11681,1356194,2400
11682,1373549,5832
11683,1376039,6321
11684,1349908,1146
11685,1442807,19110
11686,1371794,5487
11687,1354025,1968
11688,1362904,3732
11689,1404018,11754
11690,1362479,3648
11691,1407361,12396
11692,1356074,2376
11693,1371276,5385
11694,1351394,1443
11695,1386694,8403
11696,1421873,15165
11697,1352055,1575
11698,1369768,5088
11699,1369753,5085
11700,1382048,7497
11701,1356436,2448
11702,1431403,16968
11703,1420594,14922
11704,1366848,4512
11705,1363343,3819
11706,1383200,7722
11707,1362101,3573
11708,1365572,4260
11709,1421320,15060
11710,1386063,8280
11711,1405032,11949
11712,1468532,23880
11713,1382002,7488
11714,1380298,7155
11715,1377447,6597
11716,1387234,8508
11717,1350899,1344
11718,1407001,12327
11719,1356496,2460
11720,1362919,3735
11721,1351905,1545
11722,1347734,711
11723,1357914,2742
11724,1376682,6447
11725,1381418,7374
11726,1360527,3261
11727,1383385,7758
11728,1360527,3261
11729,1438788,18357
11730,1364389,4026
11731,1393833,9789
11732,1367121,4566
11733,1382109,7509
11734,1348738,912
11735,1357371,2634
11736,1432437,17163
11737,1366529,4449
11738,1354597,2082
11739,1356556,2472
11740,1355411,2244
11741,1397215,10443
11742,1355667,2295
11743,1359303,3018
11744,1358457,2850
11745,1352266,1617
11746,1351755,1515
11747,1367471,4635
11748,1393973,9816
11749,1365238,4194
11750,1413192,13512
11751,1369144,4965
11752,1380068,7110
11753,1363949,3939
11754,1351364,1437
11755,1350899,1344
11756,1654963,56139
11757,1386417,8349
11758,1359182,2994
11759,1352732,1710
11760,1373106,5745
11761,1363464,3843
11762,1416857,14211
11763,1374939,6105
11764,1354010,1965
11765,1393229,9672
11766,1345998,363
11767,1346641,492
11768,1349533,1071
11769,1399204,10827
11770,1384323,7941
11771,1369479,5031
11772,1368809,4899
11773,1357461,2652
11774,1387650,8589
11775,1399406,10866
11776,1378029,6711
11777,1474157,24912
11778,1380942,7281
11779,1799432,78729
11780,1361223,3399
11781,1417991,14427
11782,1354281,2019
11783,1352206,1605
11784,1393353,9696
11785,1414433,13749
11786,1360860,3327
11787,1353198,1803
11788,1353394,1842
11789,1370590,5250
11790,1357386,2637
11791,1457669,21876
11792,1433186,17304
11793,1368915,4920
11794,1385246,8121
11795,1410712,13038
11796,1361148,3384
11797,1679907,60177
11798,1356737,2508
11799,1346836,531
11800,1384939,8061
11801,1363131,3777
11802,1361859,3525
11803,1393384,9702
11804,1635415,52932
11805,1394298,9879
11806,1347420,648
11807,1373014,5727
11808,1362434,3639
11809,1350253,1215
11810,1370042,5142
11811,1408003,12519
11812,1372160,5559
11813,1378780,6858
11814,1424325,15630
11815,1430830,16860
11816,1356225,2406
11817,1359424,3042
11818,1347420,648
11819,1388869,8826
11820,1360149,3186
11821,1442679,19086
11822,1401149,11202
11823,1365223,4191
11824,1510329,31455
11825,1355019,2166
11826,1359394,3036
11827,1348094,783
11828,1354176,1998
11829,1394484,9915
11830,1471751,24471
11831,1384061,7890
11832,1377799,6666
11833,1408128,12543
11834,1353318,1827
11835,1391774,9390
11836,1359515,3060
11837,1368079,4755
11838,1361980,3549
11839,1429368,16584
11840,1544587,37509
11841,1363373,3825
11842,1358186,2796
11843,1380789,7251
11844,1352055,1575
11845,1362495,3651
11846,1406642,12258
11847,1367562,4653
11848,1405798,12096
11849,1444797,19482
11850,1373533,5829
11851,1400371,11052
11852,1346387,441
11853,1377064,6522
11854,1379776,7053
11855,1374801,6078
11856,1368216,4782
11857,1354567,2076
11858,1383769,7833
11859,1364980,4143
11860,1355064,2175
11861,1365785,4302
11862,1351905,1545
11863,1371382,5406
11864,1412847,13446
11865,1370499,5232
11866,1369463,5028
11867,1350869,1338
11868,1354296,2022
11869,1368383,4815
11870,1369935,5121
11871,1418464,14517
11872,1394391,9897
11873,1381479,7386
11874,1366043,4353
11875,1365420,4230
11876,1352221,1608
11877,1360119,3180
11878,1382647,7614
11879,1358669,2892
11880,1391310,9300
11881,1402271,11418
11882,1364328,4014
11883,1351124,1389
11884,1371200,5370
11885,1360225,3201
11886,1418275,14481
11887,1356737,2508
11888,1359107,2979
11889,1353333,1830
11890,1356149,2391
11891,1403752,11703
11892,1375963,6306
11893,1363131,3777
11894,1363919,3933
11895,1474632,24999
11896,1368779,4893
11897,1414481,13758
11898,1367334,4608
11899,1427479,16227
11900,1363358,3822
11901,1384000,7878
11902,1356405,2442
11903,1358276,2814
11904,1373091,5742
11905,1356405,2442
11906,1382954,7674
11907,1362919,3735
11908,1352221,1608
11909,1370514,5235
11910,1436088,17850
11911,1448673,20205
11912,1374862,6090
11913,1366407,4425
11914,1371657,5460
11915,1364177,3984
11916,1416180,14082
11917,1371825,5493
11918,1353273,1818
11919,1370209,5175
11920,1406657,12261
11921,1364525,4053
11922,1410352,12969
11923,1376758,6462
11924,1357205,2601
11925,1381034,7299
11926,1370499,5232
11927,1353950,1953
11928,1387712,8601
11929,1356813,2523
11930,1356601,2481
11931,1361753,3504
11932,1350644,1293
11933,1368824,4902
11934,1366210,4386
11935,1354146,1992
11936,1361768,3507
11937,1556859,39645
11938,1371459,5421
11939,1368642,4866
11940,1351500,1464
11941,1447289,19947
11942,1413632,13596
11943,1359651,3087
11944,1396128,10233
11945,1377233,6555
11946,1352732,1710
11947,1380282,7152
11948,1376850,6480
11949,1439092,18414
11950,1383077,7698
11951,1386648,8394
11952,1351680,1500
11953,1425338,15822
11954,1354507,2064
11955,1390476,9138
11956,1371794,5487
11957,1474583,24990
11958,1379822,7062
11959,1399048,10797
11960,1359318,3021
11961,1362676,3687
11962,1362919,3735
11963,1363131,3777
11964,1386001,8268
11965,1358125,2784
11966,1353725,1908
11967,1368124,4764
11968,1351755,1515
11969,1373426,5808
11970,1350704,1305
11971,1360784,3312
11972,1378856,6873
11973,1391171,9273
11974,1466069,23427
11975,1463464,22947
11976,1382140,7515
11977,1356903,2541
11978,1383754,7830
11979,1367608,4662
11980,1383016,7686
11981,1412187,13320
11982,1371413,5412
11983,1362585,3669
11984,1357069,2574
11985,1363646,3879
11986,1362192,3591
11987,1415849,14019
11988,1358925,2943
11989,1355998,2361
11990,1408723,12657
11991,1388021,8661
11992,1357657,2691
11993,1363828,3915
11994,1421336,15063
11995,1366772,4497
11996,1350358,1236
11997,1401118,11196
11998,1508014,31041
11999,1363085,3768
12000,1360694,3294
12001,10000,1500000
12002,10000,1500000
12003,10000,1500000
12004,10000,1500000
12005,10000,1500000
12006,10000,1500000
12007,10000,1500000
12008,10000,1500000
12009,10000,1500000
12010,10000,1500000
12011,10000,1500000
12012,10000,1500000
12013,10000,1500000
12014,10000,1500000
12015,10000,1500000
12016,10000,1500000
12017,10000,1500000
12018,10000,1500000
12019,10000,1500000
12020,10000,1500000
12021,10000,1500000
12022,10000,1500000
12023,10000,1500000
12024,10000,1500000
12025,10000,1500000
12026,10000,1500000
12027,10000,1500000
12028,10000,1500000
12029,10000,1500000
12030,10000,1500000
12031,10000,1500000
12032,10000,1500000
12033,10000,1500000
12034,10000,1500000
12035,10000,1500000
12036,10000,1500000
12037,10000,1500000
12038,10000,1500000
12039,10000,1500000
12040,10000,1500000
12041,10000,1500000
12042,10000,1500000
12043,10000,1500000
12044,10000,1500000
12045,10000,1500000
12046,10000,1500000
12047,10000,1500000
12048,10000,1500000
