1,4996003,6
2,4998189,51
3,4996440,15
4,4995711,0
5,4997460,36
6,4996440,15
7,4995711,0
8,5003293,156
9,4995711,0
10,5120348,2535
11,4995711,0
12,4995711,0
13,4997169,30
14,4995711,0
15,4995711,0
16,4996003,6
17,5025374,609
18,5026107,624
19,4996586,18
20,5040051,909
21,4996586,18
22,4996003,6
23,4996586,18
24,4996003,6
25,4996003,6
26,5000084,90
27,4997169,30
28,4996003,6
29,4996586,18
30,4996003,6
31,4996003,6
32,5007234,237
33,4997897,45
34,4996003,6
35,4996586,18
36,4996586,18
37,4996003,6
38,4996003,6
39,4995711,0
40,4995711,0
41,5004023,171
42,5001251,114
43,4996003,6
44,5002709,144
45,4997023,27
46,4997751,42
47,4997169,30
48,4997169,30
49,4996003,6
50,4996003,6
51,4996586,18
52,4996003,6
53,4995711,0
54,4996003,6
55,4996440,15
56,4998189,51
57,5024934,600
58,4995711,0
59,5002709,144
60,4996003,6
61,4996003,6
62,4995711,0
63,4996003,6
64,4998043,48
65,4996586,18
66,5003293,156
67,5015272,402
68,4996003,6
69,5000084,90
70,5042256,954
71,4996586,18
72,4997460,36
73,4996586,18
74,4996440,15
75,5001105,111
76,4996003,6
77,4996440,15
78,4996586,18
79,4995711,0
80,4996003,6
81,4995711,0
82,4998043,48
83,4997023,27
84,4996586,18
85,4997023,27
86,4997897,45
87,4995711,0
88,4996003,6
89,4996586,18
90,4996003,6
91,4996003,6
92,4996003,6
93,4997169,30
94,4996586,18
95,4996003,6
96,4997897,45
97,4996003,6
98,4996003,6
99,4996003,6
100,4997023,27
101,5000084,90
102,4996003,6
103,4995711,0
104,4996586,18
105,4997169,30
106,4995711,0
107,4995711,0
108,4996003,6
109,4995711,0
110,4996003,6
111,4995711,0
112,4995711,0
113,4996003,6
114,4996003,6
115,4996003,6
116,5000084,90
117,4996440,15
118,4996003,6
119,4996586,18
120,4996003,6
121,5005190,195
122,4995711,0
123,4995711,0
124,4997169,30
125,4996003,6
126,4996440,15
127,4996003,6
128,4998189,51
129,4997897,45
130,5000521,99
131,5010302,300
132,4995711,0
133,4996003,6
134,4997169,30
135,4995711,0
136,4996003,6
137,4995711,0
138,4995711,0
139,4998043,48
140,4995711,0
141,4997460,36
142,4996003,6
143,4996003,6
144,4995711,0
145,4997169,30
146,4996586,18
147,4997460,36
148,5008841,270
149,4996003,6
150,4996003,6
151,5006066,213
152,4996003,6
153,4995711,0
154,4995711,0
155,4996003,6
156,5000084,90
157,4995711,0
158,4997460,36
159,4996003,6
160,4996440,15
161,5026107,624
162,4996440,15
163,4996003,6
164,4996003,6
165,4995711,0
166,4997460,36
167,4996003,6
168,4996003,6
169,4996440,15
170,4996586,18
171,4996003,6
172,4996003,6
173,4996003,6
174,5212250,4365
175,4995711,0
176,4996003,6
177,4996003,6
178,5005336,198
179,4996003,6
180,4996003,6
181,4996003,6
182,4996440,15
183,4996440,15
184,4995711,0
185,4996586,18
186,5000521,99
187,4996003,6
188,4996003,6
189,5011032,315
190,4997169,30
191,4996003,6
192,4996003,6
193,4996440,15
194,4996440,15
195,4996003,6
196,4996003,6
197,4995711,0
198,4996586,18
199,4996003,6
200,4996440,15
201,4996003,6
202,5002709,144
203,4997897,45
204,4995711,0
205,4996003,6
206,4996003,6
207,5003293,156
208,5096363,2052
209,4997023,27
210,4995711,0
211,4996003,6
212,4997169,30
213,4996003,6
214,4996586,18
215,5006358,219
216,4996586,18
217,4996586,18
218,4997023,27
219,4996003,6
220,4996003,6
221,4996003,6
222,4996003,6
223,4996586,18
224,4996586,18
225,4995711,0
226,4995711,0
227,4996003,6
228,4996440,15
229,4996586,18
230,5000521,99
231,4997897,45
232,4996440,15
233,4996003,6
234,5002709,144
235,4995711,0
236,4996586,18
237,4995711,0
238,4996003,6
239,4996440,15
240,5617582,12069
241,5018930,477
242,4997023,27
243,5026840,639
244,4996440,15
245,4996003,6
246,4995711,0
247,4995711,0
248,4996003,6
249,4996440,15
250,4996003,6
251,4996003,6
252,4996003,6
253,4996003,6
254,4996003,6
255,4996003,6
256,4996003,6
257,4996003,6
258,4996586,18
259,4996440,15
260,4995711,0
261,5077374,1668
262,4995711,0
263,4996003,6
264,4995711,0
265,4996440,15
266,4996003,6
267,4996586,18
268,5003293,156
269,4997169,30
270,4996586,18
271,4996003,6
272,4996003,6
273,5004169,174
274,4996003,6
275,4995711,0
276,4996003,6
277,4995711,0
278,4996003,6
279,5001105,111
280,4996003,6
281,4996003,6
282,4995711,0
283,4996440,15
284,4996003,6
285,5018052,459
286,4996003,6
287,4997169,30
288,4996003,6
289,5025374,609
290,4995711,0
291,4995711,0
292,4995711,0
293,4996003,6
294,4995711,0
295,4995711,0
296,4996003,6
297,4996440,15
298,4996586,18
299,4995711,0
300,4996003,6
301,4996003,6
302,4996003,6
303,4997169,30
304,4995711,0
305,4996440,15
306,5002709,144
307,4996586,18
308,4996440,15
309,4996003,6
310,4995711,0
311,4995711,0
312,5000084,90
313,4996003,6
314,4998918,66
315,4996586,18
316,4996586,18
317,4996003,6
318,4997169,30
319,4995711,0
320,4997169,30
321,4996003,6
322,5000084,90
323,4997169,30
324,4997169,30
325,4996440,15
326,4996440,15
327,4996003,6
328,4998189,51
329,4995711,0
330,5000084,90
331,4995711,0
332,4996003,6
333,4996440,15
334,4995711,0
335,4997169,30
336,4995711,0
337,4996003,6
338,4996003,6
339,4996586,18
340,4997751,42
341,4995711,0
342,4995711,0
343,4996586,18
344,4996003,6
345,4995711,0
346,4998189,51
347,4995711,0
348,4996003,6
349,4996440,15
350,4995711,0
351,4998626,60
352,4996003,6
353,4996003,6
354,4995711,0
355,4996586,18
356,4996586,18
357,4996440,15
358,5000084,90
359,4995711,0
360,4995711,0
361,4995711,0
362,4995711,0
363,4997169,30
364,4995711,0
365,4995711,0
366,4998043,48
367,4996003,6
368,4996003,6
369,4996003,6
370,4998189,51
371,5004169,174
372,4995711,0
373,5000084,90
374,4996586,18
375,4995711,0
376,4996003,6
377,4996003,6
378,4996440,15
379,4995711,0
380,5000084,90
381,4996003,6
382,4995711,0
383,4995711,0
384,4996586,18
385,4998043,48
386,4997169,30
387,4997169,30
388,4996003,6
389,4996003,6
390,5006650,225
391,4996586,18
392,4997169,30
393,4996586,18
394,4996003,6
395,4996003,6
396,4996586,18
397,4996586,18
398,4996440,15
399,4996440,15
400,4996003,6
401,4995711,0
402,4997460,36
403,4995711,0
404,4996003,6
405,4997023,27
406,4996003,6
407,4995711,0
408,4996440,15
409,4996003,6
410,5000521,99
411,4996003,6
412,4996586,18
413,4996586,18
414,4997169,30
415,4995711,0
416,4996440,15
417,5004169,174
418,4996003,6
419,4996586,18
420,4995711,0
421,4997897,45
422,4997169,30
423,4996003,6
424,4996003,6
425,4995711,0
426,4996003,6
427,4995711,0
428,4995711,0
429,4996003,6
430,4996586,18
431,5000084,90
432,4997023,27
433,4996003,6
434,4996440,15
435,4996003,6
436,4996440,15
437,4995711,0
438,4995711,0
439,4996003,6
440,4996003,6
441,4996440,15
442,4995711,0
443,4998189,51
444,4997169,30
445,4997169,30
446,4996003,6
447,4996003,6
448,4996003,6
449,4995711,0
450,4996586,18
451,4996586,18
452,5001980,129
453,4996003,6
454,5139646,2922
455,4997169,30
456,4996003,6
457,4997169,30
458,4996003,6
459,4996003,6
460,4995711,0
461,4996003,6
462,4995711,0
463,4995711,0
464,4995711,0
465,4995711,0
466,4995711,0
467,4995711,0
468,4996440,15
469,4996003,6
470,4995711,0
471,4995711,0
472,4995711,0
473,4995711,0
474,4996440,15
475,4996440,15
476,4995711,0
477,4996003,6
478,4996003,6
479,4996440,15
480,4995711,0
481,4995711,0
482,4998043,48
483,4996003,6
484,4995711,0
485,5116019,2448
486,4996003,6
487,4996003,6
488,4997169,30
489,4996440,15
490,4995711,0
491,4996003,6
492,4996003,6
493,4995711,0
494,4997169,30
495,4995711,0
496,4996003,6
497,4995711,0
498,4995711,0
499,4995711,0
500,4996440,15
501,4996003,6
502,4996003,6
503,4995711,0
504,4997169,30
505,4996003,6
506,4996586,18
507,4997169,30
508,4996003,6
509,4996003,6
510,4996003,6
511,4998043,48
512,5000084,90
513,4996003,6
514,4997169,30
515,4997169,30
516,4995711,0
517,4996440,15
518,4996003,6
519,5002709,144
520,4996003,6
521,4996003,6
522,4996440,15
523,4996003,6
524,4996003,6
525,4995711,0
526,4995711,0
527,4996003,6
528,4996586,18
529,4995711,0
530,4995711,0
531,4995711,0
532,4997169,30
533,4995711,0
534,4995711,0
535,4996440,15
536,5005336,198
537,4997460,36
538,4997751,42
539,4995711,0
540,4995711,0
541,4995711,0
542,4996440,15
543,4996003,6
544,4995711,0
545,5002709,144
546,4996003,6
547,4997897,45
548,4995711,0
549,4996003,6
550,4995711,0
551,4996586,18
552,4997460,36
553,4995711,0
554,4996003,6
555,4996586,18
556,4996003,6
557,4995711,0
558,4996003,6
559,5000521,99
560,4996440,15
561,4996440,15
562,4995711,0
563,4995711,0
564,4996440,15
565,5001251,114
566,4996003,6
567,4996003,6
568,4996003,6
569,4999063,69
570,4996440,15
571,4997460,36
572,4996003,6
573,5008402,261
574,4999938,87
575,4996586,18
576,4997169,30
577,5002709,144
578,4996440,15
579,4996586,18
580,4995711,0
581,4996003,6
582,4995711,0
583,4996586,18
584,4995711,0
585,4995711,0
586,4995711,0
587,5054770,1209
588,5003293,156
589,4996440,15
590,4998043,48
591,4995711,0
592,4996440,15
593,4998189,51
594,4995711,0
595,4996440,15
596,4997023,27
597,5005336,198
598,4996440,15
599,4996440,15
600,4995711,0
601,5000521,99
602,4995711,0
603,4996586,18
604,5000084,90
605,4996586,18
606,4997169,30
607,4996003,6
608,4995711,0
609,4996440,15
610,4996440,15
611,4995711,0
612,4996003,6
613,5003293,156
614,4995711,0
615,4995711,0
616,4995711,0
617,4996440,15
618,4996003,6
619,4996003,6
620,4995711,0
621,5027133,645
622,4996440,15
623,4995711,0
624,4997751,42
625,5000084,90
626,4995711,0
627,4995711,0
628,4996440,15
629,4996586,18
630,4996003,6
631,4996586,18
632,4996003,6
633,4995711,0
634,4996586,18
635,4996003,6
636,4995711,0
637,4996003,6
638,4998189,51
639,4996003,6
640,4997169,30
641,4996586,18
642,5000521,99
643,4996586,18
644,4996003,6
645,4995711,0
646,4996003,6
647,4996003,6
648,4996003,6
649,4996440,15
650,4997023,27
651,4995711,0
652,4996003,6
653,4996003,6
654,4996440,15
655,4997169,30
656,4996003,6
657,4996003,6
658,4996003,6
659,4996586,18
660,4996003,6
661,4996003,6
662,4996003,6
663,4996586,18
664,4996586,18
665,4997169,30
666,4996003,6
667,5002709,144
668,4997460,36
669,4996586,18
670,4995711,0
671,4995711,0
672,4997169,30
673,4995711,0
674,4995711,0
675,4996003,6
676,4996586,18
677,5009133,276
678,4996003,6
679,4997169,30
680,5000521,99
681,4995711,0
682,4995711,0
683,4996003,6
684,5020394,507
685,4996440,15
686,4996003,6
687,4996440,15
688,4995711,0
689,4996003,6
690,4995711,0
691,4996440,15
692,4996003,6
693,4996003,6
694,5000084,90
695,4995711,0
696,5000521,99
697,5002709,144
698,4995711,0
699,4996003,6
700,5000521,99
701,4995711,0
702,4995711,0
703,5000084,90
704,4995711,0
705,4995711,0
706,4995711,0
707,4995711,0
708,4997023,27
709,4995711,0
710,4995711,0
711,4996440,15
712,4996003,6
713,4996440,15
714,4997169,30
715,4995711,0
716,5002709,144
717,4996003,6
718,4997169,30
719,4995711,0
720,4996003,6
721,4996586,18
722,4996003,6
723,4996586,18
724,4997169,30
725,4997751,42
726,4995711,0
727,4996003,6
728,4997023,27
729,4998043,48
730,4996440,15
731,4996003,6
732,4995711,0
733,4995711,0
734,4995711,0
735,4996003,6
736,5011032,315
737,4995711,0
738,4996440,15
739,4996003,6
740,4998918,66
741,4995711,0
742,4996003,6
743,4995711,0
744,4996003,6
745,4996440,15
746,4995711,0
747,4996003,6
748,4996586,18
749,4996003,6
750,5000521,99
751,4995711,0
752,4997023,27
753,4995711,0
754,4997023,27
755,4996586,18
756,4997169,30
757,5000084,90
758,4995711,0
759,4995711,0
760,5001980,129
761,4997023,27
762,5884539,16845
763,4996586,18
764,4996003,6
765,4996003,6
766,4996003,6
767,4996003,6
768,5000084,90
769,5000521,99
770,4996440,15
771,4996586,18
772,4995711,0
773,4997023,27
774,4996003,6
775,4995711,0
776,4995711,0
777,5005628,204
778,4996003,6
779,4997169,30
780,4997897,45
781,4995711,0
782,4995711,0
783,4995711,0
784,4995711,0
785,4995711,0
786,4996003,6
787,4996003,6
788,4996003,6
789,4996003,6
790,4997169,30
791,4996003,6
792,4996003,6
793,4999063,69
794,4997897,45
795,4996003,6
796,5010155,297
797,4997169,30
798,5000521,99
799,5010302,300
800,4995711,0
801,4996003,6
802,4996003,6
803,4995711,0
804,4995711,0
805,4996586,18
806,4995711,0
807,4996003,6
808,4995711,0
809,5014394,384
810,4996586,18
811,4995711,0
812,4996003,6
813,4995711,0
814,4996440,15
815,4995711,0
816,4996440,15
817,4996003,6
818,4995711,0
819,4996586,18
820,5000084,90
821,4996586,18
822,4996003,6
823,4996003,6
824,4996586,18
825,4995711,0
826,4996003,6
827,4996003,6
828,4996003,6
829,5003147,153
830,4997460,36
831,4995711,0
832,4996440,15
833,4996003,6
834,4996003,6
835,4995711,0
836,5004169,174
837,4995711,0
838,4995711,0
839,4995711,0
840,4995711,0
841,4997169,30
842,4996440,15
843,4997897,45
844,4997897,45
845,4996003,6
846,4996440,15
847,4997169,30
848,4996003,6
849,4998189,51
850,5002272,135
851,4996003,6
852,4996586,18
853,4996003,6
854,4997751,42
855,4995711,0
856,4996003,6
857,4997169,30
858,4995711,0
859,4995711,0
860,4995711,0
861,4995711,0
862,5042256,954
863,4995711,0
864,4996003,6
865,4996003,6
866,4996003,6
867,4996586,18
868,4995711,0
869,4995711,0
870,4996003,6
871,4995711,0
872,5005628,204
873,4995711,0
874,4995711,0
875,4995711,0
876,5041521,939
877,5000084,90
878,4997897,45
879,4995711,0
880,4995711,0
881,4996003,6
882,4996003,6
883,4996440,15
884,4995711,0
885,4995711,0
886,4995711,0
887,4996440,15
888,4995711,0
889,5002709,144
890,4996586,18
891,5004023,171
892,5004023,171
893,4996003,6
894,4996586,18
895,4996003,6
896,5002709,144
897,4995711,0
898,4996440,15
899,4996003,6
900,4996586,18
901,4996586,18
902,4995711,0
903,4996003,6
904,4997023,27
905,4997169,30
906,4996586,18
907,4995711,0
908,4995711,0
909,4996003,6
910,4996440,15
911,4997169,30
912,4996440,15
913,4997460,36
914,4997169,30
915,4996003,6
916,4997169,30
917,4996003,6
918,4997460,36
919,4996440,15
920,4995711,0
921,4996003,6
922,5002709,144
923,4996003,6
924,4996586,18
925,4996586,18
926,4995711,0
927,4996440,15
928,4996586,18
929,4997023,27
930,5003293,156
931,4996003,6
932,4996440,15
933,4997751,42
934,4996586,18
935,4996586,18
936,4996003,6
937,4996003,6
938,4996586,18
939,5000521,99
940,4996586,18
941,4995711,0
942,4997169,30
943,4995711,0
944,4997897,45
945,5000084,90
946,4995711,0
947,5429933,8574
948,4995711,0
949,4995711,0
950,4995711,0
951,4996440,15
952,4996586,18
953,4996003,6
954,4996003,6
955,5001980,129
956,4996003,6
957,4996003,6
958,4996003,6
959,4996003,6
960,4996440,15
961,4995711,0
962,4996586,18
963,4996003,6
964,4995711,0
965,4995711,0
966,4996003,6
967,4996586,18
968,5000084,90
969,4996586,18
970,4996003,6
971,5004023,171
972,4995711,0
973,4995711,0
974,4995711,0
975,4996003,6
976,5000084,90
977,5003293,156
978,4996440,15
979,4996003,6
980,4996586,18
981,4995711,0
982,4997751,42
983,4996440,15
984,4998772,63
985,4996586,18
986,4996003,6
987,4997751,42
988,4995711,0
989,4998043,48
990,4996003,6
991,4996003,6
992,4995711,0
993,4996003,6
994,5002709,144
995,4995711,0
996,4996003,6
997,4996586,18
998,4995711,0
999,4996003,6
1000,4997169,30
1001,4995711,0
1002,5002709,144
1003,4996586,18
1004,4996003,6
1005,4996003,6
1006,4996003,6
1007,4995711,0
1008,5006066,213
1009,4998189,51
1010,4995711,0
1011,4997023,27
1012,4997460,36
1013,4995711,0
1014,5017466,447
1015,4997169,30
1016,4995711,0
1017,4995711,0
1018,4996586,18
1019,4999063,69
1020,4996440,15
1021,4995711,0
1022,4996003,6
1023,4995711,0
1024,4996440,15
1025,4996440,15
1026,4996003,6
1027,4996586,18
1028,4996586,18
1029,4996003,6
1030,4995711,0
1031,4995711,0
1032,4995711,0
1033,4997751,42
1034,4995711,0
1035,4996586,18
1036,5002709,144
1037,4996440,15
1038,4996003,6
1039,4996003,6
1040,5001251,114
1041,4997460,36
1042,4996003,6
1043,4998189,51
1044,4996003,6
1045,4995711,0
1046,4996440,15
1047,4996586,18
1048,4997169,30
1049,4995711,0
1050,4996003,6
1051,4995711,0
1052,4995711,0
1053,4996440,15
1054,4995711,0
1055,4995711,0
1056,4997169,30
1057,4995711,0
1058,4997169,30
1059,4996586,18
1060,4996003,6
1061,4996586,18
1062,4996003,6
1063,4995711,0
1064,5003877,168
1065,4996003,6
1066,4996586,18
1067,4996003,6
1068,4996003,6
1069,4996003,6
1070,4995711,0
1071,4996586,18
1072,4997897,45
1073,5024934,600
1074,4995711,0
1075,4996003,6
1076,4995711,0
1077,4996003,6
1078,4996586,18
1079,4999063,69
1080,4996003,6
1081,4996003,6
1082,4997169,30
1083,4996003,6
1084,4995711,0
1085,4995711,0
1086,4996003,6
1087,5010886,312
1088,4996586,18
1089,4997169,30
1090,5024934,600
1091,4996586,18
1092,4995711,0
1093,4997169,30
1094,4995711,0
1095,4996003,6
1096,4995711,0
1097,4996586,18
1098,4996003,6
1099,4995711,0
1100,4995711,0
1101,4996003,6
1102,5002709,144
1103,4996003,6
1104,4996003,6
1105,5001105,111
1106,4996586,18
1107,4997169,30
1108,4995711,0
1109,4995711,0
1110,4997169,30
1111,4995711,0
1112,4996003,6
1113,4996586,18
1114,4997169,30
1115,4996440,15
1116,4996440,15
1117,4996003,6
1118,4998043,48
1119,4996003,6
1120,4995711,0
1121,4996440,15
1122,4996440,15
1123,4998626,60
1124,4996003,6
1125,4996003,6
1126,4997897,45
1127,4996003,6
1128,5011032,315
1129,5000084,90
1130,4996003,6
1131,4998189,51
1132,5003293,156
1133,4996440,15
1134,4996003,6
1135,4996003,6
1136,4996003,6
1137,4996440,15
1138,4999063,69
1139,4996003,6
1140,4998918,66
1141,4996586,18
1142,4997169,30
1143,4995711,0
1144,4995711,0
1145,4996440,15
1146,4998043,48
1147,4996586,18
1148,4997169,30
1149,4995711,0
1150,4995711,0
1151,4995711,0
1152,4996440,15
1153,4995711,0
1154,5000521,99
1155,4995711,0
1156,4996440,15
1157,4996586,18
1158,4995711,0
1159,4995711,0
1160,4996586,18
1161,4996586,18
1162,4995711,0
1163,4996003,6
1164,4997169,30
1165,4995711,0
1166,4996003,6
1167,4997460,36
1168,4995711,0
1169,4996440,15
1170,4996586,18
1171,5025374,609
1172,4996440,15
1173,4995711,0
1174,4995711,0
1175,4998043,48
1176,4996003,6
1177,4996586,18
1178,5000521,99
1179,5006066,213
1180,4996003,6
1181,4997460,36
1182,5000084,90
1183,4995711,0
1184,4996003,6
1185,4995711,0
1186,4996440,15
1187,4996440,15
1188,4997169,30
1189,5000084,90
1190,4995711,0
1191,4995711,0
1192,4996003,6
1193,4995711,0
1194,4996586,18
1195,4995711,0
1196,4996003,6
1197,4995711,0
1198,4996003,6
1199,4996440,15
1200,4995711,0
1201,4995711,0
1202,4996003,6
1203,4998772,63
1204,4996003,6
1205,4995711,0
1206,4996440,15
1207,4996003,6
1208,4996003,6
1209,4996003,6
1210,4995711,0
1211,4995711,0
1212,4995711,0
1213,4996003,6
1214,4995711,0
1215,4996003,6
1216,4995711,0
1217,4995711,0
1218,4997897,45
1219,4995711,0
1220,5002709,144
1221,4996586,18
1222,4997751,42
1223,4996003,6
1224,5000084,90
1225,4997023,27
1226,4995711,0
1227,4996003,6
1228,5000084,90
1229,4995711,0
1230,4996003,6
1231,4995711,0
1232,4996440,15
1233,4995711,0
1234,5016296,423
1235,4996003,6
1236,4995711,0
1237,4996003,6
1238,4995711,0
1239,4996003,6
1240,4996586,18
1241,4996003,6
1242,4997460,36
1243,4995711,0
1244,4995711,0
1245,4995711,0
1246,4995711,0
1247,5425185,8484
1248,4996003,6
1249,4995711,0
1250,4997169,30
1251,4995711,0
1252,4996003,6
1253,4996440,15
1254,4996003,6
1255,4995711,0
1256,5009279,279
1257,4996003,6
1258,4995711,0
1259,4995711,0
1260,4996440,15
1261,4996586,18
1262,4996003,6
1263,4996440,15
1264,4996003,6
1265,4995711,0
1266,4996003,6
1267,4996003,6
1268,4996003,6
1269,4995711,0
1270,4996440,15
1271,4995711,0
1272,4996440,15
1273,4995711,0
1274,4996586,18
1275,4996003,6
1276,5011178,318
1277,4995711,0
1278,4996003,6
1279,4995711,0
1280,4996003,6
1281,4997897,45
1282,5004169,174
1283,4996003,6
1284,4996586,18
1285,4995711,0
1286,4995711,0
1287,4996003,6
1288,4997023,27
1289,4995711,0
1290,4995711,0
1291,4996003,6
1292,4997169,30
1293,4996003,6
1294,4996586,18
1295,4996586,18
1296,4997169,30
1297,4995711,0
1298,4996003,6
1299,4996003,6
1300,4995711,0
1301,4996003,6
1302,4995711,0
1303,4995711,0
1304,4996003,6
1305,5000521,99
1306,4995711,0
1307,5000521,99
1308,4995711,0
1309,4997169,30
1310,4998772,63
1311,4995711,0
1312,4996003,6
1313,5000084,90
1314,4995711,0
1315,4995711,0
1316,4996440,15
1317,4996586,18
1318,4995711,0
1319,4996440,15
1320,4996003,6
1321,4996003,6
1322,4995711,0
1323,4996003,6
1324,4995711,0
1325,4998189,51
1326,5090570,1935
1327,4995711,0
1328,4995711,0
1329,4996440,15
1330,4995711,0
1331,4996440,15
1332,4995711,0
1333,4996003,6
1334,5002709,144
1335,4996586,18
1336,4996586,18
1337,4996003,6
1338,4996003,6
1339,4997169,30
1340,4995711,0
1341,4995711,0
1342,4996440,15
1343,4997169,30
1344,4995711,0
1345,5024934,600
1346,4999063,69
1347,4996003,6
1348,4996003,6
1349,4995711,0
1350,4997169,30
1351,5000521,99
1352,4998043,48
1353,4996586,18
1354,4995711,0
1355,4996003,6
1356,4995711,0
1357,4996003,6
1358,5000521,99
1359,4998918,66
1360,4995711,0
1361,5004169,174
1362,4995711,0
1363,5000084,90
1364,4995711,0
1365,4998043,48
1366,4995711,0
1367,4995711,0
1368,5007234,237
1369,5000521,99
1370,5002709,144
1371,4996003,6
1372,4995711,0
1373,4996003,6
1374,4996586,18
1375,4995711,0
1376,4997169,30
1377,4997460,36
1378,4996440,15
1379,4996003,6
1380,4995711,0
1381,4996003,6
1382,5005628,204
1383,4995711,0
1384,5525136,10362
1385,4995711,0
1386,4995711,0
1387,4996003,6
1388,4997169,30
1389,4996003,6
1390,4997169,30
1391,4996003,6
1392,4996586,18
1393,4996440,15
1394,4995711,0
1395,4996586,18
1396,5027866,660
1397,4995711,0
1398,4995711,0
1399,4996003,6
1400,4996586,18
1401,5005336,198
1402,4996586,18
1403,4996586,18
1404,4996003,6
1405,4995711,0
1406,4996003,6
1407,4996440,15
1408,4996003,6
1409,4995711,0
1410,4996440,15
1411,4996003,6
1412,4997169,30
1413,4995711,0
1414,4996440,15
1415,4996440,15
1416,4996003,6
1417,4996003,6
1418,4995711,0
1419,4997169,30
1420,4995711,0
1421,4996586,18
1422,4997169,30
1423,4995711,0
1424,4996003,6
1425,4995711,0
1426,4995711,0
1427,4995711,0
1428,4999063,69
1429,4996003,6
1430,4996003,6
1431,5003293,156
1432,4995711,0
1433,4995711,0
1434,4995711,0
1435,4996586,18
1436,4995711,0
1437,4995711,0
1438,4996003,6
1439,4995711,0
1440,4998772,63
1441,4996440,15
1442,4996003,6
1443,4997169,30
1444,4996003,6
1445,4996003,6
1446,4996003,6
1447,4995711,0
1448,4995711,0
1449,5001980,129
1450,5000084,90
1451,4996003,6
1452,4996003,6
1453,5265416,5409
1454,4995711,0
1455,4996440,15
1456,4995711,0
1457,4995711,0
1458,5006066,213
1459,4995711,0
1460,4995711,0
1461,4997169,30
1462,4995711,0
1463,4995711,0
1464,4995711,0
1465,4996003,6
1466,4997897,45
1467,5014394,384
1468,4996003,6
1469,4995711,0
1470,4995711,0
1471,5000521,99
1472,4996440,15
1473,4995711,0
1474,4996003,6
1475,4996440,15
1476,4996586,18
1477,4996586,18
1478,4995711,0
1479,4997169,30
1480,4996586,18
1481,4996440,15
1482,4995711,0
1483,4996003,6
1484,4996003,6
1485,4995711,0
1486,4995711,0
1487,4997169,30
1488,4995711,0
1489,4996003,6
1490,4995711,0
1491,4996003,6
1492,4995711,0
1493,5000084,90
1494,4995711,0
1495,4996003,6
1496,4995711,0
1497,4995711,0
1498,4999938,87
1499,4996003,6
1500,4995711,0
1501,4996586,18
1502,4995711,0
1503,4996003,6
1504,4997023,27
1505,4995711,0
1506,4996440,15
1507,4995711,0
1508,5003293,156
1509,4996440,15
1510,4995711,0
1511,4996586,18
1512,4995711,0
1513,4996586,18
1514,4997023,27
1515,5000084,90
1516,4995711,0
1517,4995711,0
1518,4995711,0
1519,4997169,30
1520,4995711,0
1521,4997023,27
1522,4996003,6
1523,4995711,0
1524,4996586,18
1525,4996586,18
1526,4996440,15
1527,4997023,27
1528,4996586,18
1529,4995711,0
1530,4995711,0
1531,4995711,0
1532,4996440,15
1533,4997169,30
1534,4996440,15
1535,4995711,0
1536,4996586,18
1537,5008841,270
1538,4996003,6
1539,4995711,0
1540,5002563,141
1541,4996003,6
1542,4996003,6
1543,5008110,255
1544,4996586,18
1545,4996440,15
1546,4996440,15
1547,4995711,0
1548,4997023,27
1549,5002709,144
1550,4996003,6
1551,4996586,18
1552,4995711,0
1553,4996440,15
1554,4996440,15
1555,4996586,18
1556,4996440,15
1557,4996003,6
1558,4996003,6
1559,4996003,6
1560,4996003,6
1561,4995711,0
1562,4996003,6
1563,4996003,6
1564,4997023,27
1565,4996440,15
1566,4996586,18
1567,4998772,63
1568,4995711,0
1569,5000521,99
1570,4996586,18
1571,4996440,15
1572,4995711,0
1573,4996586,18
1574,4996440,15
1575,4995711,0
1576,4995711,0
1577,4996586,18
1578,4996586,18
1579,5024934,600
1580,4996003,6
1581,4996440,15
1582,4995711,0
1583,4997023,27
1584,4995711,0
1585,5000084,90
1586,4996440,15
1587,4995711,0
1588,4995711,0
1589,4996003,6
1590,4995711,0
1591,4995711,0
1592,4996003,6
1593,5001105,111
1594,4996003,6
1595,4996003,6
1596,4996003,6
1597,4996586,18
1598,4995711,0
1599,4996586,18
1600,4996003,6
1601,4996586,18
1602,4995711,0
1603,4995711,0
1604,4997023,27
1605,4996003,6
1606,4995711,0
1607,4995711,0
1608,4996586,18
1609,4996003,6
1610,4996440,15
1611,4998189,51
1612,4995711,0
1613,4997169,30
1614,4995711,0
1615,4996586,18
1616,4997897,45
1617,4997023,27
1618,4995711,0
1619,4996003,6
1620,4995711,0
1621,4996003,6
1622,4996003,6
1623,4996586,18
1624,4996440,15
1625,4996586,18
1626,4996003,6
1627,4997169,30
1628,4995711,0
1629,4996440,15
1630,4995711,0
1631,4996586,18
1632,4996586,18
1633,4995711,0
1634,4999063,69
1635,4996003,6
1636,4997169,30
1637,4996586,18
1638,4997169,30
1639,5000521,99
1640,4996440,15
1641,4996003,6
1642,4997169,30
1643,4995711,0
1644,5000521,99
1645,4995711,0
1646,5003293,156
1647,4995711,0
1648,4996003,6
1649,4998189,51
1650,4995711,0
1651,4996440,15
1652,4995711,0
1653,4996003,6
1654,4999209,72
1655,5005628,204
1656,5000084,90
1657,4995711,0
1658,4995711,0
1659,4996003,6
1660,4997169,30
1661,4995711,0
1662,5004023,171
1663,4998189,51
1664,4996586,18
1665,4995711,0
1666,4996440,15
1667,4995711,0
1668,4995711,0
1669,4997169,30
1670,4997023,27
1671,4997023,27
1672,4996003,6
1673,4996586,18
1674,4998043,48
1675,4996003,6
1676,4995711,0
1677,4996003,6
1678,4996003,6
1679,4996440,15
1680,4996003,6
1681,4997460,36
1682,4999063,69
1683,4996003,6
1684,4996003,6
1685,4996440,15
1686,4996003,6
1687,5003293,156
1688,5015711,411
1689,4996440,15
1690,4996440,15
1691,4995711,0
1692,5016588,429
1693,4996003,6
1694,4995711,0
1695,4996003,6
1696,4996440,15
1697,4995711,0
1698,4996003,6
1699,4996003,6
1700,4996586,18
1701,4996586,18
1702,4996440,15
1703,4996586,18
1704,4997023,27
1705,4997460,36
1706,4996003,6
1707,4997023,27
1708,4995711,0
1709,5004023,171
1710,4996586,18
1711,5005628,204
1712,4995711,0
1713,4996003,6
1714,4996003,6
1715,4996003,6
1716,4995711,0
1717,4996586,18
1718,4996003,6
1719,4995711,0
1720,4995711,0
1721,4995711,0
1722,4997169,30
1723,4996440,15
1724,4996003,6
1725,4995711,0
1726,4996003,6
1727,4995711,0
1728,4995711,0
1729,4995711,0
1730,5003293,156
1731,4996440,15
1732,4996440,15
1733,4996003,6
1734,4995711,0
1735,4996003,6
1736,4996586,18
1737,4997460,36
1738,4996003,6
1739,4996003,6
1740,4996003,6
1741,5001105,111
1742,4997460,36
1743,4995711,0
1744,4995711,0
1745,4995711,0
1746,4996586,18
1747,4996440,15
1748,4997169,30
1749,4996003,6
1750,4996003,6
1751,5004023,171
1752,4996003,6
1753,4995711,0
1754,4995711,0
1755,4997169,30
1756,4996003,6
1757,4996003,6
1758,5000521,99
1759,4996003,6
1760,4996586,18
1761,5005190,195
1762,4996440,15
1763,4996003,6
1764,4995711,0
1765,4996586,18
1766,5002709,144
1767,4998626,60
1768,4996586,18
1769,4996586,18
1770,4996440,15
1771,4996003,6
1772,5000521,99
1773,4996003,6
1774,4997169,30
1775,4996003,6
1776,4995711,0
1777,4995711,0
1778,4997460,36
1779,4996003,6
1780,4996003,6
1781,4997169,30
1782,5015564,408
1783,4997023,27
1784,5024055,582
1785,4997897,45
1786,4996003,6
1787,4996003,6
1788,4995711,0
1789,4996586,18
1790,5000521,99
1791,4997751,42
1792,4996440,15
1793,4995711,0
1794,4996003,6
1795,4995711,0
1796,4996586,18
1797,5004169,174
1798,4995711,0
1799,4996440,15
1800,4998918,66
1801,4996003,6
1802,4996003,6
1803,4996003,6
1804,5018930,477
1805,4995711,0
1806,4996586,18
1807,4996003,6
1808,4996003,6
1809,4995711,0
1810,4996003,6
1811,4996440,15
1812,4996586,18
1813,4996003,6
1814,4996003,6
1815,4996003,6
1816,4995711,0
1817,4996586,18
1818,5005336,198
1819,4997169,30
1820,4995711,0
1821,4996003,6
1822,4996586,18
1823,4996003,6
1824,4997169,30
1825,4995711,0
1826,4995711,0
1827,4996003,6
1828,4995711,0
1829,4996440,15
1830,5000521,99
1831,4996586,18
1832,4995711,0
1833,4996003,6
1834,4995711,0
1835,4996003,6
1836,4995711,0
1837,4995711,0
1838,4995711,0
1839,4997169,30
1840,4996003,6
1841,4996003,6
1842,4995711,0
1843,4997023,27
1844,4996003,6
1845,4995711,0
1846,4995711,0
1847,4996586,18
1848,4995711,0
1849,4995711,0
1850,4997460,36
1851,4996586,18
1852,4996003,6
1853,4995711,0
1854,4995711,0
1855,4997169,30
1856,4998043,48
1857,4997169,30
1858,4995711,0
1859,4996586,18
1860,4998189,51
1861,4996586,18
1862,4996003,6
1863,4997460,36
1864,4996003,6
1865,4995711,0
1866,4995711,0
1867,4996440,15
1868,4996003,6
1869,4995711,0
1870,4997169,30
1871,4998189,51
1872,5000084,90
1873,4995711,0
1874,5000084,90
1875,4997023,27
1876,4995711,0
1877,4996440,15
1878,4996440,15
1879,4996586,18
1880,4995711,0
1881,4997169,30
1882,4996003,6
1883,5003293,156
1884,4996586,18
1885,4995711,0
1886,4995711,0
1887,4996003,6
1888,4996440,15
1889,4995711,0
1890,5000084,90
1891,4998189,51
1892,5345561,6963
1893,4996586,18
1894,4996003,6
1895,4995711,0
1896,4996003,6
1897,5000084,90
1898,5000521,99
1899,4996440,15
1900,4996586,18
1901,4996003,6
1902,4995711,0
1903,5002709,144
1904,4996586,18
1905,4995711,0
1906,4996003,6
1907,4996440,15
1908,5001105,111
1909,4996586,18
1910,4995711,0
1911,4995711,0
1912,4995711,0
1913,4995711,0
1914,4996003,6
1915,4996440,15
1916,4996003,6
1917,4995711,0
1918,5002709,144
1919,4996003,6
1920,4996003,6
1921,4995711,0
1922,4996586,18
1923,4995711,0
1924,4999063,69
1925,4995711,0
1926,4996003,6
1927,4997023,27
1928,4996440,15
1929,4996003,6
1930,4996440,15
1931,4995711,0
1932,4996003,6
1933,4996003,6
1934,4996586,18
1935,4996003,6
1936,4997169,30
1937,4997460,36
1938,4998626,60
1939,4997023,27
1940,4995711,0
1941,5003293,156
1942,4996440,15
1943,4996003,6
1944,4995711,0
1945,4996586,18
1946,4995711,0
1947,5015272,402
1948,5000084,90
1949,4997169,30
1950,4995711,0
1951,4996586,18
1952,4996003,6
1953,4996440,15
1954,4996003,6
1955,4995711,0
1956,5000084,90
1957,4995711,0
1958,4995711,0
1959,4995711,0
1960,4996003,6
1961,4996586,18
1962,4996003,6
1963,4996586,18
1964,4996003,6
1965,4996586,18
1966,4996440,15
1967,4995711,0
1968,4995711,0
1969,4995711,0
1970,4996003,6
1971,4996003,6
1972,4996003,6
1973,4997023,27
1974,4996003,6
1975,5000084,90
1976,4995711,0
1977,4996003,6
1978,5000667,102
1979,4996003,6
1980,4995711,0
1981,4995711,0
1982,4995711,0
1983,4996003,6
1984,4997897,45
1985,4996003,6
1986,4995711,0
1987,4995711,0
1988,4997169,30
1989,4995711,0
1990,4996003,6
1991,5000084,90
1992,4996586,18
1993,4996440,15
1994,4998189,51
1995,4996003,6
1996,4996003,6
1997,4996003,6
1998,4995711,0
1999,4996003,6
2000,4995711,0
2001,4996586,18
2002,4995711,0
2003,5004023,171
2004,4997897,45
2005,4995711,0
2006,4995711,0
2007,4996003,6
2008,4996440,15
2009,4996003,6
2010,4997169,30
2011,4997169,30
2012,5005628,204
2013,4996440,15
2014,4996586,18
2015,4997023,27
2016,4995711,0
2017,4996586,18
2018,4995711,0
2019,4996003,6
2020,4995711,0
2021,4995711,0
2022,4996586,18
2023,4995711,0
2024,4997023,27
2025,4996003,6
2026,4996003,6
2027,4995711,0
2028,4995711,0
2029,4996003,6
2030,4995711,0
2031,4997169,30
2032,5000521,99
2033,4996003,6
2034,4995711,0
2035,4998189,51
2036,5026840,639
2037,4997169,30
2038,4995711,0
2039,5000084,90
2040,4996440,15
2041,4995711,0
2042,5003293,156
2043,4995711,0
2044,4997169,30
2045,4996440,15
2046,4996003,6
2047,5000084,90
2048,4999209,72
2049,4996440,15
2050,5001105,111
2051,5002709,144
2052,4995711,0
2053,4995711,0
2054,4995711,0
2055,5127520,2679
2056,4996586,18
2057,4995711,0
2058,4996003,6
2059,4996440,15
2060,4996440,15
2061,4996003,6
2062,4995711,0
2063,4998189,51
2064,5000084,90
2065,4995711,0
2066,4997169,30
2067,4996003,6
2068,4995711,0
2069,4996440,15
2070,4996440,15
2071,4996586,18
2072,4995711,0
2073,4995711,0
2074,4998918,66
2075,4996003,6
2076,4997023,27
2077,4996003,6
2078,4996586,18
2079,4996586,18
2080,4996586,18
2081,4995711,0
2082,4996586,18
2083,4996003,6
2084,5003293,156
2085,4996003,6
2086,4995711,0
2087,4996440,15
2088,4995711,0
2089,5006358,219
2090,4996003,6
2091,4996003,6
2092,4995711,0
2093,4995711,0
2094,4996003,6
2095,5002709,144
2096,4995711,0
2097,4995711,0
2098,4996440,15
2099,4996586,18
2100,4996003,6
2101,4997169,30
2102,4995711,0
2103,4997897,45
2104,4995711,0
2105,4996003,6
2106,4997023,27
2107,5002709,144
2108,4996003,6
2109,4996003,6
2110,4999063,69
2111,4996003,6
2112,4995711,0
2113,4996003,6
2114,4996586,18
2115,4996003,6
2116,4996003,6
2117,4997169,30
2118,4995711,0
2119,4996003,6
2120,4996440,15
2121,4995711,0
2122,4996440,15
2123,4996003,6
2124,5000521,99
2125,4995711,0
2126,4996440,15
2127,4996003,6
2128,4996003,6
2129,4997169,30
2130,5001105,111
2131,4996440,15
2132,4997169,30
2133,5000084,90
2134,4996440,15
2135,4995711,0
2136,4997751,42
2137,4997169,30
2138,4996440,15
2139,4995711,0
2140,4996003,6
2141,5003293,156
2142,4997897,45
2143,4996440,15
2144,4996003,6
2145,4996003,6
2146,4998626,60
2147,4996003,6
2148,4996003,6
2149,4996586,18
2150,4996003,6
2151,4997169,30
2152,4997169,30
2153,4995711,0
2154,4996003,6
2155,4996003,6
2156,4996003,6
2157,4995711,0
2158,4995711,0
2159,4996003,6
2160,4996586,18
2161,4995711,0
2162,4995711,0
2163,4995711,0
2164,5000084,90
2165,4996586,18
2166,4996440,15
2167,4996003,6
2168,4997169,30
2169,4996440,15
2170,4997169,30
2171,4996586,18
2172,4996440,15
2173,4996586,18
2174,4996440,15
2175,4995711,0
2176,4995711,0
2177,5013371,363
2178,4996440,15
2179,5003293,156
2180,4996440,15
2181,4996440,15
2182,4997897,45
2183,4995711,0
2184,4996003,6
2185,4996003,6
2186,4995711,0
2187,4996003,6
2188,4997169,30
2189,5000230,93
2190,4996003,6
2191,4996586,18
2192,4996003,6
2193,5000084,90
2194,4995711,0
2195,4996586,18
2196,4999063,69
2197,4997169,30
2198,5014102,378
2199,4996586,18
2200,4996440,15
2201,4996003,6
2202,4996003,6
2203,4995711,0
2204,4999209,72
2205,4995711,0
2206,4995711,0
2207,4995711,0
2208,4996003,6
2209,4996003,6
2210,5001105,111
2211,4996586,18
2212,4996003,6
2213,4996440,15
2214,4996003,6
2215,4995711,0
2216,5004023,171
2217,4997169,30
2218,4995711,0
2219,4995711,0
2220,4996003,6
2221,4996003,6
2222,5003293,156
2223,4996003,6
2224,4996003,6
2225,4996586,18
2226,4995711,0
2227,4996003,6
2228,4996440,15
2229,4995711,0
2230,4997023,27
2231,4997460,36
2232,4995711,0
2233,4996586,18
2234,4995711,0
2235,4996003,6
2236,4996003,6
2237,4996440,15
2238,4995711,0
2239,4996003,6
2240,4997023,27
2241,4996586,18
2242,4996440,15
2243,4995711,0
2244,4995711,0
2245,4996003,6
2246,4995711,0
2247,4996003,6
2248,4997169,30
2249,4995711,0
2250,4996003,6
2251,4996586,18
2252,4995711,0
2253,4996003,6
2254,4995711,0
2255,4995711,0
2256,4997169,30
2257,4995711,0
2258,4996003,6
2259,4996003,6
2260,4996003,6
2261,5000084,90
2262,4996003,6
2263,4996003,6
2264,4996003,6
2265,4996003,6
2266,4995711,0
2267,4996003,6
2268,4996440,15
2269,4997169,30
2270,4996003,6
2271,4996003,6
2272,4996003,6
2273,5002709,144
2274,5040639,921
2275,4996586,18
2276,4995711,0
2277,4996003,6
2278,4996003,6
2279,4996003,6
2280,4996003,6
2281,5000084,90
2282,4997169,30
2283,4996003,6
2284,5005336,198
2285,4998043,48
2286,4996440,15
2287,4995711,0
2288,4996003,6
2289,4995711,0
2290,4996003,6
2291,4996003,6
2292,4996440,15
2293,4996440,15
2294,4995711,0
2295,4995711,0
2296,4996586,18
2297,4996003,6
2298,4996440,15
2299,4997169,30
2300,4997897,45
2301,4996003,6
2302,4997460,36
2303,4995711,0
2304,4997023,27
2305,4996003,6
2306,4996003,6
2307,4995711,0
2308,4996003,6
2309,4996440,15
2310,5000521,99
2311,4996003,6
2312,4996003,6
2313,6058851,19848
2314,5002709,144
2315,4996440,15
2316,4995711,0
2317,4996586,18
2318,4995711,0
2319,5004023,171
2320,4996003,6
2321,5331860,6699
2322,4996586,18
2323,4995711,0
2324,4998189,51
2325,4996003,6
2326,4995711,0
2327,4996586,18
2328,4996003,6
2329,4996003,6
2330,5002709,144
2331,4995711,0
2332,4995711,0
2333,4996586,18
2334,4995711,0
2335,5005336,198
2336,4997460,36
2337,4995711,0
2338,4995711,0
2339,4995711,0
2340,4996440,15
2341,4996003,6
2342,4996586,18
2343,4996003,6
2344,5002563,141
2345,5002709,144
2346,4996586,18
2347,5019369,486
2348,4995711,0
2349,4998189,51
2350,4995711,0
2351,4996003,6
2352,4996440,15
2353,4997169,30
2354,5001251,114
2355,5005628,204
2356,4996003,6
2357,5003293,156
2358,4996003,6
2359,5010155,297
2360,4997023,27
2361,4995711,0
2362,4995711,0
2363,4996003,6
2364,4996003,6
2365,4995711,0
2366,4995711,0
2367,4996586,18
2368,4996003,6
2369,4995711,0
2370,4995711,0
2371,4997169,30
2372,4996003,6
2373,4996586,18
2374,4995711,0
2375,4996440,15
2376,4996003,6
2377,5003293,156
2378,4995711,0
2379,5002709,144
2380,4996586,18
2381,4996003,6
2382,4997897,45
2383,4995711,0
2384,5000084,90
2385,4996003,6
2386,5005336,198
2387,5000521,99
2388,4995711,0
2389,4997169,30
2390,4995711,0
2391,5015126,399
2392,4996440,15
2393,4995711,0
2394,5000084,90
2395,4995711,0
2396,4995711,0
2397,4996003,6
2398,4995711,0
2399,5014687,390
2400,4995711,0
2401,4996586,18
2402,4997897,45
2403,4995711,0
2404,4998189,51
2405,4996003,6
2406,4996586,18
2407,4995711,0
2408,4996440,15
2409,4996586,18
2410,4995711,0
2411,4996003,6
2412,4996003,6
2413,4996440,15
2414,4997169,30
2415,4995711,0
2416,4995711,0
2417,4998189,51
2418,4995711,0
2419,4996586,18
2420,4996003,6
2421,4996003,6
2422,4996003,6
2423,4995711,0
2424,4996586,18
2425,4996003,6
2426,5005336,198
2427,4997169,30
2428,5003293,156
2429,4995711,0
2430,4995711,0
2431,4995711,0
2432,4996003,6
2433,5000084,90
2434,4996586,18
2435,5007818,249
2436,4995711,0
2437,4997169,30
2438,4995711,0
2439,4996003,6
2440,4995711,0
2441,5000084,90
2442,4996586,18
2443,4995711,0
2444,4995711,0
2445,4996586,18
2446,4997169,30
2447,4997169,30
2448,4995711,0
2449,4995711,0
2450,4996003,6
2451,4995711,0
2452,4996003,6
2453,4995711,0
2454,4996003,6
2455,4997897,45
2456,4996003,6
2457,4995711,0
2458,4995711,0
2459,4996586,18
2460,5000521,99
2461,4996586,18
2462,4995711,0
2463,4996003,6
2464,5011471,324
2465,4997169,30
2466,4996003,6
2467,4996003,6
2468,4997023,27
2469,4995711,0
2470,5000084,90
2471,5000084,90
2472,4996586,18
2473,4996003,6
2474,4995711,0
2475,4998189,51
2476,4996586,18
2477,4996003,6
2478,4998189,51
2479,4996003,6
2480,4995711,0
2481,4996003,6
2482,4996003,6
2483,4995711,0
2484,4996003,6
2485,4997023,27
2486,4996003,6
2487,4995711,0
2488,5002709,144
2489,4997023,27
2490,4997023,27
2491,4996586,18
2492,4997169,30
2493,5001980,129
2494,4995711,0
2495,4996003,6
2496,4995711,0
2497,4996586,18
2498,4995711,0
2499,4996586,18
2500,5888144,16908
2501,4996586,18
2502,4997897,45
2503,4997169,30
2504,4995711,0
2505,4996003,6
2506,4996586,18
2507,4996003,6
2508,4995711,0
2509,4996003,6
2510,5003293,156
2511,4995711,0
2512,4996003,6
2513,4996003,6
2514,4997460,36
2515,4996003,6
2516,4996003,6
2517,4995711,0
2518,4997023,27
2519,4995711,0
2520,4995711,0
2521,4997023,27
2522,4996586,18
2523,4997023,27
2524,4996003,6
2525,4995711,0
2526,4996003,6
2527,4996440,15
2528,4996586,18
2529,4995711,0
2530,4995711,0
2531,4995711,0
2532,4997169,30
2533,4996003,6
2534,4996003,6
2535,4996003,6
2536,4995711,0
2537,4997897,45
2538,4995711,0
2539,4995711,0
2540,4996003,6
2541,4995711,0
2542,4996440,15
2543,4996003,6
2544,4998189,51
2545,5024934,600
2546,4997169,30
2547,4995711,0
2548,4997169,30
2549,4996003,6
2550,4995711,0
2551,4997169,30
2552,4997169,30
2553,4996003,6
2554,4995711,0
2555,4996003,6
2556,4997460,36
2557,4995711,0
2558,4995711,0
2559,4996586,18
2560,5000084,90
2561,4995711,0
2562,4995711,0
2563,4996440,15
2564,5288037,5850
2565,4996440,15
2566,4996440,15
2567,4996003,6
2568,4995711,0
2569,4995711,0
2570,4996586,18
2571,4995711,0
2572,4997023,27
2573,4996440,15
2574,4995711,0
2575,4997460,36
2576,4997460,36
2577,4996003,6
2578,4997169,30
2579,4996586,18
2580,4996003,6
2581,5006066,213
2582,4998189,51
2583,4995711,0
2584,4995711,0
2585,4996440,15
2586,4996586,18
2587,4996003,6
2588,4997169,30
2589,5284645,5784
2590,4996440,15
2591,4996003,6
2592,4995711,0
2593,4996003,6
2594,4996440,15
2595,5000521,99
2596,4995711,0
2597,4995711,0
2598,5002709,144
2599,5004169,174
2600,4995711,0
2601,4995711,0
2602,4996003,6
2603,4996003,6
2604,5001980,129
2605,4996003,6
2606,4996003,6
2607,4995711,0
2608,4996003,6
2609,4996003,6
2610,4996003,6
2611,4996003,6
2612,4996440,15
2613,4995711,0
2614,4995711,0
2615,4998043,48
2616,4996003,6
2617,4997897,45
2618,4996003,6
2619,4996440,15
2620,4995711,0
2621,4998918,66
2622,4996003,6
2623,4995711,0
2624,4997460,36
2625,4995711,0
2626,4996003,6
2627,4996003,6
2628,4996003,6
2629,4996440,15
2630,4996003,6
2631,4996440,15
2632,4997023,27
2633,4996003,6
2634,4996003,6
2635,4995711,0
2636,4998043,48
2637,4996003,6
2638,4995711,0
2639,4996003,6
2640,5001251,114
2641,4998189,51
2642,4997169,30
2643,4996586,18
2644,4995711,0
2645,4995711,0
2646,4995711,0
2647,5042991,969
2648,4996003,6
2649,4997169,30
2650,5001105,111
2651,4996440,15
2652,4997460,36
2653,5006066,213
2654,4995711,0
2655,4995711,0
2656,4995711,0
2657,4997169,30
2658,4997460,36
2659,4995711,0
2660,4996003,6
2661,4995711,0
2662,4995711,0
2663,4996003,6
2664,4996440,15
2665,4995711,0
2666,5007380,240
2667,4996003,6
2668,4996003,6
2669,4996003,6
2670,5012055,336
2671,4997023,27
2672,4996003,6
2673,4995711,0
2674,4995711,0
2675,4996003,6
2676,4996003,6
2677,4997023,27
2678,5005336,198
2679,4996586,18
2680,4995711,0
2681,4996003,6
2682,4996003,6
2683,4995711,0
2684,4996440,15
2685,4996003,6
2686,4995711,0
2687,4996003,6
2688,4996586,18
2689,4996440,15
2690,4995711,0
2691,4998918,66
2692,4996003,6
2693,4995711,0
2694,4996003,6
2695,4996003,6
2696,4996440,15
2697,4995711,0
2698,4996003,6
2699,4996003,6
2700,4995711,0
2701,4998189,51
2702,5009279,279
2703,4996003,6
2704,4995711,0
2705,4995711,0
2706,4996440,15
2707,4996003,6
2708,4996003,6
2709,4995711,0
2710,5145045,3030
2711,4996003,6
2712,4996003,6
2713,4995711,0
2714,4996003,6
2715,5011471,324
2716,4995711,0
2717,4995711,0
2718,4996003,6
2719,4996440,15
2720,4996003,6
2721,5003293,156
2722,4996440,15
2723,4995711,0
2724,4996003,6
2725,4996003,6
2726,4996003,6
2727,4995711,0
2728,4996003,6
2729,4995711,0
2730,4996003,6
2731,4996003,6
2732,4996003,6
2733,4996586,18
2734,4996003,6
2735,4997460,36
2736,4996003,6
2737,4995711,0
2738,4996003,6
2739,4995711,0
2740,4995711,0
2741,4998772,63
2742,4996003,6
2743,4995711,0
2744,5004898,189
2745,4996440,15
2746,5000521,99
2747,5003877,168
2748,4997897,45
2749,4995711,0
2750,4996003,6
2751,4997023,27
2752,4995711,0
2753,4996440,15
2754,4997169,30
2755,4996003,6
2756,5005336,198
2757,4995711,0
2758,4997169,30
2759,4996003,6
2760,4995711,0
2761,4995711,0
2762,4996440,15
2763,4996586,18
2764,4997169,30
2765,5005336,198
2766,4997169,30
2767,4995711,0
2768,4995711,0
2769,5003293,156
2770,4996586,18
2771,4997897,45
2772,4995711,0
2773,4995711,0
2774,4997460,36
2775,5001105,111
2776,4996003,6
2777,4995711,0
2778,4995711,0
2779,4995711,0
2780,4996586,18
2781,4996003,6
2782,4996003,6
2783,4996003,6
2784,4996586,18
2785,4996003,6
2786,5002709,144
2787,4996440,15
2788,4997897,45
2789,4996440,15
2790,4996003,6
2791,4996440,15
2792,4995711,0
2793,4995711,0
2794,4996003,6
2795,4995711,0
2796,4998189,51
2797,4996440,15
2798,4996003,6
2799,5000521,99
2800,4996003,6
2801,4995711,0
2802,4996586,18
2803,4996440,15
2804,4996586,18
2805,4996003,6
2806,4996003,6
2807,4996586,18
2808,4997897,45
2809,4995711,0
2810,5242433,4959
2811,4996003,6
2812,4996586,18
2813,4996003,6
2814,5003293,156
2815,4996440,15
2816,4995711,0
2817,4995711,0
2818,4996003,6
2819,4997169,30
2820,4995711,0
2821,4996003,6
2822,4996586,18
2823,5525136,10362
2824,4996003,6
2825,4997169,30
2826,4996003,6
2827,4995711,0
2828,4996003,6
2829,4997169,30
2830,4996003,6
2831,4995711,0
2832,4997460,36
2833,4996003,6
2834,4995711,0
2835,5000084,90
2836,5014248,381
2837,4996003,6
2838,4998189,51
2839,4996586,18
2840,4996003,6
2841,5000084,90
2842,4997169,30
2843,4995711,0
2844,4996003,6
2845,4995711,0
2846,4996003,6
2847,4996003,6
2848,4995711,0
2849,4996003,6
2850,4996440,15
2851,4996586,18
2852,4996003,6
2853,4996003,6
2854,4996586,18
2855,4995711,0
2856,4995711,0
2857,4996440,15
2858,4996003,6
2859,4996003,6
2860,4995711,0
2861,4996586,18
2862,4996586,18
2863,4996003,6
2864,4997897,45
2865,4995711,0
2866,4996003,6
2867,4999938,87
2868,4999063,69
2869,4995711,0
2870,4996003,6
2871,4996003,6
2872,4996586,18
2873,4997897,45
2874,4999209,72
2875,4996003,6
2876,4995711,0
2877,4995711,0
2878,4997169,30
2879,5017174,441
2880,4995711,0
2881,4996003,6
2882,4996003,6
2883,4996003,6
2884,4995711,0
2885,4996003,6
2886,4996586,18
2887,4996440,15
2888,4996003,6
2889,4997460,36
2890,4995711,0
2891,4996003,6
2892,4996586,18
2893,4997169,30
2894,4996440,15
2895,4997169,30
2896,4996003,6
2897,4996586,18
2898,4996003,6
2899,4995711,0
2900,4995711,0
2901,4995711,0
2902,4995711,0
2903,4998918,66
2904,4996440,15
2905,5002709,144
2906,4997460,36
2907,4997751,42
2908,4995711,0
2909,4995711,0
2910,4996586,18
2911,4997460,36
2912,4996003,6
2913,4995711,0
2914,4995711,0
2915,4996003,6
2916,4996586,18
2917,4996003,6
2918,4996440,15
2919,4996003,6
2920,4995711,0
2921,4997169,30
2922,4996003,6
2923,4995711,0
2924,4996003,6
2925,4995711,0
2926,5000521,99
2927,4996003,6
2928,4998043,48
2929,4996440,15
2930,4995711,0
2931,4996003,6
2932,5000084,90
2933,5000521,99
2934,4996003,6
2935,4996586,18
2936,4996003,6
2937,4996003,6
2938,4996003,6
2939,4995711,0
2940,4995711,0
2941,4997023,27
2942,4997897,45
2943,4996440,15
2944,4996586,18
2945,5005628,204
2946,4996003,6
2947,4995711,0
2948,4995711,0
2949,4996440,15
2950,4995711,0
2951,4995711,0
2952,4996003,6
2953,4995711,0
2954,4996003,6
2955,4996586,18
2956,5000084,90
2957,4995711,0
2958,4996586,18
2959,4997169,30
2960,4996440,15
2961,4998189,51
2962,4996586,18
2963,5000521,99
2964,4995711,0
2965,4996003,6
2966,4997169,30
2967,4996586,18
2968,4996003,6
2969,4996440,15
2970,4995711,0
2971,4996003,6
2972,4997169,30
2973,4995711,0
2974,4996003,6
2975,4997897,45
2976,4995711,0
2977,4996586,18
2978,4995711,0
2979,4996003,6
2980,4996003,6
2981,5005628,204
2982,5002709,144
2983,4996586,18
2984,4996003,6
2985,4996586,18
2986,4996440,15
2987,4997897,45
2988,4996440,15
2989,4995711,0
2990,4996003,6
2991,4996586,18
2992,4995711,0
2993,4995711,0
2994,4996440,15
2995,5025374,609
2996,4997169,30
2997,4996440,15
2998,4996586,18
2999,4996003,6
3000,5008402,261
3001,4995711,0
3002,5002709,144
3003,4997897,45
3004,4996003,6
3005,4997897,45
3006,4996003,6
3007,5000084,90
3008,4996003,6
3009,4995711,0
3010,4996003,6
3011,4996440,15
3012,4995711,0
3013,4996003,6
3014,4997023,27
3015,4996440,15
3016,4996440,15
3017,4997023,27
3018,4996440,15
3019,4996003,6
3020,4996003,6
3021,4997897,45
3022,5000084,90
3023,4996586,18
3024,4996586,18
3025,4996003,6
3026,4995711,0
3027,4996003,6
3028,4997169,30
3029,4995711,0
3030,4997023,27
3031,4996586,18
3032,4996586,18
3033,4996003,6
3034,4995711,0
3035,4996003,6
3036,4996440,15
3037,4995711,0
3038,4995711,0
3039,4996586,18
3040,4996586,18
3041,4996003,6
3042,4995711,0
3043,4995711,0
3044,4995711,0
3045,4998043,48
3046,4996586,18
3047,4996586,18
3048,4996003,6
3049,4996586,18
3050,4996003,6
3051,4996586,18
3052,4996003,6
3053,4996003,6
3054,4997169,30
3055,4995711,0
3056,4996586,18
3057,4995711,0
3058,4996003,6
3059,4996003,6
3060,4996440,15
3061,5106628,2259
3062,4996003,6
3063,4996003,6
3064,4998043,48
3065,4995711,0
3066,4996586,18
3067,4996586,18
3068,4997897,45
3069,4998918,66
3070,4996586,18
3071,4996003,6
3072,5000084,90
3073,4996003,6
3074,4995711,0
3075,4997169,30
3076,4995711,0
3077,4997169,30
3078,4995711,0
3079,5006066,213
3080,4997169,30
3081,5002709,144
3082,4996003,6
3083,4996586,18
3084,4995711,0
3085,4997169,30
3086,4998772,63
3087,4995711,0
3088,4995711,0
3089,4995711,0
3090,4996586,18
3091,4996003,6
3092,4995711,0
3093,4995711,0
3094,4995711,0
3095,4996003,6
3096,4996586,18
3097,4995711,0
3098,4996003,6
3099,5040639,921
3100,4998189,51
3101,4996586,18
3102,4996003,6
3103,4995711,0
3104,4996440,15
3105,4998626,60
3106,4996003,6
3107,4996003,6
3108,4996003,6
3109,4995711,0
3110,4995711,0
3111,4995711,0
3112,4997897,45
3113,4996440,15
3114,4996003,6
3115,4995711,0
3116,4996003,6
3117,4996440,15
3118,4996003,6
3119,5000084,90
3120,4995711,0
3121,4996003,6
3122,4995711,0
3123,4996003,6
3124,4998189,51
3125,4996003,6
3126,4997023,27
3127,4995711,0
3128,4996003,6
3129,4996003,6
3130,4997169,30
3131,4999063,69
3132,4996003,6
3133,4996586,18
3134,4995711,0
3135,4996003,6
3136,4995711,0
3137,4996003,6
3138,4995711,0
3139,4996586,18
3140,4995711,0
3141,4995711,0
3142,4997169,30
3143,4996003,6
3144,4996003,6
3145,4996003,6
3146,4995711,0
3147,4996003,6
3148,4996003,6
3149,4996003,6
3150,4995711,0
3151,4996003,6
3152,4996440,15
3153,4996003,6
3154,4996586,18
3155,4995711,0
3156,4996003,6
3157,4996003,6
3158,4997169,30
3159,4996003,6
3160,4997169,30
3161,4996586,18
3162,4997023,27
3163,4996586,18
3164,4995711,0
3165,4995711,0
3166,4998043,48
3167,4996003,6
3168,4997897,45
3169,5000084,90
3170,4995711,0
3171,4997897,45
3172,4997169,30
3173,4997897,45
3174,4996586,18
3175,4996586,18
3176,4996003,6
3177,4996003,6
3178,4997169,30
3179,4996440,15
3180,4995711,0
3181,4995711,0
3182,4996003,6
3183,4995711,0
3184,4996003,6
3185,4995711,0
3186,4995711,0
3187,4995711,0
3188,4998918,66
3189,4997897,45
3190,4996003,6
3191,4996003,6
3192,4996003,6
3193,4996003,6
3194,4995711,0
3195,4997460,36
3196,4995711,0
3197,4998189,51
3198,4996440,15
3199,4997169,30
3200,4995711,0
3201,4995711,0
3202,4996003,6
3203,4995711,0
3204,4996586,18
3205,4995711,0
3206,4995711,0
3207,4996003,6
3208,4996003,6
3209,4996003,6
3210,4996586,18
3211,5024934,600
3212,4996440,15
3213,4996003,6
3214,4996586,18
3215,4996003,6
3216,4996003,6
3217,4995711,0
3218,4996003,6
3219,4997023,27
3220,4995711,0
3221,4997169,30
3222,4995711,0
3223,4996586,18
3224,4996003,6
3225,4995711,0
3226,4997460,36
3227,4995711,0
3228,4996003,6
3229,4996586,18
3230,4995711,0
3231,4995711,0
3232,4995711,0
3233,4996003,6
3234,4997169,30
3235,4995711,0
3236,4997169,30
3237,4996003,6
3238,4996440,15
3239,5014248,381
3240,4996003,6
3241,4996586,18
3242,4996003,6
3243,4995711,0
3244,4995711,0
3245,4996003,6
3246,4997897,45
3247,4996003,6
3248,4996586,18
3249,4996003,6
3250,4997897,45
3251,4996003,6
3252,4996003,6
3253,5000521,99
3254,4996003,6
3255,4995711,0
3256,4996440,15
3257,4996586,18
3258,4996586,18
3259,4997460,36
3260,4995711,0
3261,4996003,6
3262,4996003,6
3263,4995711,0
3264,4997023,27
3265,4997897,45
3266,4997751,42
3267,4996003,6
3268,4996003,6
3269,4997460,36
3270,4995711,0
3271,4996003,6
3272,4995711,0
3273,4995711,0
3274,4996586,18
3275,5174085,3609
3276,4995711,0
3277,4996003,6
3278,4996003,6
3279,4996003,6
3280,5003293,156
3281,4996440,15
3282,4996586,18
3283,5008256,258
3284,5005336,198
3285,5198891,4101
3286,4996003,6
3287,4996003,6
3288,4996003,6
3289,4996440,15
3290,4996440,15
3291,4995711,0
3292,4996003,6
3293,4997169,30
3294,4995711,0
3295,4996440,15
3296,4995711,0
3297,4996003,6
3298,4995711,0
3299,4996003,6
3300,4996003,6
3301,4996003,6
3302,4996003,6
3303,4995711,0
3304,4995711,0
3305,4995711,0
3306,4996586,18
3307,4996003,6
3308,4995711,0
3309,4996440,15
3310,4996003,6
3311,4995711,0
3312,4996586,18
3313,4995711,0
3314,4997023,27
3315,5000521,99
3316,4996003,6
3317,4996003,6
3318,4997023,27
3319,5000521,99
3320,5000084,90
3321,5002709,144
3322,4997169,30
3323,4995711,0
3324,4996003,6
3325,5094728,2019
3326,4996003,6
3327,4997169,30
3328,4995711,0
3329,4996003,6
3330,4996003,6
3331,4995711,0
3332,4996003,6
3333,4995711,0
3334,5024934,600
3335,4995711,0
3336,4995711,0
3337,4996440,15
3338,4996003,6
3339,4996440,15
3340,4996440,15
3341,4996003,6
3342,4996586,18
3343,4996003,6
3344,5001251,114
3345,4996440,15
3346,4996003,6
3347,4996586,18
3348,5000084,90
3349,4996586,18
3350,4996440,15
3351,4996586,18
3352,4996003,6
3353,4996003,6
3354,5002709,144
3355,4995711,0
3356,5007234,237
3357,4995711,0
3358,4995711,0
3359,4996003,6
3360,4996003,6
3361,4997169,30
3362,4996003,6
3363,4995711,0
3364,4996440,15
3365,4996440,15
3366,4996586,18
3367,4996440,15
3368,4996586,18
3369,4996003,6
3370,5003293,156
3371,4996440,15
3372,4997897,45
3373,4996003,6
3374,5000521,99
3375,4996586,18
3376,4995711,0
3377,4996003,6
3378,4996440,15
3379,4995711,0
3380,4996003,6
3381,4996003,6
3382,4996003,6
3383,4996003,6
3384,5007234,237
3385,4995711,0
3386,5000521,99
3387,4996440,15
3388,4996003,6
3389,4996003,6
3390,4996440,15
3391,4996586,18
3392,4995711,0
3393,5000084,90
3394,4995711,0
3395,4996440,15
3396,4996003,6
3397,4996003,6
3398,4995711,0
3399,4996003,6
3400,4997023,27
3401,4995711,0
3402,4995711,0
3403,4995711,0
3404,4996440,15
3405,4996586,18
3406,4996440,15
3407,4995711,0
3408,4996586,18
3409,4996586,18
3410,4995711,0
3411,4995711,0
3412,4996003,6
3413,4997169,30
3414,4995711,0
3415,4996003,6
3416,4996003,6
3417,4998918,66
3418,4996003,6
3419,4997023,27
3420,4996003,6
3421,4998189,51
3422,5184356,3813
3423,4997460,36
3424,4996003,6
3425,4995711,0
3426,4996003,6
3427,4996003,6
3428,4996003,6
3429,4997169,30
3430,4996003,6
3431,4996440,15
3432,4997023,27
3433,4996586,18
3434,4995711,0
3435,4995711,0
3436,4996003,6
3437,4995711,0
3438,4996003,6
3439,4996003,6
3440,4996440,15
3441,4995711,0
3442,4996003,6
3443,4997169,30
3444,4996003,6
3445,4996586,18
3446,4995711,0
3447,4998043,48
3448,4996586,18
3449,4997169,30
3450,4996586,18
3451,4996586,18
3452,4998772,63
3453,5003293,156
3454,4995711,0
3455,4997897,45
3456,4996003,6
3457,4997169,30
3458,4996003,6
3459,4996003,6
3460,4995711,0
3461,4996003,6
3462,4996003,6
3463,4999209,72
3464,4996586,18
3465,4996440,15
3466,4996003,6
3467,4996586,18
3468,4996440,15
3469,4995711,0
3470,4996003,6
3471,4996003,6
3472,4997023,27
3473,4996003,6
3474,5000084,90
3475,4995711,0
3476,4995711,0
3477,4997169,30
3478,5000084,90
3479,4996003,6
3480,5009133,276
3481,4996003,6
3482,5000084,90
3483,4996003,6
3484,4996003,6
3485,4995711,0
3486,4997023,27
3487,4996003,6
3488,4996003,6
3489,4995711,0
3490,4996003,6
3491,4998043,48
3492,4995711,0
3493,4998189,51
3494,4995711,0
3495,5000084,90
3496,4997169,30
3497,4997169,30
3498,4995711,0
3499,5000084,90
3500,4996440,15
3501,4995711,0
3502,5003293,156
3503,4997169,30
3504,4998043,48
3505,4996586,18
3506,4997169,30
3507,4997169,30
3508,4996003,6
3509,4996586,18
3510,5025374,609
3511,4995711,0
3512,4996003,6
3513,4997897,45
3514,4996003,6
3515,4995711,0
3516,4996003,6
3517,4996003,6
3518,4996586,18
3519,4996003,6
3520,5004023,171
3521,4996003,6
3522,4997897,45
3523,4997169,30
3524,5014248,381
3525,4996003,6
3526,4996003,6
3527,4996586,18
3528,4996586,18
3529,4995711,0
3530,4996440,15
3531,4995711,0
3532,5000084,90
3533,4996003,6
3534,4996440,15
3535,4997169,30
3536,4996440,15
3537,4996003,6
3538,4996440,15
3539,4996440,15
3540,4995711,0
3541,4996003,6
3542,4995711,0
3543,4996586,18
3544,4997460,36
3545,4996586,18
3546,4997169,30
3547,4995711,0
3548,4995711,0
3549,4996586,18
3550,4996586,18
3551,4996003,6
3552,4997460,36
3553,5201165,4146
3554,5003147,153
3555,4996440,15
3556,4995711,0
3557,4995711,0
3558,4996586,18
3559,4996440,15
3560,4997169,30
3561,4998918,66
3562,4997169,30
3563,4996440,15
3564,4995711,0
3565,4997460,36
3566,5000084,90
3567,4995711,0
3568,4995711,0
3569,4996003,6
3570,4996003,6
3571,4996003,6
3572,4996003,6
3573,4996003,6
3574,4996003,6
3575,4997169,30
3576,4996003,6
3577,5008695,267
3578,4996003,6
3579,4995711,0
3580,4996003,6
3581,4997023,27
3582,4995711,0
3583,4997169,30
3584,4996586,18
3585,4996003,6
3586,4996440,15
3587,4996586,18
3588,4996440,15
3589,4996003,6
3590,4995711,0
3591,5003877,168
3592,4996003,6
3593,4997169,30
3594,4998189,51
3595,4995711,0
3596,5000521,99
3597,5003001,150
3598,4995711,0
3599,4995711,0
3600,5000521,99
3601,4996586,18
3602,4996440,15
3603,5008841,270
3604,4995711,0
3605,4996586,18
3606,5008402,261
3607,4996003,6
3608,4996003,6
3609,4995711,0
3610,4996003,6
3611,5015272,402
3612,4995711,0
3613,4995711,0
3614,5002709,144
3615,4996440,15
3616,4996003,6
3617,4995711,0
3618,4996440,15
3619,5141895,2967
3620,4996003,6
3621,4996003,6
3622,5005190,195
3623,4996440,15
3624,5008402,261
3625,4996003,6
3626,4995711,0
3627,5004023,171
3628,4997169,30
3629,5000084,90
3630,4995711,0
3631,5025374,609
3632,4995711,0
3633,4995711,0
3634,4995711,0
3635,4997751,42
3636,4995711,0
3637,4996440,15
3638,4997460,36
3639,4996003,6
3640,4995711,0
3641,4996586,18
3642,4996586,18
3643,4997897,45
3644,4996003,6
3645,4996003,6
3646,4995711,0
3647,4996003,6
3648,5002709,144
3649,4995711,0
3650,4996003,6
3651,4996440,15
3652,4995711,0
3653,4995711,0
3654,4996003,6
3655,5006650,225
3656,4996003,6
3657,5002709,144
3658,4996003,6
3659,4997023,27
3660,4996003,6
3661,5025374,609
3662,4996003,6
3663,4997169,30
3664,4997169,30
3665,4996586,18
3666,4995711,0
3667,4996003,6
3668,4996003,6
3669,4997897,45
3670,4996003,6
3671,4997023,27
3672,4995711,0
3673,4995711,0
3674,5561833,11043
3675,4996003,6
3676,5009425,282
3677,4995711,0
3678,4996003,6
3679,4995711,0
3680,4996003,6
3681,5712742,13797
3682,4996003,6
3683,5002563,141
3684,4996003,6
3685,4995711,0
3686,4995711,0
3687,4995711,0
3688,4995711,0
3689,4996003,6
3690,4996003,6
3691,4995711,0
3692,4997169,30
3693,4996003,6
3694,4996003,6
3695,5000084,90
3696,4996003,6
3697,4997169,30
3698,4997023,27
3699,4996003,6
3700,5001980,129
3701,4995711,0
3702,4996586,18
3703,4996586,18
3704,4996586,18
3705,4997169,30
3706,4995711,0
3707,5000521,99
3708,4996003,6
3709,4995711,0
3710,4996586,18
3711,4996003,6
3712,4995711,0
3713,4996003,6
3714,4996003,6
3715,4997023,27
3716,5002709,144
3717,5040051,909
3718,4997169,30
3719,5000084,90
3720,4996003,6
3721,4996586,18
3722,4996003,6
3723,4997169,30
3724,4996003,6
3725,4996003,6
3726,4996003,6
3727,4996003,6
3728,4996440,15
3729,4995711,0
3730,4995711,0
3731,4996003,6
3732,4995711,0
3733,4997460,36
3734,4996586,18
3735,4995711,0
3736,4995711,0
3737,4996586,18
3738,4997897,45
3739,4995711,0
3740,4996003,6
3741,4996003,6
3742,4995711,0
3743,4995711,0
3744,4995711,0
3745,4996440,15
3746,4995711,0
3747,4997023,27
3748,4995711,0
3749,4999063,69
3750,4996003,6
3751,4995711,0
3752,5032707,759
3753,4995711,0
3754,4995711,0
3755,4996003,6
3756,4996003,6
3757,4995711,0
3758,4996003,6
3759,4996003,6
3760,4997897,45
3761,4995711,0
3762,4996003,6
3763,5000084,90
3764,4996003,6
3765,4996440,15
3766,4995711,0
3767,4996440,15
3768,4997169,30
3769,4996440,15
3770,4996003,6
3771,4998043,48
3772,4996003,6
3773,4996003,6
3774,4995711,0
3775,4995711,0
3776,4995711,0
3777,4996440,15
3778,4996003,6
3779,4995711,0
3780,4996003,6
3781,4996586,18
3782,4996003,6
3783,4996003,6
3784,4996003,6
3785,4996003,6
3786,4995711,0
3787,4995711,0
3788,4996440,15
3789,4996586,18
3790,4995711,0
3791,4996586,18
3792,4997751,42
3793,4996586,18
3794,5004023,171
3795,4995711,0
3796,4995711,0
3797,4997023,27
3798,4996003,6
3799,4996586,18
3800,4996586,18
3801,4995711,0
3802,4996003,6
3803,4995711,0
3804,4995711,0
3805,4996003,6
3806,4996440,15
3807,4995711,0
3808,4997897,45
3809,4996586,18
3810,4996440,15
3811,4995711,0
3812,4996440,15
3813,4998189,51
3814,5007234,237
3815,4996003,6
3816,4996586,18
3817,4996440,15
3818,4996003,6
3819,4996003,6
3820,4996440,15
3821,5000084,90
3822,5004023,171
3823,5001105,111
3824,4996586,18
3825,4996586,18
3826,5228082,4677
3827,4996003,6
3828,4996586,18
3829,4996003,6
3830,4995711,0
3831,4996586,18
3832,4996586,18
3833,4996440,15
3834,4996003,6
3835,4996003,6
3836,4995711,0
3837,4996586,18
3838,4996003,6
3839,4996003,6
3840,4996003,6
3841,4995711,0
3842,4996440,15
3843,4995711,0
3844,4997169,30
3845,4996003,6
3846,4996003,6
3847,4996003,6
3848,4997023,27
3849,4996003,6
3850,4995711,0
3851,4996003,6
3852,4995711,0
3853,4996003,6
3854,4997169,30
3855,4996440,15
3856,4996003,6
3857,4997460,36
3858,4997023,27
3859,4995711,0
3860,4995711,0
3861,4996586,18
3862,4996586,18
3863,4996003,6
3864,4995711,0
3865,4995711,0
3866,5008256,258
3867,4999209,72
3868,4995711,0
3869,5004023,171
3870,4995711,0
3871,5002709,144
3872,4995711,0
3873,4996586,18
3874,4995711,0
3875,4995711,0
3876,4995711,0
3877,5002709,144
3878,4996003,6
3879,4998772,63
3880,5000521,99
3881,4996003,6
3882,4996003,6
3883,4998189,51
3884,4996003,6
3885,4997751,42
3886,4995711,0
3887,4995711,0
3888,4996586,18
3889,4997897,45
3890,4996440,15
3891,4995711,0
3892,4996440,15
3893,4996003,6
3894,4997460,36
3895,4996003,6
3896,4995711,0
3897,4996586,18
3898,5025960,621
3899,4996586,18
3900,4997169,30
3901,5000084,90
3902,4995711,0
3903,4996440,15
3904,4995711,0
3905,4996003,6
3906,4996003,6
3907,4996586,18
3908,4996003,6
3909,4996003,6
3910,4996003,6
3911,4995711,0
3912,4996003,6
3913,4995711,0
3914,4997023,27
3915,4996003,6
3916,4996586,18
3917,4995711,0
3918,4996440,15
3919,4995711,0
3920,4996003,6
3921,4998189,51
3922,4996003,6
3923,4996586,18
3924,4995711,0
3925,4996003,6
3926,4996003,6
3927,4995711,0
3928,5000084,90
3929,4995711,0
3930,4996586,18
3931,4996586,18
3932,5004169,174
3933,4996003,6
3934,4998189,51
3935,4997169,30
3936,4996003,6
3937,4998043,48
3938,4995711,0
3939,4996440,15
3940,5001980,129
3941,4996003,6
3942,4996440,15
3943,4996003,6
3944,4995711,0
3945,4996003,6
3946,4997751,42
3947,4996003,6
3948,4995711,0
3949,4996003,6
3950,4996586,18
3951,5000084,90
3952,4996440,15
3953,4996003,6
3954,5002563,141
3955,4996003,6
3956,4996003,6
3957,4995711,0
3958,4995711,0
3959,4995711,0
3960,4996586,18
3961,4996003,6
3962,5000084,90
3963,5000084,90
3964,4995711,0
3965,4995711,0
3966,4996586,18
3967,4996586,18
3968,4995711,0
3969,4995711,0
3970,4995711,0
3971,4996003,6
3972,4995711,0
3973,5000521,99
3974,4996440,15
3975,4996003,6
3976,4996003,6
3977,4996003,6
3978,4996003,6
3979,4997169,30
3980,4995711,0
3981,4997897,45
3982,4996586,18
3983,4995711,0
3984,4996003,6
3985,5000084,90
3986,4996003,6
3987,4996003,6
3988,5000084,90
3989,4995711,0
3990,5002563,141
3991,4996003,6
3992,4995711,0
3993,4997460,36
3994,4995711,0
3995,4995711,0
3996,4997169,30
3997,4996003,6
3998,4996440,15
3999,5000084,90
4000,4995711,0
4001,5040051,909
4002,4996003,6
4003,4997023,27
4004,4995711,0
4005,4995711,0
4006,4996003,6
4007,5014248,381
4008,4997169,30
4009,5000084,90
4010,4997460,36
4011,4996003,6
4012,4995711,0
4013,4996440,15
4014,4996003,6
4015,4996003,6
4016,4996586,18
4017,4996003,6
4018,4996003,6
4019,4995711,0
4020,4996440,15
4021,4997169,30
4022,4995711,0
4023,4995711,0
4024,4997023,27
4025,4996003,6
4026,4996003,6
4027,4995711,0
4028,4998772,63
4029,4996586,18
4030,4996440,15
4031,4995711,0
4032,4998189,51
4033,5024934,600
4034,4995711,0
4035,4996586,18
4036,4996440,15
4037,4995711,0
4038,4995711,0
4039,4996003,6
4040,4995711,0
4041,4996003,6
4042,4995711,0
4043,4995711,0
4044,4996440,15
4045,4997169,30
4046,4995711,0
4047,4996003,6
4048,4996003,6
4049,4995711,0
4050,4997460,36
4051,4995711,0
4052,4995711,0
4053,4996440,15
4054,4995711,0
4055,4996440,15
4056,4996003,6
4057,4995711,0
4058,4996003,6
4059,5004023,171
4060,4996586,18
4061,4995711,0
4062,4995711,0
4063,4997169,30
4064,4995711,0
4065,4996003,6
4066,4996586,18
4067,4996003,6
4068,4996003,6
4069,4995711,0
4070,4995711,0
4071,5003293,156
4072,4996003,6
4073,5000084,90
4074,4995711,0
4075,4995711,0
4076,5004023,171
4077,4996003,6
4078,4996003,6
4079,4996586,18
4080,4996586,18
4081,4995711,0
4082,4995711,0
4083,4996003,6
4084,4996003,6
4085,4995711,0
4086,4996440,15
4087,4996003,6
4088,5017905,456
4089,5024934,600
4090,4996003,6
4091,4995711,0
4092,4997023,27
4093,4996586,18
4094,5024934,600
4095,4997897,45
4096,4996440,15
4097,4996003,6
4098,4996003,6
4099,5000084,90
4100,4996003,6
4101,4995711,0
4102,4996003,6
4103,4997169,30
4104,5002709,144
4105,4996003,6
4106,4996003,6
4107,4995711,0
4108,4995711,0
4109,4995711,0
4110,4995711,0
4111,5002709,144
4112,4995711,0
4113,4995711,0
4114,4996003,6
4115,4995711,0
4116,4996586,18
4117,4995711,0
4118,4997023,27
4119,4995711,0
4120,4997169,30
4121,4995711,0
4122,4996003,6
4123,4996003,6
4124,4996586,18
4125,4995711,0
4126,4996003,6
4127,4996003,6
4128,4997023,27
4129,4996003,6
4130,4996586,18
4131,5001834,126
4132,4995711,0
4133,4996440,15
4134,4995711,0
4135,4996586,18
4136,4996003,6
4137,4997169,30
4138,4995711,0
4139,4995711,0
4140,4996003,6
4141,4996003,6
4142,4996003,6
4143,4996586,18
4144,4996586,18
4145,5024934,600
4146,4996003,6
4147,4996586,18
4148,4996003,6
4149,4995711,0
4150,5004898,189
4151,4996586,18
4152,4995711,0
4153,4995711,0
4154,4995711,0
4155,4995711,0
4156,4995711,0
4157,4997169,30
4158,4996440,15
4159,4996003,6
4160,5004898,189
4161,4997169,30
4162,4996586,18
4163,4995711,0
4164,4995711,0
4165,4995711,0
4166,4995711,0
4167,4996003,6
4168,5001397,117
4169,4996003,6
4170,5000084,90
4171,4995711,0
4172,4997023,27
4173,5001980,129
4174,4996440,15
4175,4995711,0
4176,4997169,30
4177,4997023,27
4178,4995711,0
4179,4995711,0
4180,4995711,0
4181,4996440,15
4182,4995711,0
4183,4997169,30
4184,4996003,6
4185,4995711,0
4186,4995711,0
4187,4995711,0
4188,4996586,18
4189,4995711,0
4190,4995711,0
4191,4999938,87
4192,4995711,0
4193,4995711,0
4194,4996003,6
4195,4996586,18
4196,4997023,27
4197,5015272,402
4198,4996586,18
4199,5004023,171
4200,4995711,0
4201,4995711,0
4202,5000084,90
4203,5002709,144
4204,5000084,90
4205,4996003,6
4206,4997897,45
4207,4997169,30
4208,4996586,18
4209,4995711,0
4210,4995711,0
4211,4996586,18
4212,4995711,0
4213,4997169,30
4214,5007234,237
4215,4995711,0
4216,4996003,6
4217,4995711,0
4218,4996440,15
4219,5003147,153
4220,4995711,0
4221,4996440,15
4222,4996003,6
4223,4996003,6
4224,5173633,3600
4225,4995711,0
4226,4996440,15
4227,4996586,18
4228,4996003,6
4229,4996586,18
4230,4996586,18
4231,4996003,6
4232,4997897,45
4233,4997169,30
4234,5001105,111
4235,4996586,18
4236,4996003,6
4237,4997169,30
4238,5003293,156
4239,4997169,30
4240,5004023,171
4241,5003293,156
4242,5000084,90
4243,5040639,921
4244,4998772,63
4245,4995711,0
4246,4996003,6
4247,4996440,15
4248,4996003,6
4249,4995711,0
4250,4996003,6
4251,4996586,18
4252,4996586,18
4253,5040198,912
4254,4996003,6
4255,4996003,6
4256,4995711,0
4257,4995711,0
4258,4996003,6
4259,4995711,0
4260,4995711,0
4261,4996586,18
4262,4996003,6
4263,5000084,90
4264,4998918,66
4265,5000521,99
4266,4996003,6
4267,4996440,15
4268,4996440,15
4269,4996003,6
4270,4996003,6
4271,4996003,6
4272,4995711,0
4273,4995711,0
4274,4996003,6
4275,4996003,6
4276,5005336,198
4277,4996003,6
4278,4995711,0
4279,5001251,114
4280,4996440,15
4281,5004169,174
4282,4996440,15
4283,4996003,6
4284,4996003,6
4285,5033294,771
4286,4996003,6
4287,4996440,15
4288,4997169,30
4289,4998043,48
4290,5002855,147
4291,4996440,15
4292,4996003,6
4293,4996586,18
4294,4997751,42
4295,4997169,30
4296,4997751,42
4297,4996586,18
4298,4996003,6
4299,4997023,27
4300,4996003,6
4301,5000084,90
4302,4996586,18
4303,4995711,0
4304,4996586,18
4305,4996003,6
4306,4996003,6
4307,4995711,0
4308,4996003,6
4309,4996003,6
4310,4995711,0
4311,4995711,0
4312,4996003,6
4313,4995711,0
4314,4996003,6
4315,4996003,6
4316,5000084,90
4317,4996003,6
4318,4996440,15
4319,4996440,15
4320,4998043,48
4321,4995711,0
4322,4995711,0
4323,4997169,30
4324,4996003,6
4325,4996003,6
4326,4996003,6
4327,4995711,0
4328,4995711,0
4329,5000084,90
4330,4997023,27
4331,4995711,0
4332,4995711,0
4333,4996440,15
4334,4995711,0
4335,4995711,0
4336,4996003,6
4337,4999938,87
4338,4996586,18
4339,4996440,15
4340,4996440,15
4341,4995711,0
4342,5000084,90
4343,4997169,30
4344,4995711,0
4345,4996003,6
4346,4996003,6
4347,4996586,18
4348,5003293,156
4349,4997460,36
4350,4996586,18
4351,4995711,0
4352,4996440,15
4353,4997460,36
4354,4996440,15
4355,4995711,0
4356,4997169,30
4357,4996440,15
4358,4998043,48
4359,4996586,18
4360,4996003,6
4361,4995711,0
4362,4996003,6
4363,4995711,0
4364,5002709,144
4365,5009717,288
4366,4996003,6
4367,4996003,6
4368,4995711,0
4369,4995711,0
4370,4996440,15
4371,4996003,6
4372,4995711,0
4373,5000521,99
4374,4996003,6
4375,4996003,6
4376,4996003,6
4377,4996003,6
4378,4995711,0
4379,5000521,99
4380,4995711,0
4381,4995711,0
4382,4996003,6
4383,4995711,0
4384,4996003,6
4385,4999063,69
4386,4996440,15
4387,4995711,0
4388,4996003,6
4389,4996003,6
4390,4996003,6
4391,4995711,0
4392,4996440,15
4393,4996440,15
4394,4995711,0
4395,4995711,0
4396,4997023,27
4397,4996003,6
4398,5003293,156
4399,4996586,18
4400,4996003,6
4401,4995711,0
4402,4995711,0
4403,4996586,18
4404,4996586,18
4405,5003293,156
4406,4995711,0
4407,4996003,6
4408,4996003,6
4409,4995711,0
4410,4997023,27
4411,4997460,36
4412,4995711,0
4413,4996440,15
4414,4995711,0
4415,4997169,30
4416,4996003,6
4417,4997460,36
4418,4996003,6
4419,4995711,0
4420,5005336,198
4421,4996586,18
4422,4996003,6
4423,4995711,0
4424,5003293,156
4425,5000521,99
4426,4998772,63
4427,4996003,6
4428,4995711,0
4429,4995711,0
4430,5003293,156
4431,5000521,99
4432,5005628,204
4433,4996003,6
4434,4995711,0
4435,5003293,156
4436,5024934,600
4437,4995711,0
4438,4996440,15
4439,4996003,6
4440,4996003,6
4441,4997169,30
4442,4996586,18
4443,4997169,30
4444,4997897,45
4445,4996003,6
4446,4995711,0
4447,4996003,6
4448,4996003,6
4449,4996003,6
4450,4997897,45
4451,4996003,6
4452,4996003,6
4453,4995711,0
4454,4995711,0
4455,4995711,0
4456,4995711,0
4457,4996003,6
4458,5003293,156
4459,4996003,6
4460,4996003,6
4461,4996003,6
4462,4997897,45
4463,4995711,0
4464,4996003,6
4465,4997169,30
4466,4996003,6
4467,4996586,18
4468,4996003,6
4469,4997023,27
4470,4996003,6
4471,5000521,99
4472,4995711,0
4473,4996003,6
4474,4996586,18
4475,4996003,6
4476,4996003,6
4477,4996003,6
4478,4996586,18
4479,4996440,15
4480,4995711,0
4481,4996003,6
4482,4996003,6
4483,4997460,36
4484,4996440,15
4485,4996440,15
4486,4995711,0
4487,4996440,15
4488,4996440,15
4489,4995711,0
4490,4996003,6
4491,4996003,6
4492,4996586,18
4493,4996003,6
4494,4996003,6
4495,4996003,6
4496,4997023,27
4497,5312769,6330
4498,4995711,0
4499,5001105,111
4500,4996003,6
4501,4996440,15
4502,4995711,0
4503,5274637,5589
4504,4997751,42
4505,4996440,15
4506,4995711,0
4507,4995711,0
4508,5027719,657
4509,4996003,6
4510,4996003,6
4511,4997023,27
4512,4995711,0
4513,4995711,0
4514,4995711,0
4515,4996003,6
4516,4995711,0
4517,4995711,0
4518,4995711,0
4519,5002563,141
4520,4998189,51
4521,4996003,6
4522,4996003,6
4523,4997169,30
4524,5000084,90
4525,4996440,15
4526,4996003,6
4527,4996003,6
4528,4995711,0
4529,4995711,0
4530,4995711,0
4531,4996003,6
4532,4996003,6
4533,4996586,18
4534,4997169,30
4535,5002709,144
4536,5002709,144
4537,4995711,0
4538,5014541,387
4539,4995711,0
4540,4996440,15
4541,5017466,447
4542,5007234,237
4543,4996003,6
4544,5165793,3444
4545,4997897,45
4546,4997169,30
4547,4997460,36
4548,4995711,0
4549,5005336,198
4550,4995711,0
4551,4996440,15
4552,4995711,0
4553,4996003,6
4554,4996003,6
4555,4996440,15
4556,4996003,6
4557,4995711,0
4558,4997169,30
4559,4997460,36
4560,5001397,117
4561,4996003,6
4562,4997751,42
4563,4996586,18
4564,4996586,18
4565,4997897,45
4566,4997169,30
4567,4995711,0
4568,4996440,15
4569,4996003,6
4570,5003293,156
4571,4998189,51
4572,4995711,0
4573,4995711,0
4574,4995711,0
4575,4996586,18
4576,4995711,0
4577,4996586,18
4578,4998772,63
4579,4997169,30
4580,4995711,0
4581,4995711,0
4582,4995711,0
4583,4998189,51
4584,5009425,282
4585,4996586,18
4586,4996003,6
4587,4996440,15
4588,4996586,18
4589,4998189,51
4590,5001980,129
4591,4996586,18
4592,4996003,6
4593,4996440,15
4594,4996586,18
4595,5071603,1551
4596,4996003,6
4597,4995711,0
4598,4996003,6
4599,5002709,144
4600,4996440,15
4601,4997169,30
4602,5000521,99
4603,4995711,0
4604,4995711,0
4605,4995711,0
4606,4995711,0
4607,4996440,15
4608,4995711,0
4609,4996003,6
4610,5004023,171
4611,5000084,90
4612,4996586,18
4613,4995711,0
4614,4996003,6
4615,4996003,6
4616,4995711,0
4617,5004169,174
4618,4995711,0
4619,4995711,0
4620,4996003,6
4621,5004023,171
4622,4996586,18
4623,4996440,15
4624,4996440,15
4625,4998772,63
4626,4996003,6
4627,4996440,15
4628,4997023,27
4629,4995711,0
4630,4996003,6
4631,4995711,0
4632,4995711,0
4633,4996003,6
4634,4996003,6
4635,4995711,0
4636,4997169,30
4637,4996440,15
4638,4996003,6
4639,5000521,99
4640,4996003,6
4641,4995711,0
4642,4996586,18
4643,5000084,90
4644,4995711,0
4645,4996003,6
4646,4996003,6
4647,4996003,6
4648,4995711,0
4649,4996440,15
4650,4997169,30
4651,4995711,0
4652,4996003,6
4653,4995711,0
4654,4996586,18
4655,4996586,18
4656,4996003,6
4657,5002709,144
4658,4995711,0
4659,4996003,6
4660,4996440,15
4661,4995711,0
4662,5003293,156
4663,4995711,0
4664,5005628,204
4665,4995711,0
4666,4996003,6
4667,4995711,0
4668,5003293,156
4669,4995711,0
4670,4995711,0
4671,4996003,6
4672,4997460,36
4673,4995711,0
4674,4996003,6
4675,4996586,18
4676,4996003,6
4677,4996586,18
4678,4998626,60
4679,4997169,30
4680,4996586,18
4681,4997023,27
4682,4995711,0
4683,4996003,6
4684,4996003,6
4685,4996586,18
4686,4996003,6
4687,4995711,0
4688,4996003,6
4689,4996003,6
4690,4995711,0
4691,4998043,48
4692,4996003,6
4693,4995711,0
4694,4996003,6
4695,4996586,18
4696,4996003,6
4697,4996586,18
4698,4996003,6
4699,5004023,171
4700,4995711,0
4701,4996586,18
4702,4996440,15
4703,4995711,0
4704,4995711,0
4705,4995711,0
4706,4996003,6
4707,4996003,6
4708,4996440,15
4709,4996003,6
4710,4997460,36
4711,4996003,6
4712,4996003,6
4713,4996003,6
4714,5003293,156
4715,4996440,15
4716,4995711,0
4717,4998189,51
4718,4996586,18
4719,4995711,0
4720,4996003,6
4721,4997169,30
4722,5000521,99
4723,4996003,6
4724,4996003,6
4725,4996003,6
4726,4996440,15
4727,4996586,18
4728,4998772,63
4729,4996003,6
4730,4995711,0
4731,4995711,0
4732,4997169,30
4733,4998043,48
4734,5005336,198
4735,5000084,90
4736,4995711,0
4737,4997169,30
4738,4995711,0
4739,4997897,45
4740,4999938,87
4741,4995711,0
4742,4997023,27
4743,4995711,0
4744,4996586,18
4745,4996003,6
4746,4996440,15
4747,4995711,0
4748,4996003,6
4749,4995711,0
4750,4996003,6
4751,4996003,6
4752,4996440,15
4753,4996003,6
4754,4996586,18
4755,4996586,18
4756,5002563,141
4757,4995711,0
4758,4996003,6
4759,5000521,99
4760,4995711,0
4761,4995711,0
4762,4996003,6
4763,4996440,15
4764,4995711,0
4765,4997169,30
4766,4996586,18
4767,4997169,30
4768,4996586,18
4769,5019662,492
4770,4996440,15
4771,5003293,156
4772,4996586,18
4773,4996586,18
4774,4995711,0
4775,4996003,6
4776,4996003,6
4777,5001105,111
4778,4995711,0
4779,4997169,30
4780,4996440,15
4781,5000084,90
4782,4996440,15
4783,4996003,6
4784,5006650,225
4785,4995711,0
4786,5006650,225
4787,4997169,30
4788,4996003,6
4789,4997460,36
4790,4995711,0
4791,5000084,90
4792,5002709,144
4793,4996003,6
4794,5000084,90
4795,4996003,6
4796,4998918,66
4797,5000084,90
4798,4995711,0
4799,4996003,6
4800,4996440,15
4801,4995711,0
4802,4995711,0
4803,4995711,0
4804,4996003,6
4805,4996440,15
4806,4996003,6
4807,5025374,609
4808,4995711,0
4809,5008402,261
4810,4996003,6
4811,4996440,15
4812,5008402,261
4813,4995711,0
4814,4996003,6
4815,4996003,6
4816,5000084,90
4817,4997751,42
4818,4996586,18
4819,4996003,6
4820,4996586,18
4821,4996440,15
4822,4996003,6
4823,5000084,90
4824,4995711,0
4825,4996003,6
4826,4995711,0
4827,4995711,0
4828,4995711,0
4829,4996003,6
4830,4996003,6
4831,4995711,0
4832,4996003,6
4833,4996440,15
4834,4996440,15
4835,4996440,15
4836,4997460,36
4837,4996003,6
4838,4996003,6
4839,4995711,0
4840,4997169,30
4841,4996003,6
4842,4996586,18
4843,4997169,30
4844,4996003,6
4845,4995711,0
4846,4995711,0
4847,4996586,18
4848,4996003,6
4849,4995711,0
4850,4996003,6
4851,5024934,600
4852,4996003,6
4853,4996586,18
4854,4996003,6
4855,4997169,30
4856,4996003,6
4857,4997460,36
4858,4996440,15
4859,4995711,0
4860,4996586,18
4861,4996586,18
4862,4996003,6
4863,4996003,6
4864,5002855,147
4865,4996586,18
4866,4995711,0
4867,4995711,0
4868,4996003,6
4869,4996003,6
4870,4996440,15
4871,4996003,6
4872,4996003,6
4873,4996440,15
4874,4995711,0
4875,4997169,30
4876,4996003,6
4877,5002709,144
4878,4996003,6
4879,4995711,0
4880,4995711,0
4881,4996586,18
4882,4995711,0
4883,4997169,30
4884,4996003,6
4885,4995711,0
4886,4996003,6
4887,4995711,0
4888,4996003,6
4889,4995711,0
4890,4996003,6
4891,5003293,156
4892,4995711,0
4893,4996003,6
4894,5000084,90
4895,5002709,144
4896,4995711,0
4897,4995711,0
4898,4995711,0
4899,4995711,0
4900,4996003,6
4901,4996440,15
4902,4995711,0
4903,4995711,0
4904,4995711,0
4905,4996003,6
4906,4995711,0
4907,5000084,90
4908,5003293,156
4909,4995711,0
4910,4996440,15
4911,4996440,15
4912,4997460,36
4913,4996003,6
4914,4995711,0
4915,5005628,204
4916,5024934,600
4917,4997169,30
4918,5024934,600
4919,4997460,36
4920,4998772,63
4921,4995711,0
4922,4995711,0
4923,4996440,15
4924,4996586,18
4925,4995711,0
4926,4995711,0
4927,4996003,6
4928,4995711,0
4929,4997460,36
4930,4997169,30
4931,4996003,6
4932,4995711,0
4933,4996586,18
4934,4995711,0
4935,4998189,51
4936,4996003,6
4937,4996586,18
4938,4995711,0
4939,4997169,30
4940,4995711,0
4941,4996586,18
4942,4997023,27
4943,4996586,18
4944,5211186,4344
4945,4995711,0
4946,4996586,18
4947,4996003,6
4948,5003293,156
4949,4996586,18
4950,4996003,6
4951,4996003,6
4952,4996003,6
4953,4996003,6
4954,4996440,15
4955,4996440,15
4956,4996003,6
4957,4996003,6
4958,4996440,15
4959,5000084,90
4960,4996003,6
4961,5001105,111
4962,4995711,0
4963,4996003,6
4964,4996003,6
4965,4995711,0
4966,4996586,18
4967,4996003,6
4968,4996586,18
4969,4996586,18
4970,4997460,36
4971,5006358,219
4972,4997169,30
4973,4996003,6
4974,4996003,6
4975,4996586,18
4976,4996586,18
4977,4996586,18
4978,4996440,15
4979,4996003,6
4980,4996003,6
4981,4996003,6
4982,4996003,6
4983,4995711,0
4984,4996586,18
4985,4997023,27
4986,5000084,90
4987,4996586,18
4988,4995711,0
4989,4998043,48
4990,4997169,30
4991,4996440,15
4992,4996003,6
4993,4996586,18
4994,4998918,66
4995,4996003,6
4996,5000084,90
4997,4996003,6
4998,4997169,30
4999,4995711,0
5000,4997169,30
5001,4996003,6
5002,4995711,0
5003,4995711,0
5004,4996440,15
5005,4995711,0
5006,4995711,0
5007,4996003,6
5008,4996440,15
5009,4995711,0
5010,5003293,156
5011,4995711,0
5012,4996440,15
5013,4996586,18
5014,4996003,6
5015,4996003,6
5016,4996003,6
5017,4996440,15
5018,4995711,0
5019,4995711,0
5020,4996003,6
5021,4995711,0
5022,5003147,153
5023,4997023,27
5024,4995711,0
5025,4998918,66
5026,5000084,90
5027,4996003,6
5028,4996586,18
5029,4996003,6
5030,4995711,0
5031,4995711,0
5032,4995711,0
5033,4996003,6
5034,4998772,63
5035,4996003,6
5036,4995711,0
5037,4996003,6
5038,4997169,30
5039,4999063,69
5040,4996003,6
5041,4996003,6
5042,4995711,0
5043,4996440,15
5044,4996440,15
5045,4995711,0
5046,4996003,6
5047,4995711,0
5048,4996003,6
5049,4996003,6
5050,4996003,6
5051,4995711,0
5052,5000084,90
5053,4995711,0
5054,4995711,0
5055,4997169,30
5056,4995711,0
5057,4997169,30
5058,4998043,48
5059,4996586,18
5060,4997169,30
5061,4996003,6
5062,4997897,45
5063,4996003,6
5064,4995711,0
5065,4996003,6
5066,4996003,6
5067,4996440,15
5068,4997169,30
5069,4996003,6
5070,4996586,18
5071,4996003,6
5072,4995711,0
5073,4995711,0
5074,4997169,30
5075,4996003,6
5076,4995711,0
5077,4996586,18
5078,4997897,45
5079,4997169,30
5080,5002709,144
5081,4997751,42
5082,4996003,6
5083,4996003,6
5084,4997169,30
5085,4996586,18
5086,4995711,0
5087,4997169,30
5088,4995711,0
5089,4996003,6
5090,4996440,15
5091,4996003,6
5092,4995711,0
5093,4996586,18
5094,5000084,90
5095,4996003,6
5096,4996586,18
5097,4996586,18
5098,5003293,156
5099,4995711,0
5100,4996586,18
5101,4995711,0
5102,4995711,0
5103,4996003,6
5104,4995711,0
5105,5003293,156
5106,5002709,144
5107,4995711,0
5108,4996586,18
5109,4995711,0
5110,4995711,0
5111,5014687,390
5112,4995711,0
5113,4995711,0
5114,4995711,0
5115,4996003,6
5116,4995711,0
5117,4995711,0
5118,4996003,6
5119,4995711,0
5120,4996003,6
5121,4996003,6
5122,4996586,18
5123,5003001,150
5124,4995711,0
5125,4996003,6
5126,4997460,36
5127,4995711,0
5128,4996003,6
5129,4996003,6
5130,4996003,6
5131,4996003,6
5132,4996440,15
5133,4997169,30
5134,4996003,6
5135,4996003,6
5136,4996003,6
5137,4996003,6
5138,4995711,0
5139,4997169,30
5140,4996440,15
5141,4998772,63
5142,5002709,144
5143,4998189,51
5144,4995711,0
5145,4995711,0
5146,4995711,0
5147,4997897,45
5148,4998043,48
5149,5000084,90
5150,4995711,0
5151,4997023,27
5152,4995711,0
5153,4999209,72
5154,4996003,6
5155,4996003,6
5156,5006650,225
5157,4995711,0
5158,4997169,30
5159,4996586,18
5160,4995711,0
5161,4996003,6
5162,4995711,0
5163,4996003,6
5164,4996003,6
5165,5000084,90
5166,4996586,18
5167,4996586,18
5168,5000084,90
5169,4995711,0
5170,4995711,0
5171,4996440,15
5172,4997023,27
5173,4995711,0
5174,5251308,5133
5175,4996003,6
5176,4995711,0
5177,4996440,15
5178,4996586,18
5179,4997023,27
5180,4996586,18
5181,5000521,99
5182,4996440,15
5183,4996440,15
5184,4996003,6
5185,4996586,18
5186,4995711,0
5187,4997169,30
5188,5040639,921
5189,4995711,0
5190,4996003,6
5191,4996586,18
5192,4995711,0
5193,4995711,0
5194,4995711,0
5195,4998043,48
5196,4996586,18
5197,4995711,0
5198,4996440,15
5199,4996440,15
5200,4996586,18
5201,5002709,144
5202,4996440,15
5203,4995711,0
5204,4996440,15
5205,4996586,18
5206,4996003,6
5207,4996003,6
5208,4996440,15
5209,4996003,6
5210,4996003,6
5211,4996003,6
5212,4997169,30
5213,4995711,0
5214,4995711,0
5215,4997897,45
5216,4996003,6
5217,4996440,15
5218,5002563,141
5219,4998189,51
5220,4995711,0
5221,4996003,6
5222,4995711,0
5223,5000084,90
5224,4997169,30
5225,4996440,15
5226,4996586,18
5227,4995711,0
5228,5000084,90
5229,4995711,0
5230,5014102,378
5231,5002709,144
5232,5000084,90
5233,4996003,6
5234,5011471,324
5235,4999501,78
5236,4996440,15
5237,4996003,6
5238,4995711,0
5239,4997460,36
5240,4997169,30
5241,4996586,18
5242,4996440,15
5243,4997169,30
5244,4995711,0
5245,4996003,6
5246,5034762,801
5247,4995711,0
5248,4996003,6
5249,4995711,0
5250,4995711,0
5251,5000521,99
5252,4996003,6
5253,4995711,0
5254,4998772,63
5255,4997460,36
5256,4995711,0
5257,4996003,6
5258,4996586,18
5259,4996003,6
5260,4995711,0
5261,4997169,30
5262,4995711,0
5263,5002709,144
5264,4996003,6
5265,4996440,15
5266,4996003,6
5267,4995711,0
5268,4995711,0
5269,4995711,0
5270,4996586,18
5271,4996003,6
5272,4996003,6
5273,4996003,6
5274,4996440,15
5275,4996586,18
5276,4996003,6
5277,4995711,0
5278,4995711,0
5279,4996440,15
5280,4995711,0
5281,4996586,18
5282,4995711,0
5283,4995711,0
5284,4995711,0
5285,4995711,0
5286,4996440,15
5287,4995711,0
5288,4995711,0
5289,4996586,18
5290,4995711,0
5291,4995711,0
5292,4995711,0
5293,5002709,144
5294,4995711,0
5295,4996003,6
5296,4997897,45
5297,4996003,6
5298,4995711,0
5299,4996003,6
5300,5015126,399
5301,4997169,30
5302,4995711,0
5303,4995711,0
5304,4996440,15
5305,4995711,0
5306,4995711,0
5307,4998189,51
5308,4995711,0
5309,5003293,156
5310,4996440,15
5311,4996003,6
5312,4996586,18
5313,4995711,0
5314,4996003,6
5315,4995711,0
5316,4995711,0
5317,4997169,30
5318,4995711,0
5319,4996003,6
5320,4996003,6
5321,5024934,600
5322,4995711,0
5323,4996003,6
5324,4997169,30
5325,5000084,90
5326,5001105,111
5327,4996440,15
5328,4995711,0
5329,4995711,0
5330,4995711,0
5331,4995711,0
5332,4995711,0
5333,4997460,36
5334,4996003,6
5335,5000084,90
5336,4996003,6
5337,4996003,6
5338,4995711,0
5339,4997023,27
5340,4996586,18
5341,4997897,45
5342,5000521,99
5343,5016149,420
5344,4995711,0
5345,4996003,6
5346,4996003,6
5347,4996586,18
5348,4996440,15
5349,4996003,6
5350,5000084,90
5351,4997460,36
5352,4995711,0
5353,4995711,0
5354,4995711,0
5355,4996003,6
5356,4997460,36
5357,4997897,45
5358,4996003,6
5359,4995711,0
5360,4996003,6
5361,4995711,0
5362,4997023,27
5363,4995711,0
5364,5007964,252
5365,4996003,6
5366,4995711,0
5367,4996003,6
5368,4997169,30
5369,4996586,18
5370,5002709,144
5371,4998189,51
5372,4995711,0
5373,4996440,15
5374,4997169,30
5375,4995711,0
5376,4995711,0
5377,4996003,6
5378,4997897,45
5379,4996586,18
5380,4995711,0
5381,4995711,0
5382,4996586,18
5383,4997169,30
5384,4995711,0
5385,4997023,27
5386,4995711,0
5387,4996440,15
5388,4996003,6
5389,4997460,36
5390,4996586,18
5391,4997897,45
5392,4996586,18
5393,4996586,18
5394,4996003,6
5395,4995711,0
5396,4996003,6
5397,4995711,0
5398,4995711,0
5399,4996003,6
5400,4995711,0
5401,4996003,6
5402,4999063,69
5403,4996003,6
5404,4997169,30
5405,4995711,0
5406,4996003,6
5407,4996586,18
5408,4995711,0
5409,4996440,15
5410,4997460,36
5411,5259124,5286
5412,5000521,99
5413,4996586,18
5414,4996003,6
5415,4996003,6
5416,4996586,18
5417,4997169,30
5418,4998043,48
5419,4996003,6
5420,4995711,0
5421,4997897,45
5422,4995711,0
5423,4995711,0
5424,4996586,18
5425,5000521,99
5426,4998043,48
5427,4996003,6
5428,4996586,18
5429,4996440,15
5430,4996003,6
5431,4996586,18
5432,5002563,141
5433,4997169,30
5434,4996586,18
5435,4995711,0
5436,4996003,6
5437,4996586,18
5438,4995711,0
5439,4996586,18
5440,4995711,0
5441,4995711,0
5442,4997169,30
5443,4995711,0
5444,4996440,15
5445,4997023,27
5446,5000084,90
5447,4997169,30
5448,4995711,0
5449,4995711,0
5450,4997169,30
5451,4995711,0
5452,4995711,0
5453,4995711,0
5454,4996586,18
5455,4996003,6
5456,4995711,0
5457,4995711,0
5458,4995711,0
5459,4997751,42
5460,4996003,6
5461,4996003,6
5462,4995711,0
5463,4996003,6
5464,4996586,18
5465,4997169,30
5466,4996440,15
5467,4996003,6
5468,5000521,99
5469,4995711,0
5470,4996003,6
5471,5000084,90
5472,4995711,0
5473,4995711,0
5474,5000084,90
5475,4996003,6
5476,4996440,15
5477,4997751,42
5478,4996003,6
5479,4996586,18
5480,4997897,45
5481,4995711,0
5482,4996003,6
5483,4995711,0
5484,4996440,15
5485,4995711,0
5486,4995711,0
5487,4996003,6
5488,4995711,0
5489,4996586,18
5490,4995711,0
5491,4996003,6
5492,4996440,15
5493,4998189,51
5494,5005336,198
5495,5042256,954
5496,4996003,6
5497,4997169,30
5498,4995711,0
5499,4995711,0
5500,4995711,0
5501,4996003,6
5502,4996003,6
5503,4995711,0
5504,4996003,6
5505,4996003,6
5506,4997169,30
5507,8143344,50265
5508,4997169,30
5509,4996586,18
5510,5004023,171
5511,5006358,219
5512,4996003,6
5513,4996586,18
5514,4998918,66
5515,4996440,15
5516,4995711,0
5517,5002709,144
5518,4996003,6
5519,4996003,6
5520,4996003,6
5521,4996440,15
5522,4997460,36
5523,4996003,6
5524,4996586,18
5525,5003293,156
5526,4996440,15
5527,4995711,0
5528,4996586,18
5529,4996003,6
5530,4996003,6
5531,4995711,0
5532,5024934,600
5533,4995711,0
5534,4997169,30
5535,4996003,6
5536,4997023,27
5537,4996003,6
5538,4995711,0
5539,5006066,213
5540,4997897,45
5541,4995711,0
5542,4997169,30
5543,4996586,18
5544,4995711,0
5545,5000084,90
5546,4995711,0
5547,4996003,6
5548,4996440,15
5549,4996586,18
5550,4996003,6
5551,4996003,6
5552,4996003,6
5553,4998918,66
5554,5000521,99
5555,4996586,18
5556,4995711,0
5557,4998189,51
5558,5000084,90
5559,4996586,18
5560,5005336,198
5561,4996440,15
5562,4996586,18
5563,4996003,6
5564,4996003,6
5565,4995711,0
5566,5003293,156
5567,4996003,6
5568,4996003,6
5569,4995711,0
5570,4996003,6
5571,4995711,0
5572,4996003,6
5573,4995711,0
5574,4996003,6
5575,4995711,0
5576,4996440,15
5577,4996586,18
5578,5003293,156
5579,4995711,0
5580,5024934,600
5581,4998772,63
5582,4995711,0
5583,4996586,18
5584,4995711,0
5585,4997751,42
5586,5040639,921
5587,4997169,30
5588,4996586,18
5589,4996003,6
5590,4996003,6
5591,4995711,0
5592,4995711,0
5593,4997460,36
5594,4995711,0
5595,4995711,0
5596,4996586,18
5597,4995711,0
5598,4997169,30
5599,4996586,18
5600,4995711,0
5601,5002709,144
5602,4996003,6
5603,4996003,6
5604,4995711,0
5605,4995711,0
5606,4996586,18
5607,5003293,156
5608,4996003,6
5609,4996003,6
5610,5000521,99
5611,4995711,0
5612,4997460,36
5613,4997169,30
5614,4996003,6
5615,4996586,18
5616,4996586,18
5617,4997169,30
5618,4996003,6
5619,4997023,27
5620,4996003,6
5621,4996003,6
5622,4996003,6
5623,4996586,18
5624,4995711,0
5625,4996003,6
5626,4997169,30
5627,4995711,0
5628,5000084,90
5629,4996003,6
5630,4996440,15
5631,4996440,15
5632,4996586,18
5633,5004023,171
5634,4995711,0
5635,4996003,6
5636,5004023,171
5637,4995711,0
5638,4996586,18
5639,4996003,6
5640,4995711,0
5641,4996003,6
5642,4995711,0
5643,4996586,18
5644,4996003,6
5645,4996586,18
5646,4995711,0
5647,4997169,30
5648,4996003,6
5649,4996003,6
5650,4997169,30
5651,4995711,0
5652,4996003,6
5653,4996440,15
5654,4996440,15
5655,4996003,6
5656,4996003,6
5657,5000084,90
5658,4996003,6
5659,4996586,18
5660,4997023,27
5661,4997169,30
5662,4996440,15
5663,4996003,6
5664,4996586,18
5665,4996586,18
5666,5022297,546
5667,4996586,18
5668,4996440,15
5669,4995711,0
5670,4996003,6
5671,4996003,6
5672,4997169,30
5673,4997169,30
5674,4997169,30
5675,4996003,6
5676,4996440,15
5677,4996003,6
5678,4996586,18
5679,5004169,174
5680,4997169,30
5681,4996003,6
5682,4997169,30
5683,4996586,18
5684,4996440,15
5685,4995711,0
5686,4995711,0
5687,4998772,63
5688,4996586,18
5689,4996003,6
5690,4996440,15
5691,4995711,0
5692,4996003,6
5693,5000521,99
5694,4996003,6
5695,4996440,15
5696,4996440,15
5697,4996003,6
5698,4995711,0
5699,4995711,0
5700,4996003,6
5701,4995711,0
5702,4996003,6
5703,4997169,30
5704,4997169,30
5705,4996440,15
5706,4996003,6
5707,5002709,144
5708,4995711,0
5709,4996586,18
5710,4996003,6
5711,4997169,30
5712,4998772,63
5713,4997169,30
5714,4996003,6
5715,4995711,0
5716,5003293,156
5717,5014248,381
5718,5002709,144
5719,5073230,1584
5720,4996586,18
5721,4995711,0
5722,4995711,0
5723,4996003,6
5724,4997169,30
5725,4997169,30
5726,4995711,0
5727,5002563,141
5728,4996003,6
5729,4996003,6
5730,4995711,0
5731,4996003,6
5732,4996003,6
5733,5011324,321
5734,4997169,30
5735,4996440,15
5736,4995711,0
5737,4996003,6
5738,4996586,18
5739,4996003,6
5740,4997169,30
5741,4995711,0
5742,4996003,6
5743,4998189,51
5744,4996003,6
5745,4996003,6
5746,4998918,66
5747,4995711,0
5748,4997169,30
5749,4996003,6
5750,5010302,300
5751,5184205,3810
5752,4997460,36
5753,4996440,15
5754,4995711,0
5755,4995711,0
5756,5017905,456
5757,4996586,18
5758,5006358,219
5759,5000521,99
5760,4996003,6
5761,4996003,6
5762,4996440,15
5763,4996586,18
5764,4996003,6
5765,4996586,18
5766,4995711,0
5767,4996586,18
5768,5003293,156
5769,4995711,0
5770,4995711,0
5771,4996586,18
5772,4997460,36
5773,4996440,15
5774,4997169,30
5775,4997169,30
5776,4995711,0
5777,4996003,6
5778,4997460,36
5779,4996003,6
5780,4996586,18
5781,4995711,0
5782,4995711,0
5783,4996003,6
5784,4995711,0
5785,4996440,15
5786,4996003,6
5787,4995711,0
5788,5003293,156
5789,4995711,0
5790,5001980,129
5791,4995711,0
5792,4997023,27
5793,4995711,0
5794,4996440,15
5795,4997169,30
5796,4996586,18
5797,4996003,6
5798,4997169,30
5799,4997460,36
5800,4997169,30
5801,4996440,15
5802,5003293,156
5803,4995711,0
5804,4998189,51
5805,4995711,0
5806,4997169,30
5807,4996003,6
5808,5000084,90
5809,4996440,15
5810,4996003,6
5811,4995711,0
5812,4996586,18
5813,4996586,18
5814,4996003,6
5815,4997169,30
5816,5008402,261
5817,4996440,15
5818,5002709,144
5819,5004023,171
5820,4995711,0
5821,5011471,324
5822,4996003,6
5823,4997460,36
5824,4996003,6
5825,5026107,624
5826,4999501,78
5827,4996586,18
5828,4995711,0
5829,4996003,6
5830,5018491,468
5831,4996003,6
5832,4998043,48
5833,4996003,6
5834,4995711,0
5835,4996003,6
5836,4996440,15
5837,4996440,15
5838,4996003,6
5839,4996003,6
5840,4996003,6
5841,4996003,6
5842,4995711,0
5843,5000084,90
5844,4995711,0
5845,4995711,0
5846,5002709,144
5847,5000084,90
5848,4996003,6
5849,4996440,15
5850,4996586,18
5851,4996003,6
5852,4996003,6
5853,4995711,0
5854,4995711,0
5855,5001105,111
5856,5026107,624
5857,4996440,15
5858,5002709,144
5859,4995711,0
5860,4996440,15
5861,5000084,90
5862,4997169,30
5863,4997897,45
5864,4997460,36
5865,4997169,30
5866,4997169,30
5867,4997897,45
5868,4997169,30
5869,4995711,0
5870,4996003,6
5871,5002709,144
5872,4995711,0
5873,4995711,0
5874,4996003,6
5875,5000084,90
5876,4997751,42
5877,4995711,0
5878,4995711,0
5879,5000521,99
5880,4995711,0
5881,5000084,90
5882,4997023,27
5883,4995711,0
5884,4996003,6
5885,4997023,27
5886,4995711,0
5887,4997897,45
5888,5000084,90
5889,4996003,6
5890,4996440,15
5891,4996003,6
5892,5026693,636
5893,4995711,0
5894,5017320,444
5895,4995711,0
5896,4996003,6
5897,5000084,90
5898,4995711,0
5899,4996003,6
5900,4995711,0
5901,4995711,0
5902,4997169,30
5903,4996003,6
5904,4995711,0
5905,4995711,0
5906,4996003,6
5907,4996586,18
5908,4995711,0
5909,4996003,6
5910,4996003,6
5911,4996440,15
5912,4996003,6
5913,4996440,15
5914,4995711,0
5915,4997460,36
5916,5432626,8625
5917,4995711,0
5918,5000084,90
5919,4996003,6
5920,4996003,6
5921,4996586,18
5922,4995711,0
5923,4995711,0
5924,5000521,99
5925,4996440,15
5926,4996586,18
5927,4996440,15
5928,4997897,45
5929,4996003,6
5930,4995711,0
5931,4996440,15
5932,4995711,0
5933,4996003,6
5934,4995711,0
5935,4996003,6
5936,4996003,6
5937,4998918,66
5938,4996003,6
5939,4995711,0
5940,4996003,6
5941,4995711,0
5942,4996003,6
5943,4996003,6
5944,4996003,6
5945,4996003,6
5946,4996003,6
5947,4996003,6
5948,4996003,6
5949,4995711,0
5950,4995711,0
5951,4997023,27
5952,4996440,15
5953,5040051,909
5954,4995711,0
5955,4997751,42
5956,4996586,18
5957,4996003,6
5958,4996586,18
5959,4996586,18
5960,4995711,0
5961,5000084,90
5962,4996003,6
5963,4995711,0
5964,4996003,6
5965,4997897,45
5966,4997897,45
5967,4996003,6
5968,4996003,6
5969,4995711,0
5970,4996440,15
5971,5000084,90
5972,4996003,6
5973,4996003,6
5974,4998043,48
5975,4996586,18
5976,4997023,27
5977,4995711,0
5978,4995711,0
5979,4996003,6
5980,4995711,0
5981,4999209,72
5982,4998189,51
5983,4996440,15
5984,5000521,99
5985,4996003,6
5986,4996003,6
5987,4995711,0
5988,4996440,15
5989,4996003,6
5990,4996003,6
5991,4996003,6
5992,4995711,0
5993,4996003,6
5994,4996003,6
5995,4995711,0
5996,4996003,6
5997,4996003,6
5998,4995711,0
5999,4997897,45
6000,5014394,384
6001,4996003,6
6002,4997169,30
6003,4995711,0
6004,4996586,18
6005,4997897,45
6006,4996440,15
6007,4996003,6
6008,5002563,141
6009,4996003,6
6010,4996440,15
6011,4995711,0
6012,4996003,6
6013,4995711,0
6014,5015272,402
6015,4996003,6
6016,4997169,30
6017,4995711,0
6018,4996586,18
6019,4996586,18
6020,4995711,0
6021,4997169,30
6022,4995711,0
6023,5000084,90
6024,4995711,0
6025,4996586,18
6026,4996586,18
6027,4995711,0
6028,4996003,6
6029,4995711,0
6030,4995711,0
6031,4996440,15
6032,4996003,6
6033,4995711,0
6034,4996003,6
6035,4996440,15
6036,4998189,51
6037,4996003,6
6038,4997023,27
6039,4995711,0
6040,4995711,0
6041,4996586,18
6042,4996003,6
6043,4996003,6
6044,4995711,0
6045,5000084,90
6046,4995711,0
6047,4996440,15
6048,4996003,6
6049,4996440,15
6050,4995711,0
6051,4996586,18
6052,4995711,0
6053,4995711,0
6054,4996003,6
6055,4995711,0
6056,4995711,0
6057,4997023,27
6058,4995711,0
6059,4996586,18
6060,4996003,6
6061,4996003,6
6062,4995711,0
6063,4995711,0
6064,4996003,6
6065,4996003,6
6066,4996586,18
6067,4995711,0
6068,4997169,30
6069,4997169,30
6070,4997169,30
6071,4996003,6
6072,4995711,0
6073,4996003,6
6074,4998772,63
6075,4996003,6
6076,5005044,192
6077,5000521,99
6078,4997897,45
6079,4995711,0
6080,4997169,30
6081,4995711,0
6082,4996586,18
6083,4996003,6
6084,4996586,18
6085,4995711,0
6086,4996586,18
6087,4995711,0
6088,4995711,0
6089,4996586,18
6090,4995711,0
6091,4995711,0
6092,5003293,156
6093,4995711,0
6094,4996440,15
6095,4995711,0
6096,4995711,0
6097,4997023,27
6098,4996003,6
6099,4997023,27
6100,4995711,0
6101,4997169,30
6102,5000084,90
6103,5005336,198
6104,4996003,6
6105,4995711,0
6106,4995711,0
6107,4996440,15
6108,4996440,15
6109,4995711,0
6110,4996003,6
6111,4996003,6
6112,4996586,18
6113,4997169,30
6114,5006066,213
6115,4996003,6
6116,4996003,6
6117,4996003,6
6118,4996003,6
6119,5011324,321
6120,4996003,6
6121,4996586,18
6122,4996003,6
6123,4995711,0
6124,4995711,0
6125,4996586,18
6126,5011032,315
6127,4997169,30
6128,4995711,0
6129,4995711,0
6130,4995711,0
6131,4995711,0
6132,4995711,0
6133,4996003,6
6134,4996440,15
6135,4996003,6
6136,4996003,6
6137,4995711,0
6138,4997169,30
6139,4997169,30
6140,4995711,0
6141,4995711,0
6142,4995711,0
6143,4997897,45
6144,4995711,0
6145,4996003,6
6146,4997169,30
6147,4996440,15
6148,4995711,0
6149,4996586,18
6150,4995711,0
6151,4996003,6
6152,4996586,18
6153,4998918,66
6154,4995711,0
6155,4995711,0
6156,4996586,18
6157,5001251,114
6158,4997897,45
6159,4996586,18
6160,4996440,15
6161,4997460,36
6162,4995711,0
6163,4996586,18
6164,4997897,45
6165,4996003,6
6166,5034909,804
6167,4996586,18
6168,5005336,198
6169,4997169,30
6170,4996003,6
6171,4996586,18
6172,4996003,6
6173,4996003,6
6174,4996003,6
6175,4997460,36
6176,5003001,150
6177,4999938,87
6178,5002563,141
6179,4995711,0
6180,4997169,30
6181,4998918,66
6182,4996440,15
6183,4996003,6
6184,4995711,0
6185,4996003,6
6186,4996003,6
6187,4996586,18
6188,4995711,0
6189,5000521,99
6190,4995711,0
6191,4998043,48
6192,4996003,6
6193,4995711,0
6194,4997169,30
6195,4996586,18
6196,4999647,81
6197,4997460,36
6198,4996003,6
6199,4995711,0
6200,4997460,36
6201,4996003,6
6202,4995711,0
6203,4995711,0
6204,4997023,27
6205,4995711,0
6206,4996440,15
6207,4995711,0
6208,4996003,6
6209,4996003,6
6210,4995711,0
6211,4996003,6
6212,5000084,90
6213,4996003,6
6214,4996440,15
6215,4996003,6
6216,4995711,0
6217,4995711,0
6218,4996586,18
6219,4995711,0
6220,4996003,6
6221,4996003,6
6222,4996003,6
6223,4995711,0
6224,4998189,51
6225,4996003,6
6226,4997023,27
6227,4995711,0
6228,4996003,6
6229,4995711,0
6230,4996586,18
6231,4996003,6
6232,4997897,45
6233,4996440,15
6234,4995711,0
6235,4996003,6
6236,4995711,0
6237,4996003,6
6238,4998043,48
6239,4998189,51
6240,5012201,339
6241,4995711,0
6242,4996440,15
6243,5002709,144
6244,4996440,15
6245,4997169,30
6246,4996003,6
6247,4995711,0
6248,4996003,6
6249,4996003,6
6250,4996003,6
6251,4996003,6
6252,4995711,0
6253,4996003,6
6254,4996586,18
6255,4998189,51
6256,4996586,18
6257,4995711,0
6258,4996003,6
6259,4995711,0
6260,4995711,0
6261,4996586,18
6262,4999063,69
6263,4996003,6
6264,4996003,6
6265,4996003,6
6266,4996003,6
6267,4996003,6
6268,4996003,6
6269,4996003,6
6270,4995711,0
6271,4997169,30
6272,4995711,0
6273,4996003,6
6274,4995711,0
6275,4996586,18
6276,4996003,6
6277,4996003,6
6278,4996003,6
6279,4995711,0
6280,4996003,6
6281,4995711,0
6282,5004023,171
6283,4995711,0
6284,5004169,174
6285,5005336,198
6286,4998189,51
6287,4995711,0
6288,4996003,6
6289,4995711,0
6290,4996003,6
6291,4995711,0
6292,4995711,0
6293,4996440,15
6294,4996003,6
6295,4996003,6
6296,4995711,0
6297,5005628,204
6298,4995711,0
6299,4995711,0
6300,4995711,0
6301,4996003,6
6302,5010886,312
6303,5001251,114
6304,4997169,30
6305,4995711,0
6306,4996003,6
6307,5000084,90
6308,4996003,6
6309,5000084,90
6310,5000084,90
6311,4996003,6
6312,4996586,18
6313,4997169,30
6314,4995711,0
6315,4997169,30
6316,4996003,6
6317,4996003,6
6318,4996440,15
6319,4997897,45
6320,4995711,0
6321,4996586,18
6322,4996003,6
6323,4995711,0
6324,4996586,18
6325,4997169,30
6326,4995711,0
6327,5008110,255
6328,4995711,0
6329,4995711,0
6330,4996003,6
6331,5000084,90
6332,5016588,429
6333,4996003,6
6334,4996003,6
6335,5003147,153
6336,4996003,6
6337,4996003,6
6338,4995711,0
6339,4995711,0
6340,4996003,6
6341,4997460,36
6342,4996003,6
6343,4995711,0
6344,4995711,0
6345,4996586,18
6346,4997169,30
6347,4995711,0
6348,4997169,30
6349,4996003,6
6350,4996003,6
6351,4996586,18
6352,4999209,72
6353,4996003,6
6354,4996586,18
6355,4996003,6
6356,4996003,6
6357,4997169,30
6358,5000084,90
6359,4996003,6
6360,4997169,30
6361,4995711,0
6362,4995711,0
6363,4996003,6
6364,5004023,171
6365,4995711,0
6366,4996003,6
6367,4996003,6
6368,4997751,42
6369,5000084,90
6370,4998189,51
6371,4995711,0
6372,4996003,6
6373,4995711,0
6374,4997169,30
6375,4995711,0
6376,4995711,0
6377,4996440,15
6378,5003293,156
6379,4995711,0
6380,5004023,171
6381,5003293,156
6382,4997460,36
6383,4996003,6
6384,4995711,0
6385,4996440,15
6386,4996003,6
6387,4995711,0
6388,4996440,15
6389,4996586,18
6390,4996003,6
6391,4995711,0
6392,5040051,909
6393,4996003,6
6394,4996003,6
6395,5002563,141
6396,4995711,0
6397,4996003,6
6398,4996003,6
6399,5002709,144
6400,4995711,0
6401,4997023,27
6402,4997169,30
6403,4996586,18
6404,5002709,144
6405,4997751,42
6406,4996586,18
6407,4995711,0
6408,4995711,0
6409,4998918,66
6410,4995711,0
6411,4996003,6
6412,4996003,6
6413,4996003,6
6414,5000084,90
6415,4996003,6
6416,4996586,18
6417,4997460,36
6418,4996003,6
6419,4995711,0
6420,4996586,18
6421,4996440,15
6422,4996003,6
6423,4996003,6
6424,4996586,18
6425,4995711,0
6426,4995711,0
6427,4996003,6
6428,4996003,6
6429,4996586,18
6430,4996003,6
6431,5003293,156
6432,4996003,6
6433,4997897,45
6434,4996003,6
6435,4995711,0
6436,4995711,0
6437,4996003,6
6438,4995711,0
6439,4996586,18
6440,4996440,15
6441,4998189,51
6442,4995711,0
6443,4996003,6
6444,4996003,6
6445,4996003,6
6446,4996003,6
6447,4997169,30
6448,4995711,0
6449,4996003,6
6450,4995711,0
6451,4996003,6
6452,4996003,6
6453,5011178,318
6454,4996003,6
6455,4996003,6
6456,4996003,6
6457,4996440,15
6458,4997169,30
6459,4996003,6
6460,4996003,6
6461,4996440,15
6462,4996586,18
6463,4996003,6
6464,4996586,18
6465,4996003,6
6466,4996003,6
6467,4998189,51
6468,4995711,0
6469,4996003,6
6470,4996003,6
6471,4995711,0
6472,5002709,144
6473,4995711,0
6474,4996003,6
6475,4995711,0
6476,4996003,6
6477,4996440,15
6478,4995711,0
6479,4995711,0
6480,4996440,15
6481,4997169,30
6482,4995711,0
6483,4996003,6
6484,4996003,6
6485,4996440,15
6486,4996003,6
6487,4996003,6
6488,4996003,6
6489,4996003,6
6490,4997023,27
6491,4996003,6
6492,4995711,0
6493,4995711,0
6494,4995711,0
6495,4996003,6
6496,5000084,90
6497,4996003,6
6498,4996586,18
6499,4996003,6
6500,5001251,114
6501,4996440,15
6502,5001105,111
6503,4996440,15
6504,4996003,6
6505,4995711,0
6506,5000084,90
6507,4996003,6
6508,4997897,45
6509,4995711,0
6510,4996440,15
6511,4996003,6
6512,4996003,6
6513,4995711,0
6514,5000521,99
6515,4995711,0
6516,4997897,45
6517,4996586,18
6518,4995711,0
6519,4995711,0
6520,4996586,18
6521,4995711,0
6522,4996003,6
6523,4995711,0
6524,4995711,0
6525,4996440,15
6526,4996003,6
6527,4997169,30
6528,5006066,213
6529,4996440,15
6530,4995711,0
6531,4996003,6
6532,4995711,0
6533,5451194,8976
6534,4996003,6
6535,4996440,15
6536,4996586,18
6537,4995711,0
6538,4996003,6
6539,5004752,186
6540,4996003,6
6541,5231437,4743
6542,4996003,6
6543,4996003,6
6544,4997169,30
6545,4997169,30
6546,4995711,0
6547,5000521,99
6548,4996586,18
6549,5000084,90
6550,4995711,0
6551,5002709,144
6552,5020247,504
6553,5000084,90
6554,4996003,6
6555,4996003,6
6556,4995711,0
6557,4997169,30
6558,4996003,6
6559,5000521,99
6560,4996586,18
6561,4995711,0
6562,5002709,144
6563,4995711,0
6564,4995711,0
6565,4996003,6
6566,4997023,27
6567,4995711,0
6568,5000084,90
6569,4995711,0
6570,4997460,36
6571,4996440,15
6572,4995711,0
6573,5002709,144
6574,4996586,18
6575,4996440,15
6576,4997897,45
6577,4995711,0
6578,4998043,48
6579,4995711,0
6580,4995711,0
6581,4996003,6
6582,4996003,6
6583,4996586,18
6584,4996586,18
6585,4996586,18
6586,4997460,36
6587,4995711,0
6588,5025374,609
6589,4997897,45
6590,4995711,0
6591,4997169,30
6592,4996003,6
6593,4996440,15
6594,4996586,18
6595,4997897,45
6596,4996440,15
6597,4997169,30
6598,4995711,0
6599,5000084,90
6600,4995711,0
6601,4995711,0
6602,4996440,15
6603,4996003,6
6604,4996003,6
6605,5014248,381
6606,5000084,90
6607,4995711,0
6608,4996003,6
6609,4996003,6
6610,4996440,15
6611,5003293,156
6612,4996003,6
6613,4995711,0
6614,4996003,6
6615,4996003,6
6616,4995711,0
6617,4996003,6
6618,4995711,0
6619,4996586,18
6620,4996003,6
6621,4995711,0
6622,4996003,6
6623,4996586,18
6624,4996003,6
6625,4996003,6
6626,4997169,30
6627,4995711,0
6628,4996003,6
6629,4995711,0
6630,4995711,0
6631,4996586,18
6632,5011909,333
6633,4995711,0
6634,4996003,6
6635,5000084,90
6636,4996003,6
6637,4996440,15
6638,4996586,18
6639,4995711,0
6640,4996003,6
6641,4998918,66
6642,4996003,6
6643,4996003,6
6644,4995711,0
6645,4995711,0
6646,5025374,609
6647,4996003,6
6648,4995711,0
6649,5000521,99
6650,4996003,6
6651,4995711,0
6652,5014248,381
6653,4995711,0
6654,4995711,0
6655,4997023,27
6656,4997169,30
6657,4995711,0
6658,4996440,15
6659,4998189,51
6660,4996003,6
6661,4996586,18
6662,4996003,6
6663,4996586,18
6664,4995711,0
6665,4997169,30
6666,4995711,0
6667,4997460,36
6668,4997169,30
6669,4996003,6
6670,4995711,0
6671,4997169,30
6672,4996586,18
6673,4996440,15
6674,4996003,6
6675,4998772,63
6676,4997169,30
6677,4997023,27
6678,4996003,6
6679,4995711,0
6680,4996586,18
6681,4996003,6
6682,4995711,0
6683,5000084,90
6684,4996003,6
6685,4996003,6
6686,5024641,594
6687,4996586,18
6688,4996003,6
6689,4995711,0
6690,4996003,6
6691,4995711,0
6692,4995711,0
6693,5005628,204
6694,4996586,18
6695,5002709,144
6696,4995711,0
6697,4997897,45
6698,4996440,15
6699,4996586,18
6700,4997169,30
6701,4997169,30
6702,4995711,0
6703,4996003,6
6704,4996003,6
6705,4995711,0
6706,4996440,15
6707,4995711,0
6708,4998772,63
6709,4995711,0
6710,4996440,15
6711,5000230,93
6712,4996003,6
6713,4996003,6
6714,4997169,30
6715,4995711,0
6716,4997023,27
6717,4995711,0
6718,4995711,0
6719,4996586,18
6720,4996586,18
6721,4996003,6
6722,4995711,0
6723,4995711,0
6724,4995711,0
6725,4995711,0
6726,4996440,15
6727,4997169,30
6728,5015418,405
6729,4996003,6
6730,4996440,15
6731,4996003,6
6732,4996003,6
6733,4996003,6
6734,4995711,0
6735,5024934,600
6736,4995711,0
6737,4996440,15
6738,4995711,0
6739,4997460,36
6740,4995711,0
6741,4995711,0
6742,4996586,18
6743,4995711,0
6744,4996440,15
6745,4996440,15
6746,4996003,6
6747,4995711,0
6748,5010886,312
6749,4996440,15
6750,4995711,0
6751,4996003,6
6752,5000084,90
6753,4997897,45
6754,4995711,0
6755,4996003,6
6756,4997023,27
6757,4995711,0
6758,4995711,0
6759,4995711,0
6760,4996003,6
6761,4996586,18
6762,4997169,30
6763,4996003,6
6764,5005190,195
6765,4995711,0
6766,5035349,813
6767,4996003,6
6768,4996003,6
6769,4996440,15
6770,4996003,6
6771,4996003,6
6772,4997169,30
6773,4996440,15
6774,5017027,438
6775,4995711,0
6776,5002709,144
6777,5001105,111
6778,4996440,15
6779,4998189,51
6780,5008110,255
6781,4996586,18
6782,4995711,0
6783,4996003,6
6784,4995711,0
6785,4996003,6
6786,4996003,6
6787,5004169,174
6788,4996003,6
6789,4996440,15
6790,4996003,6
6791,4996586,18
6792,4996003,6
6793,4997751,42
6794,4995711,0
6795,4996003,6
6796,4996440,15
6797,4995711,0
6798,4999063,69
6799,4999063,69
6800,5007088,234
6801,4996003,6
6802,4996003,6
6803,4995711,0
6804,4996586,18
6805,4997023,27
6806,4996003,6
6807,4995711,0
6808,4996003,6
6809,4996586,18
6810,4996440,15
6811,4996440,15
6812,4996586,18
6813,5045345,1017
6814,4996440,15
6815,5000521,99
6816,4996586,18
6817,5006358,219
6818,4996003,6
6819,4996003,6
6820,4996586,18
6821,4996003,6
6822,5000084,90
6823,5004169,174
6824,4996586,18
6825,5000084,90
6826,4996003,6
6827,4995711,0
6828,4995711,0
6829,4995711,0
6830,4996003,6
6831,4996003,6
6832,4996003,6
6833,4996003,6
6834,4996003,6
6835,4996586,18
6836,4996003,6
6837,4995711,0
6838,4995711,0
6839,4996003,6
6840,4996003,6
6841,4996003,6
6842,4995711,0
6843,4996440,15
6844,4997460,36
6845,4996586,18
6846,4997169,30
6847,4995711,0
6848,4996586,18
6849,5020833,516
6850,5011471,324
6851,4995711,0
6852,4996440,15
6853,4996586,18
6854,4995711,0
6855,5006066,213
6856,4996440,15
6857,4995711,0
6858,4996003,6
6859,4997169,30
6860,4995711,0
6861,4995711,0
6862,4996003,6
6863,4996003,6
6864,4996003,6
6865,4995711,0
6866,4996586,18
6867,4995711,0
6868,4996586,18
6869,4996586,18
6870,4997169,30
6871,4996440,15
6872,4997169,30
6873,4996586,18
6874,4996003,6
6875,4997169,30
6876,4996003,6
6877,4996586,18
6878,4996003,6
6879,4996440,15
6880,4995711,0
6881,4995711,0
6882,4995711,0
6883,4996003,6
6884,4996440,15
6885,4996003,6
6886,4996003,6
6887,4996003,6
6888,4996586,18
6889,4996586,18
6890,4995711,0
6891,4997169,30
6892,4996440,15
6893,4995711,0
6894,4995711,0
6895,4996003,6
6896,5031533,735
6897,4996003,6
6898,4995711,0
6899,4996003,6
6900,4995711,0
6901,4996003,6
6902,4995711,0
6903,4996586,18
6904,4995711,0
6905,5000084,90
6906,4995711,0
6907,4995711,0
6908,4996003,6
6909,4997169,30
6910,4996586,18
6911,5040051,909
6912,4995711,0
6913,4996003,6
6914,4996586,18
6915,4996003,6
6916,4995711,0
6917,4996586,18
6918,4995711,0
6919,4996003,6
6920,4996003,6
6921,5001105,111
6922,4996440,15
6923,4995711,0
6924,5000084,90
6925,4996003,6
6926,4995711,0
6927,4996003,6
6928,5004023,171
6929,4996003,6
6930,4997897,45
6931,4996440,15
6932,4995711,0
6933,4996003,6
6934,4996003,6
6935,5021565,531
6936,4997169,30
6937,4995711,0
6938,4996586,18
6939,4995711,0
6940,4996003,6
6941,4997169,30
6942,4995711,0
6943,4996003,6
6944,4995711,0
6945,5001251,114
6946,4996003,6
6947,4996003,6
6948,4996003,6
6949,4996440,15
6950,4996003,6
6951,4995711,0
6952,4996003,6
6953,4996003,6
6954,4997460,36
6955,4995711,0
6956,4996440,15
6957,5000084,90
6958,4996586,18
6959,4996003,6
6960,4996440,15
6961,5000521,99
6962,4997169,30
6963,4996003,6
6964,4996440,15
6965,4995711,0
6966,4996003,6
6967,5001980,129
6968,4996003,6
6969,4998043,48
6970,4996440,15
6971,4995711,0
6972,4995711,0
6973,4997897,45
6974,4997169,30
6975,4995711,0
6976,5002709,144
6977,4997169,30
6978,4996003,6
6979,4996003,6
6980,4995711,0
6981,4996440,15
6982,4995711,0
6983,4997169,30
6984,4999209,72
6985,4996003,6
6986,4998043,48
6987,4995711,0
6988,4995711,0
6989,4996003,6
6990,4995711,0
6991,4996003,6
6992,4996586,18
6993,4996003,6
6994,4995711,0
6995,5023469,570
6996,4996003,6
6997,4995711,0
6998,5000084,90
6999,4996003,6
7000,4996003,6
7001,5003293,156
7002,4996586,18
7003,5000084,90
7004,4996440,15
7005,4996003,6
7006,4995711,0
7007,4995711,0
7008,4996440,15
7009,4995711,0
7010,4996440,15
7011,4996003,6
7012,4997023,27
7013,5000521,99
7014,4996003,6
7015,5010886,312
7016,4995711,0
7017,4996440,15
7018,4997023,27
7019,5002709,144
7020,4996003,6
7021,4996003,6
7022,4996586,18
7023,4996003,6
7024,4995711,0
7025,4996003,6
7026,4996003,6
7027,4995711,0
7028,4996003,6
7029,5760084,14646
7030,4997023,27
7031,4996003,6
7032,4995711,0
7033,4995711,0
7034,4996003,6
7035,4997897,45
7036,4996003,6
7037,4996003,6
7038,4996003,6
7039,4996586,18
7040,4996586,18
7041,4996440,15
7042,4997897,45
7043,4996003,6
7044,4996003,6
7045,4996003,6
7046,4995711,0
7047,4995711,0
7048,4996440,15
7049,4995711,0
7050,5002709,144
7051,4996440,15
7052,4995711,0
7053,5000521,99
7054,4996586,18
7055,4996003,6
7056,4997023,27
7057,5000084,90
7058,4996003,6
7059,4996586,18
7060,4997169,30
7061,4996003,6
7062,4996440,15
7063,4996586,18
7064,4996003,6
7065,4996440,15
7066,4996440,15
7067,4996440,15
7068,4996003,6
7069,4997023,27
7070,4996586,18
7071,4996003,6
7072,4996003,6
7073,4996003,6
7074,4997169,30
7075,4995711,0
7076,4997460,36
7077,4996586,18
7078,4996003,6
7079,4996003,6
7080,5018637,471
7081,4995711,0
7082,4996586,18
7083,4996003,6
7084,4999209,72
7085,4995711,0
7086,4996440,15
7087,4996586,18
7088,4996003,6
7089,4996003,6
7090,4995711,0
7091,4996003,6
7092,4996586,18
7093,5017466,447
7094,4996586,18
7095,4996586,18
7096,4997897,45
7097,5005044,192
7098,4996003,6
7099,4996586,18
7100,4996003,6
7101,4995711,0
7102,4995711,0
7103,4996003,6
7104,4996586,18
7105,4996003,6
7106,4995711,0
7107,5000084,90
7108,5025960,621
7109,4997023,27
7110,5006066,213
7111,4996003,6
7112,4995711,0
7113,4995711,0
7114,4995711,0
7115,4996440,15
7116,4997169,30
7117,4995711,0
7118,4995711,0
7119,5003293,156
7120,4997169,30
7121,5002709,144
7122,4996586,18
7123,4996586,18
7124,4996440,15
7125,4996003,6
7126,4995711,0
7127,4995711,0
7128,4996003,6
7129,4996586,18
7130,4995711,0
7131,4996440,15
7132,4996003,6
7133,4996586,18
7134,4996003,6
7135,4996003,6
7136,4996440,15
7137,4996003,6
7138,4995711,0
7139,4996003,6
7140,4996440,15
7141,4996440,15
7142,4996586,18
7143,4995711,0
7144,4995711,0
7145,4995711,0
7146,4995711,0
7147,4995711,0
7148,4995711,0
7149,4996586,18
7150,4996003,6
7151,4996440,15
7152,4995711,0
7153,4997897,45
7154,4995711,0
7155,4995711,0
7156,5000084,90
7157,4996003,6
7158,4996003,6
7159,4996586,18
7160,4995711,0
7161,4995711,0
7162,4996003,6
7163,4997897,45
7164,4995711,0
7165,4996586,18
7166,4995711,0
7167,4996003,6
7168,5011032,315
7169,4995711,0
7170,4997169,30
7171,4997460,36
7172,4995711,0
7173,4996003,6
7174,4996440,15
7175,4997460,36
7176,4996003,6
7177,4995711,0
7178,4995711,0
7179,4995711,0
7180,4996003,6
7181,4996440,15
7182,4996440,15
7183,4995711,0
7184,4996003,6
7185,4996440,15
7186,4996003,6
7187,4998189,51
7188,4997169,30
7189,5004169,174
7190,4996003,6
7191,4997169,30
7192,4997460,36
7193,4996003,6
7194,4996003,6
7195,4995711,0
7196,4995711,0
7197,4997023,27
7198,4995711,0
7199,4998189,51
7200,4995711,0
7201,4995711,0
7202,4996586,18
7203,4995711,0
7204,5000521,99
7205,4995711,0
7206,4996440,15
7207,4995711,0
7208,4996440,15
7209,4995711,0
7210,4996003,6
7211,4997460,36
7212,4995711,0
7213,4996003,6
7214,4996440,15
7215,4996003,6
7216,4996586,18
7217,4996003,6
7218,4997897,45
7219,4996440,15
7220,4996003,6
7221,4996003,6
7222,4997023,27
7223,4996003,6
7224,4995711,0
7225,4996586,18
7226,4995711,0
7227,4995711,0
7228,4999792,84
7229,4995711,0
7230,4998043,48
7231,4995711,0
7232,4997023,27
7233,4996003,6
7234,4995711,0
7235,4996003,6
7236,4996440,15
7237,4995711,0
7238,4995711,0
7239,4995711,0
7240,4996440,15
7241,4996003,6
7242,4996003,6
7243,4995711,0
7244,5008841,270
7245,4995711,0
7246,4996440,15
7247,4996586,18
7248,5010886,312
7249,4996003,6
7250,4996440,15
7251,4996003,6
7252,4998189,51
7253,4996003,6
7254,4997897,45
7255,5019662,492
7256,4996440,15
7257,4995711,0
7258,4997169,30
7259,4996003,6
7260,5000521,99
7261,4996003,6
7262,4995711,0
7263,4997460,36
7264,5001834,126
7265,4997460,36
7266,4997460,36
7267,4995711,0
7268,4995711,0
7269,5003293,156
7270,4997169,30
7271,4997169,30
7272,4998189,51
7273,4996440,15
7274,4996003,6
7275,4995711,0
7276,4995711,0
7277,5000521,99
7278,4995711,0
7279,4995711,0
7280,4996586,18
7281,4996003,6
7282,4996003,6
7283,4996586,18
7284,4996586,18
7285,4998918,66
7286,4996003,6
7287,5010302,300
7288,4995711,0
7289,5002563,141
7290,4996586,18
7291,4996003,6
7292,4997460,36
7293,4996586,18
7294,4996586,18
7295,4997897,45
7296,4996003,6
7297,5000084,90
7298,4995711,0
7299,4996003,6
7300,5015272,402
7301,4995711,0
7302,4996003,6
7303,4996003,6
7304,4996003,6
7305,4996440,15
7306,4996586,18
7307,4997169,30
7308,4996003,6
7309,4996440,15
7310,4996003,6
7311,4997169,30
7312,4996586,18
7313,4997897,45
7314,4995711,0
7315,5025374,609
7316,4998189,51
7317,4995711,0
7318,4997460,36
7319,5025374,609
7320,4995711,0
7321,4997023,27
7322,4996003,6
7323,4995711,0
7324,4995711,0
7325,4995711,0
7326,4997169,30
7327,4996003,6
7328,4997897,45
7329,4997169,30
7330,4997023,27
7331,4996003,6
7332,4996440,15
7333,4996586,18
7334,4996003,6
7335,4996003,6
7336,4995711,0
7337,4995711,0
7338,4997169,30
7339,5004023,171
7340,5002709,144
7341,4996003,6
7342,4995711,0
7343,4996586,18
7344,4997169,30
7345,4996003,6
7346,4997169,30
7347,4995711,0
7348,4997897,45
7349,4996003,6
7350,4996003,6
7351,4995711,0
7352,4996003,6
7353,4995711,0
7354,8824350,58527
7355,4996003,6
7356,5004898,189
7357,4996003,6
7358,4996586,18
7359,4997169,30
7360,5000084,90
7361,4997169,30
7362,4995711,0
7363,4996003,6
7364,4995711,0
7365,4996003,6
7366,4995711,0
7367,4995711,0
7368,4996003,6
7369,4995711,0
7370,4995711,0
7371,5000084,90
7372,4997023,27
7373,4995711,0
7374,4995711,0
7375,4996003,6
7376,4995711,0
7377,4996003,6
7378,4995711,0
7379,4995711,0
7380,5001105,111
7381,5011178,318
7382,4996586,18
7383,5000521,99
7384,4996003,6
7385,4996586,18
7386,4995711,0
7387,4997897,45
7388,4996003,6
7389,4997169,30
7390,4996440,15
7391,4996003,6
7392,4996440,15
7393,4997169,30
7394,4997169,30
7395,4996440,15
7396,4995711,0
7397,4995711,0
7398,4996003,6
7399,5006066,213
7400,4996003,6
7401,5000084,90
7402,4996586,18
7403,4998626,60
7404,4995711,0
7405,4995711,0
7406,4996003,6
7407,5249318,5094
7408,4997460,36
7409,5042403,957
7410,4999063,69
7411,4997169,30
7412,4996586,18
7413,4996586,18
7414,4995711,0
7415,4995711,0
7416,4997169,30
7417,4996586,18
7418,4996003,6
7419,4995711,0
7420,4996003,6
7421,4997169,30
7422,4997169,30
7423,4996003,6
7424,4996003,6
7425,4996003,6
7426,4996003,6
7427,5000084,90
7428,4997169,30
7429,4996003,6
7430,4996003,6
7431,4995711,0
7432,4995711,0
7433,4996586,18
7434,4996003,6
7435,4995711,0
7436,4996003,6
7437,4996586,18
7438,4996003,6
7439,4996440,15
7440,4995711,0
7441,4995711,0
7442,4996586,18
7443,4996586,18
7444,4995711,0
7445,4995711,0
7446,4996003,6
7447,4997169,30
7448,4996003,6
7449,4996003,6
7450,4996586,18
7451,4995711,0
7452,4996003,6
7453,4997169,30
7454,4995711,0
7455,4996003,6
7456,4996003,6
7457,5000521,99
7458,4996586,18
7459,5183902,3804
7460,4996440,15
7461,4995711,0
7462,4996003,6
7463,4996003,6
7464,5000084,90
7465,4997169,30
7466,4996440,15
7467,4995711,0
7468,4996440,15
7469,5000084,90
7470,4996586,18
7471,4996586,18
7472,4995711,0
7473,4997169,30
7474,4995711,0
7475,4996003,6
7476,5014102,378
7477,4996586,18
7478,4995711,0
7479,4996003,6
7480,4996440,15
7481,4997460,36
7482,4996440,15
7483,4997897,45
7484,4997897,45
7485,4996586,18
7486,4998043,48
7487,4995711,0
7488,4995711,0
7489,4996003,6
7490,4996003,6
7491,4995711,0
7492,4996003,6
7493,4995711,0
7494,4995711,0
7495,4995711,0
7496,4995711,0
7497,4996586,18
7498,4996003,6
7499,4999792,84
7500,5002709,144
7501,4996003,6
7502,5003001,150
7503,4995711,0
7504,4997751,42
7505,4997169,30
7506,4996440,15
7507,4998626,60
7508,4996003,6
7509,4997897,45
7510,4996003,6
7511,4996003,6
7512,4995711,0
7513,4995711,0
7514,4996003,6
7515,4996586,18
7516,4996003,6
7517,4995711,0
7518,5003293,156
7519,5000084,90
7520,4996440,15
7521,4996003,6
7522,4997169,30
7523,4996586,18
7524,4998189,51
7525,4996586,18
7526,4995711,0
7527,4995711,0
7528,5007380,240
7529,4996440,15
7530,4998043,48
7531,4996586,18
7532,4998043,48
7533,4997751,42
7534,4996586,18
7535,4996003,6
7536,4996586,18
7537,4995711,0
7538,4996003,6
7539,4996003,6
7540,4995711,0
7541,4995711,0
7542,4995711,0
7543,4996003,6
7544,4996003,6
7545,4998772,63
7546,5007088,234
7547,5040639,921
7548,4996003,6
7549,4995711,0
7550,4995711,0
7551,4995711,0
7552,5014541,387
7553,4995711,0
7554,4995711,0
7555,4998772,63
7556,4996440,15
7557,4997751,42
7558,4995711,0
7559,4996003,6
7560,4996586,18
7561,4995711,0
7562,4997169,30
7563,4996440,15
7564,4995711,0
7565,4998772,63
7566,4997169,30
7567,4998189,51
7568,4995711,0
7569,4995711,0
7570,4995711,0
7571,4996440,15
7572,4996586,18
7573,4996003,6
7574,4997897,45
7575,4995711,0
7576,5000084,90
7577,4995711,0
7578,4996003,6
7579,4995711,0
7580,4996586,18
7581,4996003,6
7582,4996586,18
7583,4997751,42
7584,4997023,27
7585,4996440,15
7586,4997169,30
7587,4996003,6
7588,4996003,6
7589,4996440,15
7590,4997169,30
7591,5000521,99
7592,4999792,84
7593,4995711,0
7594,4995711,0
7595,4997897,45
7596,4997460,36
7597,4997023,27
7598,5006066,213
7599,4997897,45
7600,4995711,0
7601,4995711,0
7602,4997169,30
7603,4996003,6
7604,4996440,15
7605,4996003,6
7606,4995711,0
7607,4996003,6
7608,4997169,30
7609,4995711,0
7610,4996003,6
7611,4996003,6
7612,4995711,0
7613,4996440,15
7614,4996003,6
7615,4995711,0
7616,4995711,0
7617,4996586,18
7618,4995711,0
7619,4995711,0
7620,4996003,6
7621,4997169,30
7622,4995711,0
7623,4996586,18
7624,4995711,0
7625,4996003,6
7626,4996586,18
7627,4997169,30
7628,4995711,0
7629,4996003,6
7630,4995711,0
7631,4996586,18
7632,4996440,15
7633,4995711,0
7634,5014394,384
7635,4996440,15
7636,4996003,6
7637,4996440,15
7638,5001251,114
7639,4995711,0
7640,4996003,6
7641,4996440,15
7642,4996003,6
7643,4999647,81
7644,4995711,0
7645,4996003,6
7646,4996440,15
7647,4995711,0
7648,4997169,30
7649,4996440,15
7650,4997169,30
7651,4995711,0
7652,4996586,18
7653,4997169,30
7654,4995711,0
7655,4995711,0
7656,5000521,99
7657,4996003,6
7658,4996003,6
7659,4996440,15
7660,4996003,6
7661,4996003,6
7662,4996003,6
7663,5001251,114
7664,4996586,18
7665,4996003,6
7666,4996003,6
7667,4996003,6
7668,4995711,0
7669,4998189,51
7670,4997023,27
7671,5004023,171
7672,5000230,93
7673,4996003,6
7674,4996440,15
7675,4997169,30
7676,4995711,0
7677,4998772,63
7678,4997169,30
7679,4996003,6
7680,4996003,6
7681,4997169,30
7682,5007380,240
7683,4996586,18
7684,4997897,45
7685,4995711,0
7686,4997169,30
7687,4995711,0
7688,4996003,6
7689,4995711,0
7690,4996586,18
7691,4996586,18
7692,4996003,6
7693,4996440,15
7694,4996003,6
7695,4995711,0
7696,4995711,0
7697,4997169,30
7698,4997169,30
7699,4995711,0
7700,4995711,0
7701,5000084,90
7702,4996003,6
7703,4995711,0
7704,4996003,6
7705,4996440,15
7706,4996440,15
7707,4995711,0
7708,5003147,153
7709,4995711,0
7710,4997169,30
7711,4996440,15
7712,4996003,6
7713,4995711,0
7714,4996003,6
7715,4996003,6
7716,4995711,0
7717,4996003,6
7718,4995711,0
7719,4996003,6
7720,4996003,6
7721,4995711,0
7722,4996003,6
7723,4996003,6
7724,4996003,6
7725,5014102,378
7726,4997169,30
7727,4995711,0
7728,4996586,18
7729,4996440,15
7730,4995711,0
7731,4997897,45
7732,4996586,18
7733,4995711,0
7734,4996003,6
7735,4996003,6
7736,5001105,111
7737,4995711,0
7738,4995711,0
7739,4995711,0
7740,4996586,18
7741,4995711,0
7742,4996003,6
7743,4997169,30
7744,4996440,15
7745,4996003,6
7746,4996586,18
7747,4995711,0
7748,4997169,30
7749,5003293,156
7750,4996586,18
7751,4995711,0
7752,4996440,15
7753,5002709,144
7754,4996003,6
7755,4995711,0
7756,4996003,6
7757,5007088,234
7758,4995711,0
7759,4997897,45
7760,4998189,51
7761,4996003,6
7762,4996003,6
7763,4995711,0
7764,4995711,0
7765,4996440,15
7766,4995711,0
7767,4998043,48
7768,4997169,30
7769,4996586,18
7770,4996003,6
7771,4995711,0
7772,4995711,0
7773,4997169,30
7774,4996440,15
7775,4996586,18
7776,4996586,18
7777,4997169,30
7778,5001105,111
7779,5001980,129
7780,4997460,36
7781,4996003,6
7782,4995711,0
7783,4995711,0
7784,4995711,0
7785,4996003,6
7786,4996003,6
7787,4995711,0
7788,4996586,18
7789,4995711,0
7790,4996586,18
7791,4996003,6
7792,5025960,621
7793,4997169,30
7794,4997169,30
7795,4996586,18
7796,4995711,0
7797,4995711,0
7798,4995711,0
7799,5010155,297
7800,4996003,6
7801,4996586,18
7802,4996440,15
7803,4996003,6
7804,5000084,90
7805,4995711,0
7806,4997169,30
7807,4996003,6
7808,4997169,30
7809,4995711,0
7810,4996003,6
7811,4997023,27
7812,5003293,156
7813,4996003,6
7814,4995711,0
7815,4996003,6
7816,4996003,6
7817,4995711,0
7818,4996440,15
7819,4997897,45
7820,4997169,30
7821,4995711,0
7822,4997169,30
7823,4996003,6
7824,4995711,0
7825,4996003,6
7826,4996003,6
7827,5006358,219
7828,4995711,0
7829,4996003,6
7830,4995711,0
7831,4996440,15
7832,5005628,204
7833,5023469,570
7834,4995711,0
7835,4996586,18
7836,4995711,0
7837,4995711,0
7838,4996003,6
7839,4996586,18
7840,4996003,6
7841,4996003,6
7842,4995711,0
7843,4995711,0
7844,4995711,0
7845,4995711,0
7846,4997169,30
7847,4996586,18
7848,4995711,0
7849,4996440,15
7850,4996003,6
7851,4996586,18
7852,5028452,672
7853,4996586,18
7854,5000521,99
7855,5013371,363
7856,4995711,0
7857,4995711,0
7858,4995711,0
7859,4995711,0
7860,4995711,0
7861,4996586,18
7862,4996440,15
7863,4996003,6
7864,4997169,30
7865,4998043,48
7866,4995711,0
7867,5000084,90
7868,4995711,0
7869,5304873,6177
7870,4996003,6
7871,5351956,7086
7872,4996003,6
7873,5003293,156
7874,4996586,18
7875,4996586,18
7876,4995711,0
7877,4995711,0
7878,4995711,0
7879,4996003,6
7880,4995711,0
7881,4996586,18
7882,4995711,0
7883,4996586,18
7884,4996003,6
7885,4997169,30
7886,4996440,15
7887,4996440,15
7888,4996440,15
7889,5003147,153
7890,4995711,0
7891,4997169,30
7892,4997169,30
7893,4997023,27
7894,5004898,189
7895,4995711,0
7896,5000084,90
7897,4996003,6
7898,4997023,27
7899,4996440,15
7900,4997460,36
7901,4997751,42
7902,4996003,6
7903,5000084,90
7904,4996003,6
7905,5024934,600
7906,4996003,6
7907,4996003,6
7908,4996003,6
7909,4996003,6
7910,4996003,6
7911,4997169,30
7912,4996440,15
7913,4996003,6
7914,4995711,0
7915,4995711,0
7916,4996440,15
7917,4995711,0
7918,4996003,6
7919,4995711,0
7920,4995711,0
7921,4995711,0
7922,4997751,42
7923,4996003,6
7924,4996440,15
7925,4996440,15
7926,4996586,18
7927,4996003,6
7928,5003293,156
7929,4996003,6
7930,4996586,18
7931,4996440,15
7932,4995711,0
7933,4996003,6
7934,5000084,90
7935,4996003,6
7936,5000521,99
7937,4996440,15
7938,4995711,0
7939,5008841,270
7940,4995711,0
7941,4995711,0
7942,4996586,18
7943,4998043,48
7944,4996003,6
7945,4996003,6
7946,4996440,15
7947,4995711,0
7948,4996003,6
7949,4995711,0
7950,4996003,6
7951,4997897,45
7952,4998772,63
7953,4995711,0
7954,4996003,6
7955,4995711,0
7956,4996586,18
7957,4997897,45
7958,4995711,0
7959,4996440,15
7960,5011324,321
7961,4995711,0
7962,5000521,99
7963,4998043,48
7964,4995711,0
7965,4995711,0
7966,4997169,30
7967,4996440,15
7968,4995711,0
7969,4996440,15
7970,4996003,6
7971,4995711,0
7972,4995711,0
7973,4996440,15
7974,4995711,0
7975,4997460,36
7976,4996003,6
7977,4995711,0
7978,4996003,6
7979,4997023,27
7980,4996003,6
7981,4996003,6
7982,4995711,0
7983,4995711,0
7984,4996586,18
7985,4996586,18
7986,4996003,6
7987,4995711,0
7988,4996003,6
7989,4996003,6
7990,4995711,0
7991,4996003,6
7992,4997169,30
7993,4996003,6
7994,4997169,30
7995,4996003,6
7996,5001251,114
7997,4996003,6
7998,4996003,6
7999,4995711,0
8000,4997169,30
8001,4995711,0
8002,4996003,6
8003,4996003,6
8004,4996440,15
8005,4998189,51
8006,4995711,0
8007,4995711,0
8008,4996003,6
8009,5000230,93
8010,4996440,15
8011,4996586,18
8012,4997169,30
8013,4996440,15
8014,4996003,6
8015,4996586,18
8016,4996586,18
8017,4997897,45
8018,4995711,0
8019,4996003,6
8020,4997169,30
8021,4995711,0
8022,4996003,6
8023,4997023,27
8024,4996586,18
8025,4996586,18
8026,4995711,0
8027,4996003,6
8028,4997023,27
8029,4997897,45
8030,4997169,30
8031,4997023,27
8032,4996003,6
8033,4996003,6
8034,4996003,6
8035,4996586,18
8036,4996003,6
8037,4995711,0
8038,4995711,0
8039,4995711,0
8040,4998043,48
8041,4996003,6
8042,4995711,0
8043,4996003,6
8044,5005336,198
8045,4996003,6
8046,4995711,0
8047,4998772,63
8048,4997460,36
8049,4996003,6
8050,4996003,6
8051,4995711,0
8052,4997169,30
8053,4995711,0
8054,4995711,0
8055,5000521,99
8056,4996003,6
8057,4997460,36
8058,4995711,0
8059,4996586,18
8060,4996003,6
8061,4996003,6
8062,4996003,6
8063,4995711,0
8064,4996003,6
8065,4996003,6
8066,4996003,6
8067,4996003,6
8068,4996440,15
8069,4996003,6
8070,4996003,6
8071,4996003,6
8072,4996003,6
8073,4995711,0
8074,4995711,0
8075,4996003,6
8076,4996586,18
8077,4997169,30
8078,4997023,27
8079,4995711,0
8080,4995711,0
8081,4995711,0
8082,4996003,6
8083,4996003,6
8084,5004023,171
8085,4996003,6
8086,4996586,18
8087,4996003,6
8088,4996003,6
8089,4996586,18
8090,4996003,6
8091,5011909,333
8092,4995711,0
8093,4999209,72
8094,5014102,378
8095,4996586,18
8096,4996586,18
8097,4996003,6
8098,4996440,15
8099,4995711,0
8100,4996003,6
8101,4996003,6
8102,4996003,6
8103,4995711,0
8104,4996586,18
8105,4996586,18
8106,4996586,18
8107,4996003,6
8108,4995711,0
8109,4996586,18
8110,4996586,18
8111,4995711,0
8112,5000521,99
8113,4995711,0
8114,4996003,6
8115,4997169,30
8116,5000084,90
8117,4996586,18
8118,4995711,0
8119,4996440,15
8120,4995711,0
8121,5000084,90
8122,4996003,6
8123,4998043,48
8124,4995711,0
8125,4996003,6
8126,4997169,30
8127,4996440,15
8128,5000084,90
8129,4995711,0
8130,4996440,15
8131,4995711,0
8132,4995711,0
8133,4995711,0
8134,4996586,18
8135,4995711,0
8136,4995711,0
8137,4996003,6
8138,4996003,6
8139,4995711,0
8140,4997169,30
8141,4995711,0
8142,4997023,27
8143,4996003,6
8144,4995711,0
8145,4998043,48
8146,4996586,18
8147,4996003,6
8148,4996003,6
8149,4995711,0
8150,4996440,15
8151,4996003,6
8152,4996003,6
8153,4995711,0
8154,4996440,15
8155,4996003,6
8156,5000084,90
8157,4996003,6
8158,4996586,18
8159,4998043,48
8160,4996440,15
8161,4995711,0
8162,4996003,6
8163,4995711,0
8164,4996440,15
8165,4995711,0
8166,4995711,0
8167,5002272,135
8168,4997169,30
8169,4995711,0
8170,4996003,6
8171,4995711,0
8172,4997169,30
8173,4995711,0
8174,4996586,18
8175,4996003,6
8176,4995711,0
8177,4997169,30
8178,5004169,174
8179,4996003,6
8180,4995711,0
8181,4996003,6
8182,4997169,30
8183,5005336,198
8184,4996003,6
8185,4998043,48
8186,4995711,0
8187,4995711,0
8188,4996003,6
8189,4995711,0
8190,4996003,6
8191,4996003,6
8192,4996003,6
8193,4996586,18
8194,4995711,0
8195,4995711,0
8196,4997169,30
8197,4996003,6
8198,4996586,18
8199,4996440,15
8200,4997169,30
8201,4996003,6
8202,5001251,114
8203,4995711,0
8204,4995711,0
8205,4996586,18
8206,4997169,30
8207,4996003,6
8208,4996003,6
8209,4995711,0
8210,4996440,15
8211,4995711,0
8212,4997169,30
8213,4995711,0
8214,5002709,144
8215,5025374,609
8216,4996003,6
8217,5024934,600
8218,4996003,6
8219,4997897,45
8220,5005920,210
8221,4995711,0
8222,5002563,141
8223,5000084,90
8224,5003293,156
8225,5000084,90
8226,4996003,6
8227,4996003,6
8228,4997460,36
8229,4995711,0
8230,5002709,144
8231,4996003,6
8232,4995711,0
8233,4996003,6
8234,4995711,0
8235,4997897,45
8236,5011763,330
8237,5005628,204
8238,4995711,0
8239,5000084,90
8240,4996440,15
8241,4998189,51
8242,5002709,144
8243,4996586,18
8244,4996003,6
8245,4997460,36
8246,4996440,15
8247,4996586,18
8248,4996440,15
8249,4995711,0
8250,4996440,15
8251,4995711,0
8252,5005336,198
8253,4996003,6
8254,4995711,0
8255,4996440,15
8256,4996003,6
8257,4997169,30
8258,4995711,0
8259,4995711,0
8260,4995711,0
8261,4996440,15
8262,5025960,621
8263,4995711,0
8264,4995711,0
8265,4996003,6
8266,4996586,18
8267,4996586,18
8268,4996003,6
8269,4996586,18
8270,4996003,6
8271,4996003,6
8272,4995711,0
8273,4996003,6
8274,4995711,0
8275,4995711,0
8276,4996003,6
8277,4996003,6
8278,5002709,144
8279,4995711,0
8280,4995711,0
8281,4996003,6
8282,4996003,6
8283,4996440,15
8284,5000084,90
8285,4995711,0
8286,4995711,0
8287,4995711,0
8288,4997023,27
8289,4995711,0
8290,4996003,6
8291,4996003,6
8292,4995711,0
8293,4995711,0
8294,4996003,6
8295,4996586,18
8296,4996003,6
8297,4996440,15
8298,4996586,18
8299,4995711,0
8300,4997169,30
8301,4995711,0
8302,4997023,27
8303,4996586,18
8304,5007234,237
8305,4996003,6
8306,4996003,6
8307,4995711,0
8308,5002709,144
8309,4995711,0
8310,4997023,27
8311,4996003,6
8312,4996003,6
8313,4996003,6
8314,4996003,6
8315,4997169,30
8316,4995711,0
8317,4996586,18
8318,5002563,141
8319,4996003,6
8320,4996003,6
8321,4995711,0
8322,4996586,18
8323,4996003,6
8324,4996003,6
8325,4995711,0
8326,4996003,6
8327,4995711,0
8328,4997023,27
8329,4995711,0
8330,4995711,0
8331,5004023,171
8332,4996003,6
8333,5003293,156
8334,4996586,18
8335,4996003,6
8336,5000084,90
8337,4996440,15
8338,4996003,6
8339,4996586,18
8340,5003293,156
8341,4996440,15
8342,4997751,42
8343,5003293,156
8344,4996003,6
8345,4996003,6
8346,5009717,288
8347,4995711,0
8348,4996003,6
8349,4996003,6
8350,4996003,6
8351,5011909,333
8352,4996586,18
8353,4996440,15
8354,4996003,6
8355,4995711,0
8356,4997897,45
8357,4996440,15
8358,4995711,0
8359,4996003,6
8360,4996003,6
8361,4995711,0
8362,4996003,6
8363,5008402,261
8364,4996440,15
8365,4996003,6
8366,5003293,156
8367,4998189,51
8368,4996003,6
8369,4996586,18
8370,4996586,18
8371,5001105,111
8372,4997169,30
8373,4996003,6
8374,4996003,6
8375,4996586,18
8376,4997023,27
8377,4996586,18
8378,4997169,30
8379,4995711,0
8380,4996440,15
8381,4996003,6
8382,4996003,6
8383,4996003,6
8384,4995711,0
8385,4996586,18
8386,4996003,6
8387,4996003,6
8388,4995711,0
8389,4995711,0
8390,5000521,99
8391,4995711,0
8392,4998043,48
8393,5009279,279
8394,4996003,6
8395,4996003,6
8396,4997460,36
8397,4996003,6
8398,4999063,69
8399,4995711,0
8400,4995711,0
8401,4997023,27
8402,4996003,6
8403,4999209,72
8404,4996586,18
8405,4995711,0
8406,4996440,15
8407,5012055,336
8408,4995711,0
8409,4995711,0
8410,4995711,0
8411,4996003,6
8412,5002563,141
8413,4995711,0
8414,4996003,6
8415,4996003,6
8416,4995711,0
8417,4997169,30
8418,4995711,0
8419,4996440,15
8420,4996003,6
8421,5070568,1530
8422,4995711,0
8423,4995711,0
8424,4996586,18
8425,4996003,6
8426,4996003,6
8427,4996003,6
8428,4996003,6
8429,4995711,0
8430,4995711,0
8431,4995711,0
8432,4995711,0
8433,4996440,15
8434,4997023,27
8435,4995711,0
8436,4996003,6
8437,4995711,0
8438,4996586,18
8439,4996003,6
8440,4997169,30
8441,4997169,30
8442,4996003,6
8443,4996440,15
8444,4995711,0
8445,4997169,30
8446,4995711,0
8447,4996003,6
8448,4997460,36
8449,4996586,18
8450,4995711,0
8451,4996440,15
8452,4997897,45
8453,4996003,6
8454,4995711,0
8455,4995711,0
8456,4996003,6
8457,4998626,60
8458,4995711,0
8459,4996586,18
8460,4996440,15
8461,4996586,18
8462,4995711,0
8463,4996440,15
8464,4996586,18
8465,5004023,171
8466,4996440,15
8467,4995711,0
8468,5003877,168
8469,4996003,6
8470,4996003,6
8471,4995711,0
8472,4995711,0
8473,4996003,6
8474,4996586,18
8475,4996003,6
8476,4998043,48
8477,4997169,30
8478,4998189,51
8479,4998626,60
8480,4998189,51
8481,4996440,15
8482,4995711,0
8483,4997169,30
8484,4996586,18
8485,4995711,0
8486,4998189,51
8487,4996586,18
8488,4996586,18
8489,4996003,6
8490,4996003,6
8491,4996003,6
8492,4995711,0
8493,4997169,30
8494,4996586,18
8495,4996440,15
8496,4995711,0
8497,4995711,0
8498,4995711,0
8499,4995711,0
8500,4996440,15
8501,4996003,6
8502,4997169,30
8503,5005336,198
8504,4996003,6
8505,5000521,99
8506,4996440,15
8507,4997460,36
8508,4996003,6
8509,5002563,141
8510,4996003,6
8511,4997169,30
8512,4996003,6
8513,4996003,6
8514,4996586,18
8515,4996003,6
8516,5005336,198
8517,4996586,18
8518,4995711,0
8519,4997169,30
8520,4997169,30
8521,4996003,6
8522,4995711,0
8523,4995711,0
8524,4996003,6
8525,5005628,204
8526,4995711,0
8527,4995711,0
8528,4996003,6
8529,4996003,6
8530,4997023,27
8531,4996440,15
8532,5000084,90
8533,5001251,114
8534,4995711,0
8535,4996003,6
8536,4996003,6
8537,4996586,18
8538,4997023,27
8539,5000084,90
8540,4996440,15
8541,4995711,0
8542,4995711,0
8543,4996003,6
8544,4996586,18
8545,4996586,18
8546,4998626,60
8547,4996440,15
8548,4998189,51
8549,5012055,336
8550,4997897,45
8551,4996003,6
8552,5002709,144
8553,4995711,0
8554,4995711,0
8555,4996003,6
8556,4995711,0
8557,4995711,0
8558,4996586,18
8559,4996003,6
8560,4996003,6
8561,4996003,6
8562,4997169,30
8563,4995711,0
8564,4995711,0
8565,4996003,6
8566,4995711,0
8567,4997460,36
8568,4995711,0
8569,4995711,0
8570,5008841,270
8571,4995711,0
8572,4995711,0
8573,4996003,6
8574,4995711,0
8575,5217877,4476
8576,4995711,0
8577,4996440,15
8578,4995711,0
8579,4995711,0
8580,4995711,0
8581,4995711,0
8582,4996003,6
8583,5001251,114
8584,4996440,15
8585,4996586,18
8586,4996003,6
8587,4998189,51
8588,4996003,6
8589,4996586,18
8590,4996003,6
8591,4995711,0
8592,4995711,0
8593,4996586,18
8594,4995711,0
8595,4996003,6
8596,5005628,204
8597,5002563,141
8598,4995711,0
8599,4996003,6
8600,4996003,6
8601,4995711,0
8602,4995711,0
8603,4996586,18
8604,4996003,6
8605,4996003,6
8606,4996003,6
8607,4996440,15
8608,4996586,18
8609,4995711,0
8610,4995711,0
8611,4996003,6
8612,4996586,18
8613,4995711,0
8614,5024934,600
8615,4996003,6
8616,5000084,90
8617,4995711,0
8618,4996003,6
8619,4995711,0
8620,4995711,0
8621,4996003,6
8622,4996003,6
8623,4995711,0
8624,4996586,18
8625,4995711,0
8626,4996586,18
8627,4995711,0
8628,4996586,18
8629,4996003,6
8630,5000084,90
8631,4995711,0
8632,4996003,6
8633,4996440,15
8634,4996586,18
8635,4996440,15
8636,5001105,111
8637,4995711,0
8638,4996003,6
8639,4995711,0
8640,4996003,6
8641,4996003,6
8642,4996586,18
8643,5007234,237
8644,4995711,0
8645,5000084,90
8646,4995711,0
8647,4996003,6
8648,4996003,6
8649,4995711,0
8650,4995711,0
8651,4996440,15
8652,4996003,6
8653,4995711,0
8654,4995711,0
8655,4996003,6
8656,4996003,6
8657,4995711,0
8658,4996003,6
8659,4996003,6
8660,4996440,15
8661,4997169,30
8662,5000521,99
8663,5000521,99
8664,5000521,99
8665,5002709,144
8666,4996440,15
8667,4996003,6
8668,4996586,18
8669,4996440,15
8670,4997169,30
8671,5011032,315
8672,4995711,0
8673,4996003,6
8674,4996003,6
8675,4995711,0
8676,4997023,27
8677,4996586,18
8678,4996586,18
8679,4996003,6
8680,4996440,15
8681,4996586,18
8682,5002709,144
8683,4995711,0
8684,4996003,6
8685,4996440,15
8686,4996586,18
8687,4995711,0
8688,4995711,0
8689,4996003,6
8690,4996440,15
8691,4996586,18
8692,4997460,36
8693,4996586,18
8694,4996440,15
8695,4996003,6
8696,5003293,156
8697,4996003,6
8698,4995711,0
8699,4996003,6
8700,4995711,0
8701,5000521,99
8702,4997169,30
8703,4996440,15
8704,4995711,0
8705,4997897,45
8706,4996003,6
8707,4997897,45
8708,4995711,0
8709,4996440,15
8710,4995711,0
8711,4995711,0
8712,5000521,99
8713,4995711,0
8714,4997023,27
8715,4996003,6
8716,5005336,198
8717,4995711,0
8718,4995711,0
8719,4997023,27
8720,4998043,48
8721,4995711,0
8722,4996003,6
8723,4996003,6
8724,4995711,0
8725,4997169,30
8726,5000521,99
8727,4996003,6
8728,4995711,0
8729,4995711,0
8730,4995711,0
8731,5012055,336
8732,4995711,0
8733,4995711,0
8734,4996440,15
8735,4997169,30
8736,4997169,30
8737,4996003,6
8738,4996440,15
8739,4996586,18
8740,4996003,6
8741,4996440,15
8742,4996003,6
8743,4997023,27
8744,4996586,18
8745,4996003,6
8746,4996003,6
8747,4995711,0
8748,4996003,6
8749,4996003,6
8750,4996003,6
8751,4997169,30
8752,4996586,18
8753,5000084,90
8754,5008256,258
8755,4996003,6
8756,4995711,0
8757,4997460,36
8758,4996003,6
8759,4996003,6
8760,4996440,15
8761,4995711,0
8762,4996003,6
8763,4997169,30
8764,4996003,6
8765,4995711,0
8766,4995711,0
8767,4996003,6
8768,4997023,27
8769,4995711,0
8770,4996003,6
8771,4996003,6
8772,4995711,0
8773,4996003,6
8774,4995711,0
8775,4995711,0
8776,4997169,30
8777,4995711,0
8778,4996440,15
8779,4999063,69
8780,4996440,15
8781,5001105,111
8782,4996440,15
8783,4995711,0
8784,4996440,15
8785,4996003,6
8786,5003293,156
8787,4996003,6
8788,4996586,18
8789,4996003,6
8790,4997460,36
8791,5006066,213
8792,4995711,0
8793,4997023,27
8794,4996440,15
8795,4996003,6
8796,4995711,0
8797,4998043,48
8798,5001105,111
8799,4997460,36
8800,4996003,6
8801,4995711,0
8802,4997169,30
8803,4995711,0
8804,4997460,36
8805,4996586,18
8806,4996586,18
8807,4996003,6
8808,4995711,0
8809,4996586,18
8810,4997023,27
8811,5035643,819
8812,4995711,0
8813,4995711,0
8814,4995711,0
8815,4995711,0
8816,4996440,15
8817,4996003,6
8818,4996003,6
8819,5173633,3600
8820,4996003,6
8821,4997169,30
8822,4995711,0
8823,4996586,18
8824,4996003,6
8825,4995711,0
8826,4998772,63
8827,4996440,15
8828,4995711,0
8829,4996586,18
8830,4996586,18
8831,4996003,6
8832,4996003,6
8833,4996440,15
8834,4995711,0
8835,4996586,18
8836,5015418,405
8837,4996440,15
8838,4996003,6
8839,4996440,15
8840,4996586,18
8841,4995711,0
8842,4996003,6
8843,4997169,30
8844,4995711,0
8845,4996003,6
8846,4996003,6
8847,4997897,45
8848,4996003,6
8849,4996003,6
8850,4996003,6
8851,4998772,63
8852,4996440,15
8853,5012201,339
8854,4995711,0
8855,4997169,30
8856,4996003,6
8857,4995711,0
8858,4995711,0
8859,5007234,237
8860,4997169,30
8861,4996003,6
8862,4998772,63
8863,4996003,6
8864,4995711,0
8865,4995711,0
8866,5000084,90
8867,4996003,6
8868,4996440,15
8869,4996440,15
8870,4996003,6
8871,4996003,6
8872,4997169,30
8873,4997460,36
8874,4997023,27
8875,4995711,0
8876,4996440,15
8877,4996003,6
8878,5000084,90
8879,4995711,0
8880,4995711,0
8881,4995711,0
8882,5002709,144
8883,4996440,15
8884,5002709,144
8885,4995711,0
8886,4995711,0
8887,4996003,6
8888,4996003,6
8889,5006066,213
8890,4996003,6
8891,4996586,18
8892,4995711,0
8893,4997169,30
8894,4996003,6
8895,4995711,0
8896,4995711,0
8897,4995711,0
8898,4996003,6
8899,4995711,0
8900,4997169,30
8901,4996003,6
8902,4997169,30
8903,4996003,6
8904,4995711,0
8905,5002709,144
8906,4997897,45
8907,4995711,0
8908,4995711,0
8909,4995711,0
8910,4995711,0
8911,4996440,15
8912,4996586,18
8913,4996586,18
8914,4996003,6
8915,5002563,141
8916,4996586,18
8917,4999792,84
8918,5191618,3957
8919,4995711,0
8920,4998772,63
8921,4995711,0
8922,4996440,15
8923,4995711,0
8924,4995711,0
8925,5004023,171
8926,5006358,219
8927,4997169,30
8928,4996003,6
8929,4996003,6
8930,4995711,0
8931,4996003,6
8932,5000084,90
8933,4995711,0
8934,4995711,0
8935,4997897,45
8936,4995711,0
8937,4997460,36
8938,4996003,6
8939,4996003,6
8940,4998189,51
8941,4995711,0
8942,4995711,0
8943,4998043,48
8944,4997169,30
8945,4996003,6
8946,4995711,0
8947,5438967,8745
8948,4995711,0
8949,4997023,27
8950,4998189,51
8951,4995711,0
8952,4997897,45
8953,5008402,261
8954,5015564,408
8955,4996586,18
8956,4999063,69
8957,4996003,6
8958,4996003,6
8959,4996003,6
8960,4995711,0
8961,4995711,0
8962,4996586,18
8963,4995711,0
8964,4995711,0
8965,4996440,15
8966,4996586,18
8967,5005628,204
8968,5000084,90
8969,5024934,600
8970,4995711,0
8971,4996003,6
8972,4995711,0
8973,4996003,6
8974,4995711,0
8975,4996003,6
8976,4995711,0
8977,4997169,30
8978,4995711,0
8979,4996003,6
8980,4996003,6
8981,4995711,0
8982,4995711,0
8983,4995711,0
8984,4996003,6
8985,4995711,0
8986,4996003,6
8987,4997460,36
8988,5002709,144
8989,4995711,0
8990,5010155,297
8991,4995711,0
8992,4996003,6
8993,4995711,0
8994,4997169,30
8995,4996003,6
8996,4998043,48
8997,4995711,0
8998,4996003,6
8999,4996586,18
9000,4996003,6
9001,4996586,18
9002,4995711,0
9003,5015272,402
9004,4996003,6
9005,4997023,27
9006,5005044,192
9007,5004752,186
9008,4995711,0
9009,4996003,6
9010,5000084,90
9011,4995711,0
9012,4995711,0
9013,5017027,438
9014,4995711,0
9015,4996003,6
9016,4996003,6
9017,4996003,6
9018,5000084,90
9019,5003147,153
9020,4995711,0
9021,4996586,18
9022,4996440,15
9023,5158116,3291
9024,4995711,0
9025,4997897,45
9026,4996003,6
9027,4996003,6
9028,4997460,36
9029,4995711,0
9030,4998772,63
9031,5002709,144
9032,4995711,0
9033,4996003,6
9034,4996586,18
9035,5003001,150
9036,4996003,6
9037,4997169,30
9038,5010155,297
9039,5005336,198
9040,4996003,6
9041,5000084,90
9042,4996003,6
9043,4998189,51
9044,4995711,0
9045,4996586,18
9046,4995711,0
9047,4996586,18
9048,4996586,18
9049,5004023,171
9050,4995711,0
9051,4996586,18
9052,4996003,6
9053,5000521,99
9054,4996440,15
9055,4995711,0
9056,4996440,15
9057,4996586,18
9058,5004169,174
9059,4996440,15
9060,4997169,30
9061,4996003,6
9062,4997169,30
9063,5014248,381
9064,4996440,15
9065,4995711,0
9066,4995711,0
9067,4995711,0
9068,4996003,6
9069,4996586,18
9070,4995711,0
9071,4996586,18
9072,4996440,15
9073,4995711,0
9074,5000084,90
9075,4997023,27
9076,4996003,6
9077,4995711,0
9078,4995711,0
9079,4995711,0
9080,4998189,51
9081,4995711,0
9082,4995711,0
9083,4996003,6
9084,4996003,6
9085,4996586,18
9086,4996003,6
9087,5006358,219
9088,4997897,45
9089,4996003,6
9090,4997169,30
9091,5014541,387
9092,4995711,0
9093,5002709,144
9094,5000084,90
9095,4996003,6
9096,4996003,6
9097,4996003,6
9098,4996440,15
9099,4996003,6
9100,4995711,0
9101,5001251,114
9102,4996003,6
9103,4995711,0
9104,4997169,30
9105,4997023,27
9106,4997169,30
9107,4996003,6
9108,4996003,6
9109,4995711,0
9110,4996003,6
9111,4995711,0
9112,4996003,6
9113,4996586,18
9114,4996440,15
9115,4996440,15
9116,4996586,18
9117,4996003,6
9118,4995711,0
9119,4996003,6
9120,4996440,15
9121,4996003,6
9122,4996586,18
9123,4997023,27
9124,5000084,90
9125,5008256,258
9126,5008402,261
9127,4996003,6
9128,4996586,18
9129,4995711,0
9130,4995711,0
9131,4996586,18
9132,4996586,18
9133,4996586,18
9134,4996003,6
9135,4995711,0
9136,4996586,18
9137,4995711,0
9138,5009279,279
9139,4996003,6
9140,4995711,0
9141,4995711,0
9142,4996003,6
9143,4995711,0
9144,4995711,0
9145,4996586,18
9146,5000521,99
9147,4997169,30
9148,4997023,27
9149,4995711,0
9150,4996586,18
9151,4995711,0
9152,4996586,18
9153,4998189,51
9154,4996003,6
9155,4997023,27
9156,4999209,72
9157,4997023,27
9158,4995711,0
9159,4996440,15
9160,4996440,15
9161,4996586,18
9162,4997023,27
9163,4996586,18
9164,4996003,6
9165,4995711,0
9166,4996440,15
9167,5040786,924
9168,4996440,15
9169,4997169,30
9170,4995711,0
9171,4996440,15
9172,4996003,6
9173,4996586,18
9174,5000084,90
9175,4995711,0
9176,4996003,6
9177,4996003,6
9178,4996440,15
9179,4996003,6
9180,4996440,15
9181,4996440,15
9182,4997897,45
9183,5004169,174
9184,4996440,15
9185,4998189,51
9186,5000084,90
9187,4996003,6
9188,4996440,15
9189,4996003,6
9190,4995711,0
9191,4997023,27
9192,4996440,15
9193,4996003,6
9194,4996440,15
9195,4997169,30
9196,4995711,0
9197,4996003,6
9198,4997460,36
9199,4996586,18
9200,4996003,6
9201,4996003,6
9202,4997751,42
9203,4996003,6
9204,4996003,6
9205,4995711,0
9206,4995711,0
9207,4995711,0
9208,4996003,6
9209,4995711,0
9210,4995711,0
9211,4996003,6
9212,4997460,36
9213,5009279,279
9214,4996586,18
9215,4996440,15
9216,4995711,0
9217,4995711,0
9218,4996586,18
9219,5000084,90
9220,4995711,0
9221,4996586,18
9222,4999063,69
9223,4995711,0
9224,4996586,18
9225,4996586,18
9226,4996586,18
9227,4998918,66
9228,4997460,36
9229,4996586,18
9230,5395050,7911
9231,5002709,144
9232,4996003,6
9233,4997897,45
9234,4996440,15
9235,5000084,90
9236,4995711,0
9237,5013225,360
9238,4997897,45
9239,4996440,15
9240,4996003,6
9241,5011324,321
9242,5005190,195
9243,4995711,0
9244,4996586,18
9245,4995711,0
9246,4996003,6
9247,4996003,6
9248,4996440,15
9249,4996003,6
9250,4998189,51
9251,4996003,6
9252,4997169,30
9253,5002709,144
9254,4996440,15
9255,4995711,0
9256,4996003,6
9257,4996586,18
9258,4996003,6
9259,5010886,312
9260,4998772,63
9261,4995711,0
9262,4996003,6
9263,4995711,0
9264,4996003,6
9265,4996003,6
9266,4996003,6
9267,4998189,51
9268,5007964,252
9269,5001105,111
9270,4995711,0
9271,4997169,30
9272,4996003,6
9273,5000521,99
9274,4995711,0
9275,4996003,6
9276,4995711,0
9277,4996586,18
9278,4996440,15
9279,4995711,0
9280,4995711,0
9281,4995711,0
9282,5008110,255
9283,4996586,18
9284,4995711,0
9285,4996440,15
9286,4996003,6
9287,4996003,6
9288,4996440,15
9289,4997169,30
9290,4995711,0
9291,4996003,6
9292,4996003,6
9293,4995711,0
9294,5004023,171
9295,4996003,6
9296,4996440,15
9297,4996003,6
9298,5000084,90
9299,4995711,0
9300,4996586,18
9301,4996003,6
9302,5008256,258
9303,4996440,15
9304,4995711,0
9305,4996440,15
9306,5002709,144
9307,4999209,72
9308,4996440,15
9309,5017466,447
9310,4996586,18
9311,4996440,15
9312,4998189,51
9313,4995711,0
9314,4996003,6
9315,4995711,0
9316,4996003,6
9317,4996003,6
9318,4997169,30
9319,4996003,6
9320,4995711,0
9321,4995711,0
9322,4995711,0
9323,4996003,6
9324,4996003,6
9325,4995711,0
9326,4996003,6
9327,4995711,0
9328,4997460,36
9329,4996586,18
9330,4996586,18
9331,4996440,15
9332,4997169,30
9333,4996003,6
9334,4997751,42
9335,4995711,0
9336,4996003,6
9337,4996003,6
9338,4996003,6
9339,4995711,0
9340,4997897,45
9341,4996440,15
9342,5000521,99
9343,4996586,18
9344,4997023,27
9345,5231132,4737
9346,4997169,30
9347,4995711,0
9348,4996440,15
9349,4995711,0
9350,4996003,6
9351,4996586,18
9352,4995711,0
9353,4995711,0
9354,4996586,18
9355,4996003,6
9356,4998043,48
9357,4995711,0
9358,4995711,0
9359,4995711,0
9360,4996003,6
9361,4995711,0
9362,5003293,156
9363,4996586,18
9364,4998626,60
9365,4995711,0
9366,4998189,51
9367,4995711,0
9368,4996586,18
9369,4996003,6
9370,4996440,15
9371,4995711,0
9372,4996586,18
9373,4996003,6
9374,4996003,6
9375,4997897,45
9376,4996586,18
9377,4996003,6
9378,4995711,0
9379,4996003,6
9380,4997897,45
9381,4996003,6
9382,4996003,6
9383,4997169,30
9384,4996003,6
9385,4996440,15
9386,4995711,0
9387,4995711,0
9388,4996003,6
9389,4995711,0
9390,4996003,6
9391,4996003,6
9392,4995711,0
9393,4996003,6
9394,4996003,6
9395,4996003,6
9396,5000084,90
9397,4996003,6
9398,5002709,144
9399,5000084,90
9400,4995711,0
9401,4997169,30
9402,4996003,6
9403,4996586,18
9404,4996586,18
9405,4997023,27
9406,4996586,18
9407,4996003,6
9408,5054623,1206
9409,4995711,0
9410,4996003,6
9411,4996003,6
9412,4995711,0
9413,4996440,15
9414,4996003,6
9415,4995711,0
9416,4996586,18
9417,4996586,18
9418,5000084,90
9419,4995711,0
9420,4996586,18
9421,4995711,0
9422,4996440,15
9423,4995711,0
9424,4998918,66
9425,4995711,0
9426,5002709,144
9427,4997169,30
9428,5014833,393
9429,4995711,0
9430,4996003,6
9431,4998772,63
9432,4996440,15
9433,4996586,18
9434,4996586,18
9435,4996440,15
9436,4995711,0
9437,4997460,36
9438,4996440,15
9439,4995711,0
9440,5002709,144
9441,4996586,18
9442,4997897,45
9443,4996440,15
9444,5021565,531
9445,4995711,0
9446,4996003,6
9447,4997897,45
9448,4996003,6
9449,4995711,0
9450,4995711,0
9451,4996003,6
9452,4996586,18
9453,4996003,6
9454,4996003,6
9455,4995711,0
9456,4997897,45
9457,4996003,6
9458,4996440,15
9459,4996440,15
9460,4996003,6
9461,5005190,195
9462,4996586,18
9463,4996440,15
9464,4996003,6
9465,4996440,15
9466,4995711,0
9467,4995711,0
9468,4995711,0
9469,4995711,0
9470,4996586,18
9471,4996003,6
9472,5000084,90
9473,4996440,15
9474,5002709,144
9475,4996586,18
9476,4996003,6
9477,4996003,6
9478,4995711,0
9479,4997023,27
9480,4996586,18
9481,5001105,111
9482,5025374,609
9483,4996003,6
9484,4996003,6
9485,4997169,30
9486,4995711,0
9487,4996586,18
9488,4996003,6
9489,5000084,90
9490,4997169,30
9491,4997023,27
9492,4997169,30
9493,4997169,30
9494,4996003,6
9495,5005044,192
9496,4995711,0
9497,5002563,141
9498,4995711,0
9499,4995711,0
9500,4995711,0
9501,4997460,36
9502,5003293,156
9503,4996003,6
9504,4996003,6
9505,4995711,0
9506,4995711,0
9507,4996003,6
9508,4995711,0
9509,5000084,90
9510,4995711,0
9511,4996003,6
9512,4997023,27
9513,4996003,6
9514,4996003,6
9515,4996003,6
9516,5264034,5382
9517,4997169,30
9518,4996440,15
9519,4997169,30
9520,5005336,198
9521,4996003,6
9522,4995711,0
9523,5001105,111
9524,4996003,6
9525,4996440,15
9526,4995711,0
9527,4996440,15
9528,4996003,6
9529,4996586,18
9530,4995711,0
9531,4996440,15
9532,4995711,0
9533,4996440,15
9534,4996440,15
9535,4996003,6
9536,5002709,144
9537,4996003,6
9538,4997169,30
9539,4995711,0
9540,4995711,0
9541,4995711,0
9542,4996003,6
9543,4996003,6
9544,5002709,144
9545,4996586,18
9546,4996003,6
9547,4995711,0
9548,4996586,18
9549,4996003,6
9550,4996003,6
9551,4996586,18
9552,4996440,15
9553,4996003,6
9554,4996586,18
9555,4996440,15
9556,4996003,6
9557,4996003,6
9558,4996586,18
9559,4996003,6
9560,5024934,600
9561,4997169,30
9562,4996003,6
9563,4996003,6
9564,4996003,6
9565,4996003,6
9566,4996586,18
9567,4997169,30
9568,4996003,6
9569,4995711,0
9570,4995711,0
9571,5024934,600
9572,4996440,15
9573,4997169,30
9574,4995711,0
9575,4997897,45
9576,4995711,0
9577,4997897,45
9578,4996003,6
9579,4996586,18
9580,4996003,6
9581,4996003,6
9582,4995711,0
9583,5025374,609
9584,4996440,15
9585,4996003,6
9586,4997460,36
9587,4995711,0
9588,4996586,18
9589,4996003,6
9590,4997751,42
9591,4996003,6
9592,4995711,0
9593,5002709,144
9594,4996586,18
9595,4996003,6
9596,4996003,6
9597,4999792,84
9598,4996003,6
9599,4996003,6
9600,4995711,0
9601,4996440,15
9602,5000521,99
9603,5001980,129
9604,5005336,198
9605,4996003,6
9606,4996586,18
9607,4998043,48
9608,4996003,6
9609,5003293,156
9610,4996003,6
9611,4997023,27
9612,4997897,45
9613,4995711,0
9614,5000521,99
9615,4996003,6
9616,4996003,6
9617,5002709,144
9618,5003293,156
9619,4996003,6
9620,4996586,18
9621,4997897,45
9622,4996003,6
9623,4996586,18
9624,4996586,18
9625,4998189,51
9626,4996003,6
9627,4995711,0
9628,4995711,0
9629,4996003,6
9630,4995711,0
9631,4996586,18
9632,4995711,0
9633,4996440,15
9634,4998189,51
9635,4996003,6
9636,4996440,15
9637,4997169,30
9638,4997023,27
9639,4996003,6
9640,4996440,15
9641,4996003,6
9642,4996003,6
9643,4995711,0
9644,4995711,0
9645,4995711,0
9646,4999209,72
9647,4996440,15
9648,4995711,0
9649,5000084,90
9650,4995711,0
9651,4995711,0
9652,5005044,192
9653,4995711,0
9654,4997460,36
9655,5000084,90
9656,4995711,0
9657,4996003,6
9658,4996440,15
9659,4995711,0
9660,4996586,18
9661,4997169,30
9662,4996586,18
9663,4995711,0
9664,4997023,27
9665,5001251,114
9666,4996586,18
9667,4997023,27
9668,4995711,0
9669,4996003,6
9670,4995711,0
9671,4996586,18
9672,5000521,99
9673,4997023,27
9674,4996003,6
9675,4996440,15
9676,4997169,30
9677,4995711,0
9678,4995711,0
9679,4996440,15
9680,5000084,90
9681,4996003,6
9682,4996440,15
9683,4996003,6
9684,4995711,0
9685,4997169,30
9686,4996440,15
9687,5002563,141
9688,4996003,6
9689,4997897,45
9690,4996586,18
9691,4996003,6
9692,4996003,6
9693,4996003,6
9694,4995711,0
9695,4997169,30
9696,4995711,0
9697,4996586,18
9698,4995711,0
9699,4995711,0
9700,4995711,0
9701,4997169,30
9702,4995711,0
9703,4997169,30
9704,4996003,6
9705,4998043,48
9706,4997023,27
9707,4996440,15
9708,4997023,27
9709,4996440,15
9710,4996586,18
9711,4996003,6
9712,4997897,45
9713,4996003,6
9714,4996586,18
9715,4996440,15
9716,4996003,6
9717,4996003,6
9718,5000084,90
9719,4996440,15
9720,4996440,15
9721,4996440,15
9722,4996440,15
9723,4997169,30
9724,4997897,45
9725,4996003,6
9726,4995711,0
9727,4996440,15
9728,4995711,0
9729,4996440,15
9730,5003293,156
9731,4995711,0
9732,4996003,6
9733,4996003,6
9734,4996586,18
9735,4996003,6
9736,4995711,0
9737,4996003,6
9738,4996003,6
9739,4995711,0
9740,4995711,0
9741,4996003,6
9742,4995711,0
9743,4996003,6
9744,4996003,6
9745,4997897,45
9746,4997169,30
9747,4996440,15
9748,4995711,0
9749,4997460,36
9750,4996003,6
9751,4996003,6
9752,5000521,99
9753,4996003,6
9754,4995711,0
9755,4996003,6
9756,5000084,90
9757,4996440,15
9758,4995711,0
9759,4997023,27
9760,4997460,36
9761,4996003,6
9762,4996003,6
9763,4996440,15
9764,4995711,0
9765,4996586,18
9766,4995711,0
9767,4995711,0
9768,4996586,18
9769,4995711,0
9770,4996586,18
9771,5002709,144
9772,4996003,6
9773,4995711,0
9774,4995711,0
9775,4997023,27
9776,4996003,6
9777,5000084,90
9778,4995711,0
9779,4996003,6
9780,4997460,36
9781,4996003,6
9782,4996586,18
9783,4996003,6
9784,4996003,6
9785,5020979,519
9786,4996003,6
9787,5013956,375
9788,4995711,0
9789,4996003,6
9790,4996003,6
9791,4997169,30
9792,4995711,0
9793,4999501,78
9794,4996440,15
9795,4995711,0
9796,4996586,18
9797,4996003,6
9798,5024495,591
9799,4995711,0
9800,4996586,18
9801,4996586,18
9802,5000521,99
9803,4996003,6
9804,4996003,6
9805,4996003,6
9806,4996003,6
9807,5024934,600
9808,4996003,6
9809,4995711,0
9810,4996586,18
9811,4996586,18
9812,4995711,0
9813,4996003,6
9814,4995711,0
9815,5003293,156
9816,5002709,144
9817,4995711,0
9818,4995711,0
9819,5000084,90
9820,4995711,0
9821,4997169,30
9822,4995711,0
9823,4997169,30
9824,4998918,66
9825,4995711,0
9826,4995711,0
9827,4996440,15
9828,4996003,6
9829,4996440,15
9830,5002709,144
9831,4995711,0
9832,4996003,6
9833,4996440,15
9834,4995711,0
9835,5006650,225
9836,4996003,6
9837,4996003,6
9838,4995711,0
9839,4996586,18
9840,5000084,90
9841,4995711,0
9842,4995711,0
9843,4996440,15
9844,4998043,48
9845,4995711,0
9846,4996003,6
9847,4996003,6
9848,4999063,69
9849,4995711,0
9850,4996003,6
9851,4995711,0
9852,5003147,153
9853,4998043,48
9854,4996003,6
9855,4996586,18
9856,4996003,6
9857,4998189,51
9858,4995711,0
9859,4995711,0
9860,4995711,0
9861,4995711,0
9862,5003293,156
9863,4995711,0
9864,5002709,144
9865,4996003,6
9866,4996440,15
9867,5001980,129
9868,4996440,15
9869,4996586,18
9870,4996003,6
9871,4996003,6
9872,4997169,30
9873,5003293,156
9874,4995711,0
9875,4997169,30
9876,4997460,36
9877,4995711,0
9878,4996440,15
9879,4997169,30
9880,4995711,0
9881,4996003,6
9882,4997897,45
9883,4995711,0
9884,4997023,27
9885,4995711,0
9886,4996003,6
9887,4996003,6
9888,4995711,0
9889,4995711,0
9890,5123933,2607
9891,4996003,6
9892,4996003,6
9893,5000084,90
9894,4995711,0
9895,4996003,6
9896,4996003,6
9897,4995711,0
9898,4996003,6
9899,4995711,0
9900,4996003,6
9901,4996586,18
9902,4996586,18
9903,4995711,0
9904,4996003,6
9905,4996003,6
9906,4995711,0
9907,4996586,18
9908,4996440,15
9909,4996586,18
9910,4995711,0
9911,4996586,18
9912,4995711,0
9913,4997169,30
9914,4996003,6
9915,4997169,30
9916,4995711,0
9917,4995711,0
9918,4996440,15
9919,4995711,0
9920,5001980,129
9921,4995711,0
9922,5000084,90
9923,4995711,0
9924,4995711,0
9925,4996003,6
9926,4996440,15
9927,5024934,600
9928,5001251,114
9929,4996586,18
9930,5002709,144
9931,4996003,6
9932,4996003,6
9933,5001251,114
9934,4997169,30
9935,4995711,0
9936,4995711,0
9937,4999501,78
9938,4996586,18
9939,4995711,0
9940,4995711,0
9941,4998189,51
9942,5001105,111
9943,4995711,0
9944,4998189,51
9945,4997023,27
9946,4996003,6
9947,5011909,333
9948,4997169,30
9949,4996586,18
9950,4995711,0
9951,4995711,0
9952,5003293,156
9953,4997023,27
9954,4996440,15
9955,4995711,0
9956,4996586,18
9957,4996586,18
9958,5000084,90
9959,4996003,6
9960,4996440,15
9961,4996586,18
9962,4995711,0
9963,4996586,18
9964,4995711,0
9965,4995711,0
9966,4996440,15
9967,4995711,0
9968,4997169,30
9969,4995711,0
9970,4996586,18
9971,4995711,0
9972,4995711,0
9973,4996440,15
9974,4995711,0
9975,4996003,6
9976,4998918,66
9977,4996003,6
9978,4995711,0
9979,4995711,0
9980,4995711,0
9981,4996003,6
9982,4996586,18
9983,4996586,18
9984,4995711,0
9985,4997169,30
9986,4995711,0
9987,4996003,6
9988,4996003,6
9989,4995711,0
9990,4997169,30
9991,4996003,6
9992,4996003,6
9993,5002709,144
9994,4996003,6
9995,5022444,549
9996,4996003,6
9997,4995711,0
9998,4996440,15
9999,4996003,6
10000,4995711,0
10001,4996003,6
10002,5002563,141
10003,4997169,30
10004,4995711,0
10005,4995711,0
10006,4995711,0
10007,4996440,15
10008,4996003,6
10009,4996440,15
10010,4997023,27
10011,4995711,0
10012,5000084,90
10013,4996440,15
10014,4995711,0
10015,4996586,18
10016,4995711,0
10017,4996003,6
10018,4996440,15
10019,4996003,6
10020,4996586,18
10021,4996440,15
10022,5001105,111
10023,4995711,0
10024,4995711,0
10025,4997169,30
10026,4996003,6
10027,4995711,0
10028,4996440,15
10029,4996586,18
10030,4997023,27
10031,4996440,15
10032,4997023,27
10033,5000521,99
10034,4996440,15
10035,4996003,6
10036,4995711,0
10037,4996003,6
10038,5002709,144
10039,4996003,6
10040,5002709,144
10041,4996586,18
10042,4996440,15
10043,4996440,15
10044,4996440,15
10045,4995711,0
10046,4996003,6
10047,4996003,6
10048,4996440,15
10049,4996440,15
10050,4996003,6
10051,4996003,6
10052,4996003,6
10053,4996003,6
10054,4995711,0
10055,4995711,0
10056,4996003,6
10057,4997169,30
10058,4996003,6
10059,4996586,18
10060,4995711,0
10061,4996003,6
10062,4995711,0
10063,4996003,6
10064,5000084,90
10065,4996003,6
10066,4996003,6
10067,4996003,6
10068,4996003,6
10069,4995711,0
10070,4995711,0
10071,4996003,6
10072,4996440,15
10073,4995711,0
10074,4995711,0
10075,4995711,0
10076,4995711,0
10077,4996440,15
10078,4995711,0
10079,5004169,174
10080,4995711,0
10081,4996440,15
10082,4996440,15
10083,4995711,0
10084,4996003,6
10085,4996586,18
10086,4996003,6
10087,4996003,6
10088,4995711,0
10089,4998189,51
10090,4996003,6
10091,4995711,0
10092,4995711,0
10093,4996440,15
10094,4995711,0
10095,5005336,198
10096,4995711,0
10097,4995711,0
10098,5000521,99
10099,4996586,18
10100,4995711,0
10101,5037553,858
10102,4995711,0
10103,4996003,6
10104,5000521,99
10105,4996586,18
10106,5394735,7905
10107,4995711,0
10108,5000084,90
10109,4996586,18
10110,4996586,18
10111,5006358,219
10112,4995711,0
10113,4996003,6
10114,4995711,0
10115,4995711,0
10116,4996003,6
10117,4996003,6
10118,4996003,6
10119,5000084,90
10120,5007088,234
10121,4996586,18
10122,4996003,6
10123,4995711,0
10124,4996003,6
10125,4995711,0
10126,4996586,18
10127,4996003,6
10128,4995711,0
10129,4997460,36
10130,4995711,0
10131,4997169,30
10132,4997169,30
10133,4997023,27
10134,5025374,609
10135,4996003,6
10136,4997169,30
10137,4998043,48
10138,4995711,0
10139,4997751,42
10140,4996003,6
10141,4996586,18
10142,5025960,621
10143,4998189,51
10144,4996440,15
10145,4996586,18
10146,4996440,15
10147,5014102,378
10148,4998772,63
10149,4998626,60
10150,4996586,18
10151,4996003,6
10152,4998189,51
10153,4996003,6
10154,5008841,270
10155,4996440,15
10156,4995711,0
10157,4997023,27
10158,4995711,0
10159,4998918,66
10160,4997169,30
10161,5013225,360
10162,4995711,0
10163,4995711,0
10164,4996003,6
10165,4995711,0
10166,4996003,6
10167,4996586,18
10168,4996440,15
10169,4998626,60
10170,4996003,6
10171,4996440,15
10172,4996440,15
10173,4995711,0
10174,4996440,15
10175,4995711,0
10176,4996440,15
10177,4995711,0
10178,4996586,18
10179,4996003,6
10180,4996003,6
10181,4995711,0
10182,4998043,48
10183,4995711,0
10184,4996003,6
10185,4995711,0
10186,4996003,6
10187,4997023,27
10188,4995711,0
10189,4996003,6
10190,4996003,6
10191,4997169,30
10192,4996003,6
10193,4996440,15
10194,4996003,6
10195,5013517,366
10196,4997897,45
10197,4997169,30
10198,4996003,6
10199,4996003,6
10200,4995711,0
10201,4995711,0
10202,4997169,30
10203,4996003,6
10204,4995711,0
10205,4995711,0
10206,4995711,0
10207,4995711,0
10208,4996440,15
10209,4995711,0
10210,4995711,0
10211,4995711,0
10212,4995711,0
10213,4996586,18
10214,4996440,15
10215,4995711,0
10216,4995711,0
10217,5000521,99
10218,4996003,6
10219,4997169,30
10220,4996440,15
10221,5000521,99
10222,4995711,0
10223,4996586,18
10224,4996003,6
10225,4995711,0
10226,5001105,111
10227,4997023,27
10228,4996003,6
10229,5002709,144
10230,4995711,0
10231,5000521,99
10232,4996003,6
10233,4996586,18
10234,4995711,0
10235,4996003,6
10236,4997023,27
10237,4997169,30
10238,4995711,0
10239,4996586,18
10240,4997023,27
10241,4996003,6
10242,4996003,6
10243,4996003,6
10244,4995711,0
10245,4995711,0
10246,4997460,36
10247,4996003,6
10248,4997169,30
10249,4996003,6
10250,4996440,15
10251,4996003,6
10252,4995711,0
10253,4996003,6
10254,4996003,6
10255,4996003,6
10256,4995711,0
10257,4995711,0
10258,4996003,6
10259,4996003,6
10260,4996003,6
10261,4997897,45
10262,4995711,0
10263,4996003,6
10264,4996003,6
10265,4995711,0
10266,4996586,18
10267,4996003,6
10268,4996003,6
10269,4995711,0
10270,4996440,15
10271,4996003,6
10272,4995711,0
10273,4997169,30
10274,4997169,30
10275,5000521,99
10276,4996586,18
10277,4995711,0
10278,4996003,6
10279,4996586,18
10280,4997169,30
10281,4996003,6
10282,4996586,18
10283,4996003,6
10284,4996586,18
10285,4997169,30
10286,4997169,30
10287,4996586,18
10288,4996003,6
10289,4996586,18
10290,4995711,0
10291,5004023,171
10292,5000521,99
10293,4996440,15
10294,4996586,18
10295,4996003,6
10296,4996003,6
10297,4995711,0
10298,4996003,6
10299,4997169,30
10300,4996003,6
10301,4996003,6
10302,4996440,15
10303,4997460,36
10304,4996003,6
10305,4995711,0
10306,5356016,7164
10307,4996003,6
10308,4996586,18
10309,4995711,0
10310,4996440,15
10311,5000521,99
10312,4995711,0
10313,4996586,18
10314,4996003,6
10315,4995711,0
10316,4995711,0
10317,4996440,15
10318,4995711,0
10319,4996003,6
10320,4997169,30
10321,4996440,15
10322,5003293,156
10323,4996003,6
10324,4996003,6
10325,4995711,0
10326,4996586,18
10327,4996003,6
10328,4996003,6
10329,4995711,0
10330,4996003,6
10331,4996440,15
10332,4996003,6
10333,4996586,18
10334,4995711,0
10335,4996586,18
10336,4996440,15
10337,4997169,30
10338,4996440,15
10339,4996003,6
10340,5001980,129
10341,4996440,15
10342,4995711,0
10343,5002709,144
10344,4996440,15
10345,4996003,6
10346,4996003,6
10347,4997897,45
10348,4996586,18
10349,4997460,36
10350,5008110,255
10351,4996003,6
10352,4996003,6
10353,4995711,0
10354,4995711,0
10355,4995711,0
10356,4996440,15
10357,4995711,0
10358,5000084,90
10359,4997897,45
10360,4996003,6
10361,4996003,6
10362,4995711,0
10363,4996003,6
10364,4996003,6
10365,4998189,51
10366,4996586,18
10367,5000084,90
10368,4996003,6
10369,5002709,144
10370,4995711,0
10371,4997751,42
10372,4996003,6
10373,4995711,0
10374,4996003,6
10375,4996586,18
10376,4995711,0
10377,4995711,0
10378,4996003,6
10379,4996003,6
10380,5001251,114
10381,4996003,6
10382,5003293,156
10383,5001980,129
10384,4996003,6
10385,4995711,0
10386,4995711,0
10387,4997169,30
10388,4996003,6
10389,5003293,156
10390,4997023,27
10391,4997169,30
10392,4999063,69
10393,4996003,6
10394,4995711,0
10395,4995711,0
10396,4996586,18
10397,4996003,6
10398,4996003,6
10399,5008110,255
10400,4995711,0
10401,5007964,252
10402,4996003,6
10403,4995711,0
10404,4996003,6
10405,4996586,18
10406,4996003,6
10407,4997169,30
10408,4996440,15
10409,4997023,27
10410,4997169,30
10411,4996003,6
10412,4995711,0
10413,4995711,0
10414,4998189,51
10415,4996586,18
10416,4997023,27
10417,4996003,6
10418,5010740,309
10419,4996440,15
10420,5000521,99
10421,4997169,30
10422,4995711,0
10423,4995711,0
10424,4995711,0
10425,4997169,30
10426,4996003,6
10427,4996003,6
10428,4996003,6
10429,4995711,0
10430,4997023,27
10431,4995711,0
10432,5000084,90
10433,4997460,36
10434,4997023,27
10435,4995711,0
10436,4995711,0
10437,5001105,111
10438,4995711,0
10439,4996003,6
10440,4998189,51
10441,4996003,6
10442,4996003,6
10443,4996586,18
10444,4996586,18
10445,4996586,18
10446,4997169,30
10447,4995711,0
10448,4996586,18
10449,4996003,6
10450,4996440,15
10451,4996003,6
10452,5000084,90
10453,4996003,6
10454,4996003,6
10455,4996003,6
10456,4995711,0
10457,4995711,0
10458,4996440,15
10459,5001251,114
10460,4995711,0
10461,4996440,15
10462,4996586,18
10463,5004023,171
10464,4995711,0
10465,4995711,0
10466,4995711,0
10467,4996003,6
10468,5002709,144
10469,4995711,0
10470,4996003,6
10471,4995711,0
10472,4996003,6
10473,4996003,6
10474,4995711,0
10475,4995711,0
10476,4997169,30
10477,4997897,45
10478,4997023,27
10479,4995711,0
10480,4995711,0
10481,4997023,27
10482,4996003,6
10483,4995711,0
10484,5433893,8649
10485,4995711,0
10486,4996003,6
10487,4996003,6
10488,4996003,6
10489,4996003,6
10490,4995711,0
10491,4995711,0
10492,5000084,90
10493,4996003,6
10494,4996003,6
10495,4996003,6
10496,5024934,600
10497,4995711,0
10498,4996003,6
10499,4996003,6
10500,4996003,6
10501,4996440,15
10502,4996586,18
10503,4997169,30
10504,4995711,0
10505,5011471,324
10506,4996586,18
10507,4996440,15
10508,4996586,18
10509,4996003,6
10510,4996003,6
10511,5002709,144
10512,5000084,90
10513,5008256,258
10514,4997169,30
10515,4995711,0
10516,4996003,6
10517,4995711,0
10518,4996586,18
10519,4996003,6
10520,4996003,6
10521,4996440,15
10522,4997023,27
10523,4995711,0
10524,4996003,6
10525,4996003,6
10526,4996440,15
10527,4996003,6
10528,4995711,0
10529,4996003,6
10530,4997169,30
10531,4996003,6
10532,4997169,30
10533,4996003,6
10534,4996003,6
10535,4997023,27
10536,4995711,0
10537,4995711,0
10538,4996003,6
10539,5361798,7275
10540,4996440,15
10541,4996003,6
10542,4996586,18
10543,4997897,45
10544,5007380,240
10545,4995711,0
10546,5004169,174
10547,5000084,90
10548,4995711,0
10549,4996003,6
10550,4996003,6
10551,4996586,18
10552,4996003,6
10553,4998772,63
10554,4996440,15
10555,4996003,6
10556,4995711,0
10557,4996003,6
10558,4995711,0
10559,4996003,6
10560,4996003,6
10561,4998918,66
10562,4995711,0
10563,4995711,0
10564,4996003,6
10565,4996440,15
10566,4995711,0
10567,4995711,0
10568,4996003,6
10569,4996003,6
10570,4996586,18
10571,5004169,174
10572,4996003,6
10573,4997169,30
10574,4997460,36
10575,4997460,36
10576,4996003,6
10577,4996440,15
10578,4996586,18
10579,4997169,30
10580,4995711,0
10581,4997169,30
10582,5002709,144
10583,4996003,6
10584,5000521,99
10585,4996003,6
10586,4996003,6
10587,4996003,6
10588,4996003,6
10589,4996003,6
10590,4996003,6
10591,4997460,36
10592,4995711,0
10593,4996440,15
10594,4995711,0
10595,4995711,0
10596,4995711,0
10597,4997169,30
10598,4995711,0
10599,5000084,90
10600,5005044,192
10601,4996440,15
10602,4996440,15
10603,4996440,15
10604,4996003,6
10605,5000521,99
10606,4997169,30
10607,4995711,0
10608,4996003,6
10609,4997460,36
10610,4996440,15
10611,4995711,0
10612,4996003,6
10613,4997897,45
10614,4996003,6
10615,4995711,0
10616,4995711,0
10617,4995711,0
10618,4996440,15
10619,4996003,6
10620,4996003,6
10621,4996003,6
10622,5001251,114
10623,4996003,6
10624,4995711,0
10625,4996003,6
10626,4996003,6
10627,4995711,0
10628,4995711,0
10629,5014394,384
10630,4995711,0
10631,4997897,45
10632,4996003,6
10633,4995711,0
10634,4996440,15
10635,4997897,45
10636,4996586,18
10637,4995711,0
10638,5000084,90
10639,4997460,36
10640,4995711,0
10641,4996003,6
10642,4996586,18
10643,4995711,0
10644,4996003,6
10645,4996003,6
10646,5004023,171
10647,4996003,6
10648,4996440,15
10649,5000084,90
10650,4996586,18
10651,4996586,18
10652,4996003,6
10653,4998189,51
10654,4996440,15
10655,4995711,0
10656,4995711,0
10657,4996003,6
10658,4995711,0
10659,4997023,27
10660,4996003,6
10661,4999063,69
10662,4995711,0
10663,4996003,6
10664,4996440,15
10665,4996003,6
10666,4996003,6
10667,5017613,450
10668,4999209,72
10669,4995711,0
10670,4996440,15
10671,5005628,204
10672,4996586,18
10673,4996440,15
10674,4999938,87
10675,4995711,0
10676,4997460,36
10677,5026400,630
10678,5003293,156
10679,4997169,30
10680,4996003,6
10681,4996003,6
10682,4995711,0
10683,4996003,6
10684,4996003,6
10685,4995711,0
10686,4996440,15
10687,4996003,6
10688,4996003,6
10689,4996586,18
10690,4996586,18
10691,4996003,6
10692,4996003,6
10693,4999501,78
10694,4996440,15
10695,4997169,30
10696,5003293,156
10697,4997460,36
10698,4995711,0
10699,5000521,99
10700,4997897,45
10701,4995711,0
10702,4996586,18
10703,4995711,0
10704,4995711,0
10705,4995711,0
10706,4996440,15
10707,4996586,18
10708,4996003,6
10709,4996003,6
10710,4995711,0
10711,4995711,0
10712,4996586,18
10713,4995711,0
10714,4997169,30
10715,4997169,30
10716,4997023,27
10717,4995711,0
10718,4996003,6
10719,4996003,6
10720,5000084,90
10721,4997169,30
10722,4995711,0
10723,5002563,141
10724,5344158,6936
10725,5000521,99
10726,4996440,15
10727,4995711,0
10728,4996003,6
10729,4995711,0
10730,4996440,15
10731,4995711,0
10732,4996003,6
10733,4996586,18
10734,4996003,6
10735,4995711,0
10736,4995711,0
10737,4996003,6
10738,4996003,6
10739,4997023,27
10740,4996003,6
10741,4995711,0
10742,5003293,156
10743,4997169,30
10744,4995711,0
10745,4997169,30
10746,4997460,36
10747,4996003,6
10748,4995711,0
10749,4995711,0
10750,4997169,30
10751,4996003,6
10752,4995711,0
10753,4997897,45
10754,4997169,30
10755,4996586,18
10756,5004023,171
10757,4996003,6
10758,4998043,48
10759,4996003,6
10760,4995711,0
10761,4996003,6
10762,4996586,18
10763,4995711,0
10764,4996003,6
10765,4995711,0
10766,4995711,0
10767,4996440,15
10768,4996003,6
10769,5000084,90
10770,4997169,30
10771,4995711,0
10772,4996586,18
10773,4996003,6
10774,5012055,336
10775,4997023,27
10776,4997169,30
10777,4996440,15
10778,4996003,6
10779,4996003,6
10780,4995711,0
10781,5000084,90
10782,4996440,15
10783,4996440,15
10784,4996003,6
10785,4996440,15
10786,4995711,0
10787,4995711,0
10788,4996003,6
10789,5002563,141
10790,4995711,0
10791,4996440,15
10792,4995711,0
10793,4997460,36
10794,4995711,0
10795,4995711,0
10796,4995711,0
10797,4996440,15
10798,5003001,150
10799,4995711,0
10800,4995711,0
10801,4996003,6
10802,4997169,30
10803,4995711,0
10804,6220524,22557
10805,4997169,30
10806,4998918,66
10807,4999063,69
10808,4996003,6
10809,4995711,0
10810,4995711,0
10811,4998043,48
10812,5001251,114
10813,4998772,63
10814,4995711,0
10815,4997169,30
10816,4996440,15
10817,4996003,6
10818,4996003,6
10819,4995711,0
10820,4996440,15
10821,4995711,0
10822,4995711,0
10823,4996440,15
10824,4996003,6
10825,4995711,0
10826,4996586,18
10827,4996586,18
10828,4995711,0
10829,4996003,6
10830,5000084,90
10831,4997460,36
10832,4996440,15
10833,4997897,45
10834,4996440,15
10835,4996003,6
10836,4995711,0
10837,4996003,6
10838,4996003,6
10839,4996440,15
10840,4995711,0
10841,4995711,0
10842,4997169,30
10843,4995711,0
10844,4996003,6
10845,4995711,0
10846,4996003,6
10847,4996003,6
10848,4996440,15
10849,4995711,0
10850,4995711,0
10851,4997169,30
10852,4998189,51
10853,4995711,0
10854,5002709,144
10855,4995711,0
10856,4995711,0
10857,5003293,156
10858,4996003,6
10859,4996003,6
10860,4996003,6
10861,4995711,0
10862,4998189,51
10863,4996003,6
10864,4996586,18
10865,4997897,45
10866,4995711,0
10867,4997169,30
10868,4995711,0
10869,5001105,111
10870,4996586,18
10871,4996003,6
10872,4996003,6
10873,4997023,27
10874,4995711,0
10875,4996586,18
10876,5000084,90
10877,4996003,6
10878,4995711,0
10879,4996003,6
10880,4996440,15
10881,5002272,135
10882,4996003,6
10883,4995711,0
10884,4995711,0
10885,4996003,6
10886,4996586,18
10887,4995711,0
10888,4996003,6
10889,4996003,6
10890,4997169,30
10891,4998043,48
10892,4997169,30
10893,4995711,0
10894,4995711,0
10895,4995711,0
10896,4996586,18
10897,4996440,15
10898,4996586,18
10899,4996586,18
10900,4996003,6
10901,4996586,18
10902,4997169,30
10903,4996003,6
10904,4995711,0
10905,4995711,0
10906,4996003,6
10907,4997169,30
10908,5024934,600
10909,4996003,6
10910,4996586,18
10911,4996003,6
10912,4997460,36
10913,5000521,99
10914,4995711,0
10915,4995711,0
10916,4998918,66
10917,5000521,99
10918,4996586,18
10919,4997169,30
10920,4996003,6
10921,5002563,141
10922,4997023,27
10923,4995711,0
10924,4996003,6
10925,5000084,90
10926,5018783,474
10927,4996003,6
10928,4998189,51
10929,4995711,0
10930,5000521,99
10931,4996440,15
10932,4995711,0
10933,4996003,6
10934,4996440,15
10935,4996440,15
10936,4996440,15
10937,5002709,144
10938,4996003,6
10939,4995711,0
10940,4995711,0
10941,4995711,0
10942,4996003,6
10943,4996003,6
10944,4996586,18
10945,4995711,0
10946,4997023,27
10947,4996003,6
10948,4996586,18
10949,4995711,0
10950,5000084,90
10951,4997169,30
10952,5000521,99
10953,4995711,0
10954,4995711,0
10955,4995711,0
10956,4996003,6
10957,4995711,0
10958,5594857,11652
10959,4995711,0
10960,4995711,0
10961,4997023,27
10962,4996586,18
10963,4996003,6
10964,4996003,6
10965,5179067,3708
10966,4997169,30
10967,4995711,0
10968,4995711,0
10969,4996003,6
10970,4995711,0
10971,4996003,6
10972,4996440,15
10973,5026107,624
10974,5000521,99
10975,5000084,90
10976,4996440,15
10977,4995711,0
10978,4995711,0
10979,5001980,129
10980,4995711,0
10981,4995711,0
10982,4996586,18
10983,4995711,0
10984,4996003,6
10985,4996003,6
10986,4995711,0
10987,4996440,15
10988,4995711,0
10989,5004169,174
10990,4996586,18
10991,4996440,15
10992,4995711,0
10993,4996003,6
10994,4996003,6
10995,4996440,15
10996,4997023,27
10997,4996586,18
10998,4995711,0
10999,4996586,18
11000,4996003,6
11001,5000084,90
11002,4995711,0
11003,4996586,18
11004,4996003,6
11005,5003147,153
11006,4996440,15
11007,4996440,15
11008,5002709,144
11009,4998189,51
11010,4996003,6
11011,4996003,6
11012,4995711,0
11013,4995711,0
11014,4996003,6
11015,4996003,6
11016,4996003,6
11017,4996586,18
11018,4996003,6
11019,4995711,0
11020,4996586,18
11021,4996003,6
11022,4995711,0
11023,4996440,15
11024,4996003,6
11025,4997023,27
11026,4995711,0
11027,4995711,0
11028,4995711,0
11029,4996003,6
11030,4996003,6
11031,4996440,15
11032,4996440,15
11033,5010886,312
11034,4997169,30
11035,4997169,30
11036,4997169,30
11037,4995711,0
11038,4995711,0
11039,4998918,66
11040,4996003,6
11041,4997169,30
11042,5025374,609
11043,4996003,6
11044,4996586,18
11045,4996003,6
11046,4997751,42
11047,5002709,144
11048,4996586,18
11049,4995711,0
11050,4996440,15
11051,5001251,114
11052,4995711,0
11053,4995711,0
11054,4995711,0
11055,4998772,63
11056,4997169,30
11057,4996003,6
11058,4997897,45
11059,4995711,0
11060,4997169,30
11061,4997460,36
11062,4998772,63
11063,4996440,15
11064,4996003,6
11065,4996003,6
11066,4996586,18
11067,4996586,18
11068,4996003,6
11069,4997023,27
11070,4996003,6
11071,4995711,0
11072,4995711,0
11073,5000084,90
11074,4996003,6
11075,4998189,51
11076,4996003,6
11077,4997169,30
11078,4996003,6
11079,4996003,6
11080,4995711,0
11081,4996003,6
11082,4996440,15
11083,4995711,0
11084,5003293,156
11085,4996003,6
11086,4996003,6
11087,4995711,0
11088,4997169,30
11089,5000084,90
11090,4995711,0
11091,4996003,6
11092,4996003,6
11093,4995711,0
11094,4995711,0
11095,4995711,0
11096,4995711,0
11097,4996440,15
11098,4996003,6
11099,4995711,0
11100,4995711,0
11101,4995711,0
11102,5003293,156
11103,4996003,6
11104,4996003,6
11105,4995711,0
11106,4996003,6
11107,5000521,99
11108,4995711,0
11109,4997897,45
11110,4996440,15
11111,4998043,48
11112,4995711,0
11113,4997169,30
11114,4996003,6
11115,4995711,0
11116,4996440,15
11117,4995711,0
11118,4995711,0
11119,5000084,90
11120,4997897,45
11121,4996440,15
11122,5000521,99
11123,4996003,6
11124,4995711,0
11125,4995711,0
11126,4995711,0
11127,4995711,0
11128,4996440,15
11129,4995711,0
11130,4997897,45
11131,4997023,27
11132,5000084,90
11133,4998043,48
11134,4996586,18
11135,4996586,18
11136,4995711,0
11137,4996003,6
11138,4996440,15
11139,4996586,18
11140,4996586,18
11141,4995711,0
11142,4996440,15
11143,4995711,0
11144,4995711,0
11145,4995711,0
11146,5014394,384
11147,4999938,87
11148,4995711,0
11149,4997897,45
11150,4995711,0
11151,5001105,111
11152,4996440,15
11153,4995711,0
11154,4996003,6
11155,4996440,15
11156,4995711,0
11157,4996586,18
11158,4997023,27
11159,4997169,30
11160,4995711,0
11161,4996003,6
11162,4996003,6
11163,4997460,36
11164,4996586,18
11165,4996003,6
11166,4996003,6
11167,4996586,18
11168,5009425,282
11169,4995711,0
11170,4996440,15
11171,4996003,6
11172,4995711,0
11173,5025374,609
11174,4996003,6
11175,5004169,174
11176,4996003,6
11177,4998189,51
11178,4995711,0
11179,4997023,27
11180,5005190,195
11181,4995711,0
11182,4995711,0
11183,4996003,6
11184,4995711,0
11185,4995711,0
11186,5008841,270
11187,4998043,48
11188,4995711,0
11189,4996003,6
11190,4996003,6
11191,4996586,18
11192,4995711,0
11193,4996003,6
11194,5002709,144
11195,4995711,0
11196,4995711,0
11197,4998772,63
11198,4997169,30
11199,4996003,6
11200,4996003,6
11201,4996586,18
11202,5031239,729
11203,4996003,6
11204,4996440,15
11205,4996003,6
11206,4995711,0
11207,4996003,6
11208,4996003,6
11209,4997460,36
11210,4996003,6
11211,4996003,6
11212,4996003,6
11213,4996440,15
11214,4996003,6
11215,4996003,6
11216,4996003,6
11217,4996440,15
11218,4996003,6
11219,4996003,6
11220,4995711,0
11221,4997169,30
11222,4998189,51
11223,4995711,0
11224,4995711,0
11225,4996586,18
11226,4996003,6
11227,4996003,6
11228,4996003,6
11229,4996586,18
11230,4996586,18
11231,4996003,6
11232,4997460,36
11233,4996586,18
11234,4996003,6
11235,4996003,6
11236,4995711,0
11237,5323315,6534
11238,4996003,6
11239,4996003,6
11240,4996586,18
11241,4996003,6
11242,4996586,18
11243,4999063,69
11244,4996003,6
11245,4995711,0
11246,4996003,6
11247,4996586,18
11248,5016881,435
11249,4996586,18
11250,4996586,18
11251,4996440,15
11252,4996003,6
11253,4996586,18
11254,4997023,27
11255,4996003,6
11256,4995711,0
11257,4996003,6
11258,4996003,6
11259,5002709,144
11260,4996003,6
11261,4997169,30
11262,4996440,15
11263,4996586,18
11264,4996003,6
11265,4995711,0
11266,5004752,186
11267,4997169,30
11268,4995711,0
11269,5000084,90
11270,5011032,315
11271,4995711,0
11272,4996003,6
11273,4995711,0
11274,4998772,63
11275,5067168,1461
11276,4996440,15
11277,4996003,6
11278,4997460,36
11279,4996440,15
11280,4996003,6
11281,4998189,51
11282,4995711,0
11283,4996003,6
11284,4996586,18
11285,4995711,0
11286,4996586,18
11287,4995711,0
11288,4995711,0
11289,4995711,0
11290,5002709,144
11291,4995711,0
11292,4995711,0
11293,4995711,0
11294,4995711,0
11295,4996003,6
11296,4996003,6
11297,4995711,0
11298,4996440,15
11299,4996586,18
11300,4996440,15
11301,4998189,51
11302,4996003,6
11303,4995711,0
11304,4996003,6
11305,4996003,6
11306,5003293,156
11307,4997023,27
11308,4996003,6
11309,5000521,99
11310,5024934,600
11311,4997169,30
11312,4997460,36
11313,4995711,0
11314,4996003,6
11315,5000084,90
11316,5002709,144
11317,4995711,0
11318,4995711,0
11319,4995711,0
11320,4996003,6
11321,4996586,18
11322,4996003,6
11323,5001105,111
11324,4997169,30
11325,4996003,6
11326,4996586,18
11327,4996003,6
11328,4997169,30
11329,4995711,0
11330,4996440,15
11331,5005336,198
11332,4996440,15
11333,4995711,0
11334,4998189,51
11335,4995711,0
11336,4996003,6
11337,4995711,0
11338,5429933,8574
11339,4996003,6
11340,4997169,30
11341,4996003,6
11342,4996440,15
11343,4997023,27
11344,4997897,45
11345,4996003,6
11346,4996440,15
11347,4996003,6
11348,4996586,18
11349,4995711,0
11350,4996003,6
11351,4996003,6
11352,4996003,6
11353,5000084,90
11354,4996440,15
11355,4996586,18
11356,5000084,90
11357,4995711,0
11358,4998043,48
11359,4996586,18
11360,4996440,15
11361,5002709,144
11362,4996003,6
11363,4996586,18
11364,4995711,0
11365,5013225,360
11366,4995711,0
11367,4995711,0
11368,4996003,6
11369,4996586,18
11370,4997169,30
11371,4996003,6
11372,4996003,6
11373,5002709,144
11374,4997897,45
11375,4995711,0
11376,4996003,6
11377,4996003,6
11378,4995711,0
11379,4997169,30
11380,4996003,6
11381,4995711,0
11382,4995711,0
11383,4997169,30
11384,4996003,6
11385,4995711,0
11386,4996003,6
11387,4997169,30
11388,4996003,6
11389,5004169,174
11390,4996586,18
11391,4995711,0
11392,5000084,90
11393,5026107,624
11394,4995711,0
11395,4995711,0
11396,4996586,18
11397,4996003,6
11398,4996586,18
11399,4997751,42
11400,4995711,0
11401,5000084,90
11402,4996003,6
11403,4995711,0
11404,4995711,0
11405,4996586,18
11406,5001251,114
11407,4997460,36
11408,4995711,0
11409,4995711,0
11410,4996003,6
11411,4995711,0
11412,4995711,0
11413,5000084,90
11414,4998043,48
11415,5000084,90
11416,4997460,36
11417,4996586,18
11418,4997169,30
11419,4996003,6
11420,4997023,27
11421,4997023,27
11422,4996003,6
11423,4996003,6
11424,4995711,0
11425,5024934,600
11426,4996003,6
11427,4996003,6
11428,4995711,0
11429,4997460,36
11430,4995711,0
11431,4996003,6
11432,4996003,6
11433,4995711,0
11434,4995711,0
11435,4995711,0
11436,4995711,0
11437,4996440,15
11438,4995711,0
11439,4996440,15
11440,5011324,321
11441,4996003,6
11442,4995711,0
11443,4996586,18
11444,4996003,6
11445,4995711,0
11446,4996440,15
11447,4996440,15
11448,4996003,6
11449,4995711,0
11450,4997169,30
11451,4998772,63
11452,4996440,15
11453,4995711,0
11454,4995711,0
11455,4995711,0
11456,4997897,45
11457,4997169,30
11458,4995711,0
11459,4996003,6
11460,4996586,18
11461,4999063,69
11462,4996003,6
11463,5000084,90
11464,4996586,18
11465,4995711,0
11466,4996003,6
11467,4996440,15
11468,4995711,0
11469,4995711,0
11470,4997460,36
11471,4995711,0
11472,5000521,99
11473,4996440,15
11474,4995711,0
11475,4997169,30
11476,4996586,18
11477,4996440,15
11478,4997169,30
11479,4996440,15
11480,5006066,213
11481,4996003,6
11482,4996440,15
11483,4996586,18
11484,4995711,0
11485,4995711,0
11486,4996586,18
11487,4996003,6
11488,4995711,0
11489,4996586,18
11490,4996003,6
11491,4996003,6
11492,4996586,18
11493,4996003,6
11494,4996586,18
11495,4995711,0
11496,4995711,0
11497,4995711,0
11498,4995711,0
11499,4996440,15
11500,4996440,15
11501,4995711,0
11502,4996003,6
11503,4996440,15
11504,4996003,6
11505,4995711,0
11506,4997460,36
11507,4996003,6
11508,4996003,6
11509,4995711,0
11510,5000084,90
11511,4996440,15
11512,4996003,6
11513,4995711,0
11514,4997169,30
11515,4996003,6
11516,5004169,174
11517,4995711,0
11518,4997169,30
11519,5002709,144
11520,4996003,6
11521,5000084,90
11522,4995711,0
11523,4995711,0
11524,4995711,0
11525,4995711,0
11526,4996440,15
11527,4995711,0
11528,4995711,0
11529,4995711,0
11530,4995711,0
11531,4996003,6
11532,5000084,90
11533,4995711,0
11534,5000084,90
11535,4996003,6
11536,4995711,0
11537,4995711,0
11538,4996003,6
11539,4995711,0
11540,4996586,18
11541,4996003,6
11542,4995711,0
11543,4995711,0
11544,4995711,0
11545,4996003,6
11546,4996003,6
11547,4995711,0
11548,5000084,90
11549,4996586,18
11550,4995711,0
11551,4996003,6
11552,4997169,30
11553,4996003,6
11554,5006066,213
11555,5002855,147
11556,4995711,0
11557,4996586,18
11558,4995711,0
11559,4997169,30
11560,4995711,0
11561,4996003,6
11562,4996003,6
11563,4995711,0
11564,4995711,0
11565,4996440,15
11566,4995711,0
11567,4996003,6
11568,4996003,6
11569,4996003,6
11570,4996003,6
11571,4996586,18
11572,4997460,36
11573,4997023,27
11574,5002709,144
11575,4996586,18
11576,5003147,153
11577,4997169,30
11578,4996003,6
11579,4996003,6
11580,5002709,144
11581,4996586,18
11582,4996586,18
11583,4996003,6
11584,4995711,0
11585,4996440,15
11586,4995711,0
11587,4996003,6
11588,4996003,6
11589,4995711,0
11590,4997460,36
11591,4997460,36
11592,4996586,18
11593,4996440,15
11594,4995711,0
11595,4996003,6
11596,5040051,909
11597,5005336,198
11598,5022590,552
11599,4995711,0
11600,4996003,6
11601,4996586,18
11602,4996586,18
11603,4995711,0
11604,5000084,90
11605,4995711,0
11606,4997897,45
11607,4996586,18
11608,4996003,6
11609,5000084,90
11610,4996440,15
11611,4995711,0
11612,4995711,0
11613,4997897,45
11614,4996003,6
11615,4996003,6
11616,4995711,0
11617,4996003,6
11618,4995711,0
11619,4996003,6
11620,4995711,0
11621,4996586,18
11622,4998772,63
11623,5002709,144
11624,4996440,15
11625,4995711,0
11626,4995711,0
11627,5017466,447
11628,5001251,114
11629,4997751,42
11630,4996440,15
11631,4996586,18
11632,5026400,630
11633,4995711,0
11634,4996440,15
11635,5000230,93
11636,4998189,51
11637,4997169,30
11638,4996003,6
11639,4996003,6
11640,4995711,0
11641,4996586,18
11642,4997169,30
11643,4997897,45
11644,4996003,6
11645,4996586,18
11646,4996586,18
11647,4996003,6
11648,4997897,45
11649,4996003,6
11650,4996003,6
11651,4995711,0
11652,4996003,6
11653,4995711,0
11654,4996586,18
11655,4996003,6
11656,5000084,90
11657,4996586,18
11658,4996003,6
11659,4996586,18
11660,4995711,0
11661,4996003,6
11662,4996003,6
11663,4996003,6
11664,4996003,6
11665,4996003,6
11666,4996003,6
11667,4995711,0
11668,4995711,0
11669,4996003,6
11670,4995711,0
11671,4996003,6
11672,4996586,18
11673,5000084,90
11674,4996003,6
11675,5011763,330
11676,4997169,30
11677,4997023,27
11678,4996003,6
11679,4996003,6
11680,5000521,99
11681,4996003,6
11682,4997169,30
11683,5000959,108
11684,4996586,18
11685,4996003,6
11686,4996003,6
11687,4996003,6
11688,5000084,90
11689,4996003,6
11690,4996586,18
11691,4996440,15
11692,4995711,0
11693,4995711,0
11694,4998043,48
11695,4996586,18
11696,4995711,0
11697,4995711,0
11698,4995711,0
11699,4996003,6
11700,4996586,18
11701,5009279,279
11702,5000521,99
11703,4996003,6
11704,5011471,324
11705,4996003,6
11706,4997169,30
11707,4997169,30
11708,4996003,6
11709,4995711,0
11710,4995711,0
11711,4998189,51
11712,4996440,15
11713,4996440,15
11714,4995711,0
11715,4996586,18
11716,4996586,18
11717,4996003,6
11718,4998043,48
11719,4997169,30
11720,4995711,0
11721,4996003,6
11722,4995711,0
11723,5002709,144
11724,5011909,333
11725,4995711,0
11726,4996586,18
11727,4997169,30
11728,4995711,0
11729,4996586,18
11730,4996003,6
11731,4996586,18
11732,5002709,144
11733,4995711,0
11734,4995711,0
11735,4996003,6
11736,4996003,6
11737,4996003,6
11738,4996586,18
11739,4995711,0
11740,4997169,30
11741,5011032,315
11742,5002709,144
11743,4996003,6
11744,4996003,6
11745,4995711,0
11746,4997751,42
11747,4995711,0
11748,4995711,0
11749,5000084,90
11750,4996586,18
11751,4995711,0
11752,5000084,90
11753,4997023,27
11754,5000084,90
11755,5003293,156
11756,4999063,69
11757,4996003,6
11758,4996003,6
11759,4996003,6
11760,4995711,0
11761,4996003,6
11762,4999063,69
11763,4996586,18
11764,4995711,0
11765,4996003,6
11766,4996003,6
11767,4996003,6
11768,4996586,18
11769,4995711,0
11770,4997169,30
11771,4995711,0
11772,4996440,15
11773,4995711,0
11774,4995711,0
11775,4995711,0
11776,4996003,6
11777,5006942,231
11778,4996586,18
11779,4997897,45
11780,4996586,18
11781,5003293,156
11782,4995711,0
11783,4996440,15
11784,4996440,15
11785,4996003,6
11786,4996003,6
11787,4995711,0
11788,4995711,0
11789,4996586,18
11790,4997169,30
11791,4996003,6
11792,4996003,6
11793,4995711,0
11794,5005336,198
11795,4995711,0
11796,4996003,6
11797,4995711,0
11798,4995711,0
11799,4996003,6
11800,4995711,0
11801,4996440,15
11802,4995711,0
11803,5000084,90
11804,4995711,0
11805,4996003,6
11806,4995711,0
11807,4996003,6
11808,4996586,18
11809,4996003,6
11810,4996003,6
11811,4996003,6
11812,4995711,0
11813,4996003,6
11814,4997169,30
11815,4995711,0
11816,4996586,18
11817,4995711,0
11818,4995711,0
11819,4995711,0
11820,4996003,6
11821,4997460,36
11822,4996003,6
11823,4996003,6
11824,4996003,6
11825,4997169,30
11826,4995711,0
11827,4995711,0
11828,4997169,30
11829,4996586,18
11830,4996003,6
11831,4997897,45
11832,4995711,0
11833,4996003,6
11834,5000084,90
11835,5010009,294
11836,4996440,15
11837,4995711,0
11838,5002709,144
11839,4996003,6
11840,4995711,0
11841,4996003,6
11842,4995711,0
11843,4996003,6
11844,4997897,45
11845,4996003,6
11846,5032120,747
11847,5000521,99
11848,4996003,6
11849,4997169,30
11850,4996003,6
11851,4996586,18
11852,4997169,30
11853,4996003,6
11854,4996003,6
11855,4995711,0
11856,4995711,0
11857,4999063,69
11858,4996003,6
11859,4995711,0
11860,4996003,6
11861,4997169,30
11862,5005336,198
11863,4995711,0
11864,4996003,6
11865,4997023,27
11866,4996003,6
11867,4996586,18
11868,4996003,6
11869,4996440,15
11870,4996003,6
11871,4996003,6
11872,4996003,6
11873,4997897,45
11874,4996003,6
11875,4995711,0
11876,4996586,18
11877,4997169,30
11878,4997460,36
11879,5011471,324
11880,4995711,0
11881,4996003,6
11882,4997897,45
11883,4996586,18
11884,4995711,0
11885,4995711,0
11886,4996003,6
11887,4995711,0
11888,4995711,0
11889,4996003,6
11890,4996003,6
11891,4996440,15
11892,4996586,18
11893,4996003,6
11894,4995711,0
11895,5000521,99
11896,4996003,6
11897,4996003,6
11898,4996586,18
11899,4996003,6
11900,4996586,18
11901,4996003,6
11902,4995711,0
11903,4997169,30
11904,4995711,0
11905,4996003,6
11906,4996440,15
11907,4997023,27
11908,4996586,18
11909,4997169,30
11910,4995711,0
11911,4996440,15
11912,4995711,0
11913,4998918,66
11914,4997460,36
11915,4995711,0
11916,4995711,0
11917,4995711,0
11918,4996003,6
11919,4996440,15
11920,4998626,60
11921,4995711,0
11922,5000084,90
11923,4995711,0
11924,4996003,6
11925,4996003,6
11926,4995711,0
11927,4995711,0
11928,4995711,0
11929,4995711,0
11930,4995711,0
11931,4996003,6
11932,4996003,6
11933,4995711,0
11934,5029772,699
11935,4995711,0
11936,4996003,6
11937,4995711,0
11938,4997023,27
11939,4995711,0
11940,4996440,15
11941,5002563,141
11942,4996003,6
11943,4995711,0
11944,4996586,18
11945,4996003,6
11946,4995711,0
11947,4996586,18
11948,4998189,51
11949,4996003,6
11950,4997023,27
11951,5000521,99
11952,4996003,6
11953,4996003,6
11954,5002563,141
11955,4996586,18
11956,4996003,6
11957,4996003,6
11958,5000084,90
11959,4996586,18
11960,4999063,69
11961,4996440,15
11962,4995711,0
11963,5003293,156
11964,5005628,204
11965,4996003,6
11966,4995711,0
11967,4996003,6
11968,4996003,6
11969,4995711,0
11970,4997169,30
11971,4996003,6
11972,4996003,6
11973,4995711,0
11974,4995711,0
11975,5000084,90
11976,4995711,0
11977,4996586,18
11978,4996440,15
11979,4997169,30
11980,4996003,6
11981,4996003,6
11982,4996586,18
11983,5003293,156
11984,5002563,141
11985,4995711,0
11986,4995711,0
11987,4997023,27
11988,4995711,0
11989,4997460,36
11990,4999209,72
11991,4995711,0
11992,4996003,6
11993,4996003,6
11994,4995711,0
11995,4995711,0
11996,4995711,0
11997,5002709,144
11998,4995711,0
11999,4996586,18
12000,4996003,6
12001,4995711,0
12002,4996003,6
12003,5363831,7314
12004,4997023,27
12005,4995711,0
12006,5004898,189
12007,4997023,27
12008,4995711,0
12009,4995711,0
12010,5003293,156
12011,4996003,6
12012,4995711,0
12013,4997169,30
12014,4996003,6
12015,4995711,0
12016,4997169,30
12017,4996003,6
12018,4996440,15
12019,4996003,6
12020,4996440,15
12021,4995711,0
12022,4996440,15
12023,5025960,621
12024,4996003,6
12025,4997023,27
12026,5157213,3273
12027,5002709,144
12028,4996586,18
12029,4995711,0
12030,4997460,36
12031,4995711,0
12032,4996440,15
12033,4996440,15
12034,4997169,30
12035,4995711,0
12036,4996003,6
12037,5001251,114
12038,4995711,0
12039,4996003,6
12040,4996440,15
12041,4996003,6
12042,4997897,45
12043,4996586,18
12044,4995711,0
12045,4995711,0
12046,4995711,0
12047,4997169,30
12048,4995711,0
12049,4996003,6
12050,4995711,0
12051,4996003,6
12052,4995711,0
12053,4996003,6
12054,4997169,30
12055,4997169,30
12056,4996440,15
12057,4996440,15
12058,4996586,18
12059,4996003,6
12060,4996586,18
12061,4997460,36
12062,5001834,126
12063,4997169,30
12064,4996586,18
12065,5003293,156
12066,4996003,6
12067,4995711,0
12068,4997169,30
12069,4996003,6
12070,4996003,6
12071,4996003,6
12072,4996003,6
12073,5002709,144
12074,4996003,6
12075,4996003,6
12076,4995711,0
12077,4997023,27
12078,4996003,6
12079,4996003,6
12080,4996003,6
12081,4996586,18
12082,4996003,6
12083,4997751,42
12084,4996586,18
12085,4996003,6
12086,4996440,15
12087,4995711,0
12088,4995711,0
12089,4996003,6
12090,4997023,27
12091,4996586,18
12092,4995711,0
12093,4995711,0
12094,4996003,6
12095,4995711,0
12096,4995711,0
12097,4996586,18
12098,4996003,6
12099,4995711,0
12100,4996440,15
12101,4995711,0
12102,4995711,0
12103,4996440,15
12104,4996586,18
12105,4995711,0
12106,4995711,0
12107,4997169,30
12108,4996003,6
12109,4997897,45
12110,4997169,30
12111,4996586,18
12112,4996003,6
12113,4996586,18
12114,5371188,7455
12115,4996586,18
12116,4996003,6
12117,4996440,15
12118,4998189,51
12119,4995711,0
12120,4996003,6
12121,4996003,6
12122,4997751,42
12123,4995711,0
12124,5004023,171
12125,4995711,0
12126,4995711,0
12127,4996586,18
12128,4996003,6
12129,5000084,90
12130,4996440,15
12131,4995711,0
12132,4996003,6
12133,4996003,6
12134,4996586,18
12135,4995711,0
12136,5341977,6894
12137,4996003,6
12138,4996003,6
12139,4996003,6
12140,4996586,18
12141,4996440,15
12142,4997169,30
12143,4996003,6
12144,4996586,18
12145,4997169,30
12146,4995711,0
12147,4998918,66
12148,4995711,0
12149,4996003,6
12150,4996003,6
12151,4997169,30
12152,4995711,0
12153,4996440,15
12154,4996586,18
12155,4996003,6
12156,4996003,6
12157,4995711,0
12158,4996586,18
12159,4996003,6
12160,4996440,15
12161,5003293,156
12162,4997023,27
12163,4996003,6
12164,4995711,0
12165,4995711,0
12166,4995711,0
12167,4995711,0
12168,4996586,18
12169,4996003,6
12170,4995711,0
12171,5001251,114
12172,4996003,6
12173,5000521,99
12174,4995711,0
12175,4995711,0
12176,4996003,6
12177,4996003,6
12178,4995711,0
12179,4995711,0
12180,4997897,45
12181,4997169,30
12182,4995711,0
12183,4995711,0
12184,5024934,600
12185,4997169,30
12186,4996003,6
12187,4996003,6
12188,4995711,0
12189,4998189,51
12190,4996003,6
12191,4996003,6
12192,4995711,0
12193,4996586,18
12194,5002709,144
12195,5005336,198
12196,4997169,30
12197,4995711,0
12198,4996003,6
12199,4996440,15
12200,4996003,6
12201,4996003,6
12202,4996003,6
12203,5004169,174
12204,4996003,6
12205,4996586,18
12206,4996440,15
12207,4995711,0
12208,4996440,15
12209,4997023,27
12210,4998772,63
12211,4996440,15
12212,4996586,18
12213,4996440,15
12214,4995711,0
12215,4996440,15
12216,4996440,15
12217,4996586,18
12218,4996586,18
12219,4996003,6
12220,4995711,0
12221,4996003,6
12222,4996440,15
12223,4996440,15
12224,4996440,15
12225,4997169,30
12226,4997023,27
12227,4996003,6
12228,4996003,6
12229,4995711,0
12230,4996586,18
12231,4995711,0
12232,4996003,6
12233,4996003,6
12234,4999063,69
12235,5000521,99
12236,4998043,48
12237,4996003,6
12238,4995711,0
12239,4996003,6
12240,4996003,6
12241,4996003,6
12242,4996003,6
12243,4996003,6
12244,4995711,0
12245,4995711,0
12246,4996003,6
12247,4997169,30
12248,5003293,156
12249,4996003,6
12250,4996440,15
12251,4996440,15
12252,4996003,6
12253,4996440,15
12254,4996003,6
12255,4996586,18
12256,4995711,0
12257,5000521,99
12258,4998043,48
12259,4995711,0
12260,4995711,0
12261,4996003,6
12262,4996003,6
12263,4995711,0
12264,4996003,6
12265,4996003,6
12266,4996440,15
12267,4995711,0
12268,4996003,6
12269,4995711,0
12270,4996003,6
12271,4996003,6
12272,4997169,30
12273,4996003,6
12274,4996440,15
12275,4996003,6
12276,4997751,42
12277,4997169,30
12278,4995711,0
12279,4995711,0
12280,4996586,18
12281,4995711,0
12282,4996003,6
12283,4996003,6
12284,4996003,6
12285,4996003,6
12286,4995711,0
12287,4996586,18
12288,4996586,18
12289,4996003,6
12290,4996003,6
12291,4996003,6
12292,4997023,27
12293,4997169,30
12294,4997169,30
12295,5002563,141
12296,5083745,1797
12297,5000521,99
12298,4995711,0
12299,4995711,0
12300,4996440,15
12301,4995711,0
12302,4995711,0
12303,4996440,15
12304,4996440,15
12305,4995711,0
12306,4996003,6
12307,4995711,0
12308,4995711,0
12309,4995711,0
12310,5000084,90
12311,4996003,6
12312,4997169,30
12313,4996003,6
12314,4996003,6
12315,4996586,18
12316,4996586,18
12317,4996003,6
12318,4996586,18
12319,4996586,18
12320,4995711,0
12321,4996003,6
12322,4997169,30
12323,4995711,0
12324,4996440,15
12325,4998043,48
12326,4996586,18
12327,4995711,0
12328,4995711,0
12329,4996003,6
12330,4995711,0
12331,4997023,27
12332,4996003,6
12333,4995711,0
12334,5014541,387
12335,4995711,0
12336,4996003,6
12337,4996586,18
12338,4997169,30
12339,4995711,0
12340,4995711,0
12341,4995711,0
12342,4995711,0
12343,4996003,6
12344,5000521,99
12345,4995711,0
12346,4997169,30
12347,4995711,0
12348,4995711,0
12349,4996586,18
12350,4995711,0
12351,5015418,405
12352,4996440,15
12353,5014394,384
12354,4997460,36
12355,4996003,6
12356,4996003,6
12357,4996003,6
12358,4996003,6
12359,4996003,6
12360,4995711,0
12361,4996440,15
12362,4997897,45
12363,4995711,0
12364,5000084,90
12365,4995711,0
12366,4996003,6
12367,4996586,18
12368,4996003,6
12369,4996003,6
12370,4995711,0
12371,4995711,0
12372,4995711,0
12373,4996440,15
12374,4996586,18
12375,4996586,18
12376,4997169,30
12377,4997460,36
12378,5355547,7155
12379,4996003,6
12380,4996586,18
12381,4997897,45
12382,4997169,30
12383,4998189,51
12384,4997023,27
12385,4995711,0
12386,4996440,15
12387,4995711,0
12388,4995711,0
12389,4995711,0
12390,4996003,6
12391,4997169,30
12392,4995711,0
12393,4996003,6
12394,4996586,18
12395,4995711,0
12396,4996003,6
12397,4996003,6
12398,4996003,6
12399,4996440,15
12400,4995711,0
12401,4996586,18
12402,4996003,6
12403,5000084,90
12404,4996440,15
12405,4996003,6
12406,4995711,0
12407,4996003,6
12408,4997460,36
12409,4996003,6
12410,4995711,0
12411,5000084,90
12412,5017320,444
12413,4996003,6
12414,4996586,18
12415,4995711,0
12416,4997897,45
12417,4995711,0
12418,4995711,0
12419,4997023,27
12420,4995711,0
12421,4996586,18
12422,4995711,0
12423,5400560,8016
12424,4997169,30
12425,4995711,0
12426,4996003,6
12427,4996003,6
12428,4995711,0
12429,4995711,0
12430,5000084,90
12431,4995711,0
12432,5000521,99
12433,4995711,0
12434,4996003,6
12435,4995711,0
12436,4996003,6
12437,4995711,0
12438,4997460,36
12439,4995711,0
12440,4996003,6
12441,4995711,0
12442,4995711,0
12443,4998043,48
12444,4998189,51
12445,4996003,6
12446,4996003,6
12447,4996003,6
12448,4995711,0
12449,4996586,18
12450,4996003,6
12451,4996003,6
12452,4996003,6
12453,5014102,378
12454,4995711,0
12455,5001105,111
12456,4995711,0
12457,4996440,15
12458,4996440,15
12459,4996440,15
12460,4996003,6
12461,5002709,144
12462,4995711,0
12463,5000084,90
12464,4995711,0
12465,4995711,0
12466,4996003,6
12467,4996586,18
12468,4997460,36
12469,5005044,192
12470,4996003,6
12471,4996440,15
12472,5005044,192
12473,4996003,6
12474,4996003,6
12475,4996586,18
12476,4995711,0
12477,4996003,6
12478,4995711,0
12479,4996586,18
12480,4995711,0
12481,4996440,15
12482,4996440,15
12483,4996003,6
12484,4996003,6
12485,4996003,6
12486,4995711,0
12487,4996003,6
12488,4995711,0
12489,4996003,6
12490,4997751,42
12491,4996003,6
12492,4996003,6
12493,4997169,30
12494,4997023,27
12495,4996003,6
12496,4996440,15
12497,4996586,18
12498,4995711,0
12499,5005628,204
12500,4997897,45
12501,4996003,6
12502,4996003,6
12503,4996003,6
12504,5000084,90
12505,5000521,99
12506,4995711,0
12507,4997169,30
12508,4995711,0
12509,5024934,600
12510,4996003,6
12511,5009133,276
12512,4996003,6
12513,4996003,6
12514,4999063,69
12515,4997751,42
12516,4996586,18
12517,4996586,18
12518,4996003,6
12519,5001105,111
12520,4997897,45
12521,4996003,6
12522,4996440,15
12523,4996440,15
12524,4995711,0
12525,4996440,15
12526,4995711,0
12527,4996003,6
12528,4996440,15
12529,4995711,0
12530,4996003,6
12531,4995711,0
12532,4996586,18
12533,4996003,6
12534,4997460,36
12535,4995711,0
12536,4996003,6
12537,4995711,0
12538,4997169,30
12539,4995711,0
12540,4996003,6
12541,4996586,18
12542,4996440,15
12543,5024934,600
12544,4996586,18
12545,4996440,15
12546,4996003,6
12547,4995711,0
12548,4996003,6
12549,4996586,18
12550,4996586,18
12551,4995711,0
12552,4996003,6
12553,4995711,0
12554,4997751,42
12555,4995711,0
12556,4996003,6
12557,4996003,6
12558,4995711,0
12559,4997460,36
12560,4996586,18
12561,4995711,0
12562,4995711,0
12563,4995711,0
12564,4995711,0
12565,4995711,0
12566,4996440,15
12567,4995711,0
12568,4995711,0
12569,4995711,0
12570,4995711,0
12571,4998772,63
12572,4997169,30
12573,4996440,15
12574,4997169,30
12575,4995711,0
12576,4995711,0
12577,5002709,144
12578,5000084,90
12579,4995711,0
12580,4998043,48
12581,5011032,315
12582,4996003,6
12583,4995711,0
12584,4996003,6
12585,4997169,30
12586,4996003,6
12587,4998043,48
12588,4996586,18
12589,4996003,6
12590,4996440,15
12591,4996003,6
12592,4997169,30
12593,4997023,27
12594,4996003,6
12595,4996586,18
12596,4995711,0
12597,4997169,30
12598,4996003,6
12599,4996003,6
12600,5005190,195
12601,4995711,0
12602,4996003,6
12603,4996003,6
12604,4995711,0
12605,4997169,30
12606,5002709,144
12607,4996440,15
12608,4995711,0
12609,4996003,6
12610,5000084,90
12611,4996440,15
12612,4996003,6
12613,4995711,0
12614,4995711,0
12615,4995711,0
12616,4996003,6
12617,4996003,6
12618,4996003,6
12619,4995711,0
12620,4995711,0
12621,4995711,0
12622,4997897,45
12623,4995711,0
12624,4996440,15
12625,4997169,30
12626,4996003,6
12627,4996003,6
12628,4996440,15
12629,5003293,156
12630,4996003,6
12631,4996586,18
12632,4997023,27
12633,4997169,30
12634,4997023,27
12635,4996003,6
12636,5018198,462
12637,4996586,18
12638,4995711,0
12639,4997023,27
12640,4996003,6
12641,4996003,6
12642,4997169,30
12643,4995711,0
12644,4995711,0
12645,4996586,18
12646,4996003,6
12647,4996003,6
12648,4995711,0
12649,4997023,27
12650,4996003,6
12651,4996003,6
12652,4995711,0
12653,5008841,270
12654,4996586,18
12655,4996003,6
12656,5024495,591
12657,4996003,6
12658,4995711,0
12659,5000084,90
12660,4995711,0
12661,4996003,6
12662,4996003,6
12663,4995711,0
12664,4995711,0
12665,4996440,15
12666,5002709,144
12667,4995711,0
12668,4996003,6
12669,4995711,0
12670,4996003,6
12671,4997169,30
12672,4995711,0
12673,4996003,6
12674,4995711,0
12675,4998189,51
12676,4995711,0
12677,5071751,1554
12678,4996003,6
12679,5000521,99
12680,4996003,6
12681,4996003,6
12682,4997460,36
12683,5002709,144
12684,4996586,18
12685,4996003,6
12686,4995711,0
12687,4996003,6
12688,4996586,18
12689,4996003,6
12690,4997751,42
12691,5035349,813
12692,4995711,0
12693,4996003,6
12694,4996440,15
12695,4996003,6
12696,4996440,15
12697,4996003,6
12698,4995711,0
12699,4996003,6
12700,4997169,30
12701,4997460,36
12702,4996440,15
12703,4996586,18
12704,4997023,27
12705,4996586,18
12706,4997169,30
12707,4996586,18
12708,4996440,15
12709,4996003,6
12710,5231437,4743
12711,5004898,189
12712,4996003,6
12713,5000084,90
12714,4995711,0
12715,4996003,6
12716,4996586,18
12717,4996586,18
12718,4995711,0
12719,4996003,6
12720,4996586,18
12721,4995711,0
12722,4995711,0
12723,5007964,252
12724,4995711,0
12725,4998043,48
12726,4996003,6
12727,4996440,15
12728,4996003,6
12729,4995711,0
12730,4996440,15
12731,4995711,0
12732,4995711,0
12733,4995711,0
12734,4996003,6
12735,4995711,0
12736,4995711,0
12737,4996003,6
12738,4996003,6
12739,5003293,156
12740,5000521,99
12741,4996586,18
12742,4995711,0
12743,4996440,15
12744,4997169,30
12745,4995711,0
12746,4996003,6
12747,5000084,90
12748,4996003,6
12749,4995711,0
12750,4997169,30
12751,4996003,6
12752,4996003,6
12753,4997169,30
12754,4995711,0
12755,4996586,18
12756,4996003,6
12757,4995711,0
12758,4995711,0
12759,5003293,156
12760,4995711,0
12761,5000084,90
12762,4996003,6
12763,4995711,0
12764,4996003,6
12765,4996586,18
12766,4996003,6
12767,4999063,69
12768,4996003,6
12769,4995711,0
12770,4996003,6
12771,4995711,0
12772,4995711,0
12773,4996586,18
12774,4995711,0
12775,4995711,0
12776,4996003,6
12777,4996003,6
12778,4995711,0
12779,4997023,27
12780,5000084,90
12781,4995711,0
12782,4995711,0
12783,5003293,156
12784,4996003,6
12785,4996440,15
12786,4996440,15
12787,4996003,6
12788,4998189,51
12789,4997460,36
12790,4996440,15
12791,4995711,0
12792,4995711,0
12793,4996586,18
12794,4996440,15
12795,4995711,0
12796,4995711,0
12797,4996003,6
12798,4995711,0
12799,4996003,6
12800,4997023,27
12801,5005628,204
12802,4996003,6
12803,4997169,30
12804,4996586,18
12805,4995711,0
12806,4997897,45
12807,4997460,36
12808,4996003,6
12809,5401347,8031
12810,4996586,18
12811,4995711,0
12812,4996440,15
12813,4996003,6
12814,5000084,90
12815,4996003,6
12816,4995711,0
12817,4995711,0
12818,4995711,0
12819,4995711,0
12820,4998043,48
12821,4995711,0
12822,4995711,0
12823,4997169,30
12824,4995711,0
12825,4996003,6
12826,4996586,18
12827,5000084,90
12828,4996440,15
12829,5002709,144
12830,4996003,6
12831,4995711,0
12832,4995711,0
12833,4996003,6
12834,4996003,6
12835,4996440,15
12836,4995711,0
12837,5002563,141
12838,4995711,0
12839,4995711,0
12840,4995711,0
12841,4996440,15
12842,4996586,18
12843,5002709,144
12844,4995711,0
12845,4996586,18
12846,4998189,51
12847,4996003,6
12848,4995711,0
12849,4996586,18
12850,4996440,15
12851,4996440,15
12852,4995711,0
12853,4996440,15
12854,4995711,0
12855,4995711,0
12856,4997751,42
12857,4995711,0
12858,4996440,15
12859,5000521,99
12860,4996003,6
12861,4996586,18
12862,4996440,15
12863,4997169,30
12864,4995711,0
12865,4996003,6
12866,4995711,0
12867,4995711,0
12868,4995711,0
12869,4995711,0
12870,4997460,36
12871,4996586,18
12872,4996003,6
12873,4996003,6
12874,4996586,18
12875,4997023,27
12876,4995711,0
12877,4996586,18
12878,4995711,0
12879,4996003,6
12880,4996440,15
12881,4995711,0
12882,4996003,6
12883,4996003,6
12884,5003293,156
12885,4995711,0
12886,4996586,18
12887,4995711,0
12888,4995711,0
12889,4997169,30
12890,4996586,18
12891,4996440,15
12892,4997169,30
12893,4996003,6
12894,4996440,15
12895,4995711,0
12896,4996003,6
12897,4996003,6
12898,4997460,36
12899,4996003,6
12900,5014394,384
12901,4997460,36
12902,4996440,15
12903,4996003,6
12904,4996440,15
12905,4996003,6
12906,4997169,30
12907,4995711,0
12908,4996003,6
12909,4997169,30
12910,4995711,0
12911,4996440,15
12912,4996003,6
12913,4996586,18
12914,4996003,6
12915,5007234,237
12916,4997169,30
12917,4996586,18
12918,4996003,6
12919,4995711,0
12920,4996003,6
12921,4996586,18
12922,4995711,0
12923,4996003,6
12924,4995711,0
12925,4996586,18
12926,4996003,6
12927,4995711,0
12928,4996440,15
12929,4997023,27
12930,4995711,0
12931,4997751,42
12932,5002709,144
12933,4996003,6
12934,4996003,6
12935,5025374,609
12936,4996003,6
12937,5000521,99
12938,4995711,0
12939,4995711,0
12940,4998043,48
12941,4996440,15
12942,4996003,6
12943,5002709,144
12944,4995711,0
12945,4996586,18
12946,4995711,0
12947,4995711,0
12948,4996440,15
12949,4996440,15
12950,4996586,18
12951,4996440,15
12952,4997460,36
12953,4995711,0
12954,4996003,6
12955,5026107,624
12956,4996003,6
12957,5025960,621
12958,4997169,30
12959,4998189,51
12960,4996003,6
12961,4995711,0
12962,4996003,6
12963,4996003,6
12964,4995711,0
12965,5003293,156
12966,4995711,0
12967,5014248,381
12968,4995711,0
12969,4996003,6
12970,4996003,6
12971,4995711,0
12972,4996586,18
12973,4996003,6
12974,4996440,15
12975,4996003,6
12976,4997169,30
12977,4995711,0
12978,4997897,45
12979,4996003,6
12980,5010886,312
12981,4997169,30
12982,4996003,6
12983,4997169,30
12984,4995711,0
12985,4997169,30
12986,5011471,324
12987,5000084,90
12988,5000084,90
12989,4996440,15
12990,4995711,0
12991,4995711,0
12992,4996586,18
12993,5000084,90
12994,4996003,6
12995,4996003,6
12996,5002709,144
12997,4996003,6
12998,4996586,18
12999,4996440,15
13000,4996586,18
13001,4996586,18
13002,4995711,0
13003,4995711,0
13004,4997169,30
13005,5000521,99
13006,4996440,15
13007,4997897,45
13008,4995711,0
13009,4997023,27
13010,4996003,6
13011,5003293,156
13012,4996003,6
13013,4997169,30
13014,4995711,0
13015,4997897,45
13016,4996003,6
13017,4997169,30
13018,4995711,0
13019,4997023,27
13020,4995711,0
13021,4996003,6
13022,4996003,6
13023,4996003,6
13024,4995711,0
13025,4996003,6
13026,4996003,6
13027,4995711,0
13028,4996003,6
13029,4996003,6
13030,5004169,174
13031,4996003,6
13032,4998043,48
13033,4995711,0
13034,4995711,0
13035,4995711,0
13036,4996003,6
13037,4998043,48
13038,4996440,15
13039,4996586,18
13040,4996586,18
13041,4995711,0
13042,4997460,36
13043,4996003,6
13044,4996003,6
13045,4996586,18
13046,4996003,6
13047,4998189,51
13048,4995711,0
13049,4996003,6
13050,4995711,0
13051,4996586,18
13052,4996586,18
13053,4996003,6
13054,4995711,0
13055,4996586,18
13056,4996003,6
13057,4996003,6
13058,4995711,0
13059,4998772,63
13060,4996586,18
13061,4997023,27
13062,4996003,6
13063,5018637,471
13064,4996586,18
13065,4996003,6
13066,4995711,0
13067,4996586,18
13068,4996003,6
13069,4996003,6
13070,4995711,0
13071,4996586,18
13072,4995711,0
13073,5000084,90
13074,4996440,15
13075,4997460,36
13076,4996440,15
13077,4995711,0
13078,4996003,6
13079,4995711,0
13080,4997169,30
13081,4996003,6
13082,4996586,18
13083,4997023,27
13084,4995711,0
13085,4995711,0
13086,4996586,18
13087,4995711,0
13088,4997460,36
13089,4995711,0
13090,4996003,6
13091,4995711,0
13092,4995711,0
13093,4996586,18
13094,4996440,15
13095,4997169,30
13096,4996003,6
13097,4998189,51
13098,4996003,6
13099,4996586,18
13100,4996586,18
13101,4995711,0
13102,5021126,522
13103,4996440,15
13104,4995711,0
13105,4996003,6
13106,4996440,15
13107,4996003,6
13108,4996003,6
13109,4995711,0
13110,5004898,189
13111,4996003,6
13112,5000521,99
13113,4996003,6
13114,4995711,0
13115,4995711,0
13116,4996003,6
13117,4996440,15
13118,4996003,6
13119,4996003,6
13120,5000084,90
13121,4997169,30
13122,4996586,18
13123,4997169,30
13124,4996586,18
13125,4996440,15
13126,4996003,6
13127,4996440,15
13128,4996440,15
13129,4996003,6
13130,4996003,6
13131,4995711,0
13132,4996003,6
13133,4996003,6
13134,4995711,0
13135,4996003,6
13136,4996003,6
13137,4996586,18
13138,4997897,45
13139,4996003,6
13140,4995711,0
13141,5003147,153
13142,4996003,6
13143,4996440,15
13144,4996440,15
13145,4995711,0
13146,5001105,111
13147,4996003,6
13148,4995711,0
13149,4995711,0
13150,4996440,15
13151,4997169,30
13152,4996440,15
13153,4995711,0
13154,4996440,15
13155,4997169,30
13156,4996003,6
13157,4996440,15
13158,4996003,6
13159,4996586,18
13160,5000521,99
13161,4996440,15
13162,4996003,6
13163,5006358,219
13164,5010155,297
13165,4996003,6
13166,4996003,6
13167,4997169,30
13168,4996003,6
13169,4997169,30
13170,4995711,0
13171,4996003,6
13172,4996003,6
13173,4996586,18
13174,4997169,30
13175,4995711,0
13176,4997169,30
13177,4997751,42
13178,4996003,6
13179,4996440,15
13180,4996440,15
13181,4998626,60
13182,4996586,18
13183,4996003,6
13184,4996003,6
13185,4996440,15
13186,4995711,0
13187,4997169,30
13188,4995711,0
13189,5283721,5766
13190,4995711,0
13191,4996003,6
13192,4998043,48
13193,4996440,15
13194,4998918,66
13195,4998918,66
13196,5009425,282
13197,4995711,0
13198,4995711,0
13199,4997169,30
13200,4996003,6
13201,5003293,156
13202,4995711,0
13203,4995711,0
13204,4996003,6
13205,4996440,15
13206,4997897,45
13207,4995711,0
13208,4997460,36
13209,4995711,0
13210,4996003,6
13211,4997897,45
13212,4996003,6
13213,4996003,6
13214,5002563,141
13215,4996003,6
13216,4995711,0
13217,4997023,27
13218,4995711,0
13219,4996003,6
13220,4996003,6
13221,4995711,0
13222,4995711,0
13223,4995711,0
13224,4996003,6
13225,4996003,6
13226,4996003,6
13227,5000521,99
13228,4995711,0
13229,4995711,0
13230,4996003,6
13231,4996003,6
13232,4996586,18
13233,4997023,27
13234,4995711,0
13235,4995711,0
13236,4996003,6
13237,4996440,15
13238,4997169,30
13239,4995711,0
13240,4995711,0
13241,4996003,6
13242,4995711,0
13243,4995711,0
13244,4997897,45
13245,4996440,15
13246,4996003,6
13247,4996440,15
13248,4996003,6
13249,4995711,0
13250,4997169,30
13251,4995711,0
13252,4995711,0
13253,4996586,18
13254,4996440,15
13255,4996003,6
13256,4996003,6
13257,5007234,237
13258,4995711,0
13259,4995711,0
13260,4995711,0
13261,4995711,0
13262,4996003,6
13263,4995711,0
13264,4996586,18
13265,5026107,624
13266,4997169,30
13267,4995711,0
13268,5003293,156
13269,4997169,30
13270,4996440,15
13271,4995711,0
13272,4996003,6
13273,4995711,0
13274,4996586,18
13275,4996003,6
13276,4996440,15
13277,4996003,6
13278,4996440,15
13279,4996003,6
13280,4995711,0
13281,4995711,0
13282,4995711,0
13283,4995711,0
13284,4996003,6
13285,4996003,6
13286,4997169,30
13287,4995711,0
13288,4996003,6
13289,4996003,6
13290,4995711,0
13291,4996003,6
13292,4996003,6
13293,4995711,0
13294,4998189,51
13295,4996003,6
13296,4996003,6
13297,4995711,0
13298,4996003,6
13299,4996440,15
13300,4996586,18
13301,5001251,114
13302,4995711,0
13303,4997169,30
13304,4996440,15
13305,5000084,90
13306,4996003,6
13307,4999209,72
13308,4996003,6
13309,5000521,99
13310,4995711,0
13311,4996003,6
13312,4995711,0
13313,4998918,66
13314,4996586,18
13315,4996003,6
13316,4997023,27
13317,4997460,36
13318,4995711,0
13319,4996003,6
13320,4995711,0
13321,4996586,18
13322,4996586,18
13323,4996003,6
13324,4997023,27
13325,4996586,18
13326,4995711,0
13327,4995711,0
13328,4996003,6
13329,5000084,90
13330,4996003,6
13331,4998043,48
13332,4997169,30
13333,4996003,6
13334,4995711,0
13335,4997023,27
13336,4996440,15
13337,4996440,15
13338,5000084,90
13339,4995711,0
13340,4996003,6
13341,4995711,0
13342,4995711,0
13343,5001105,111
13344,5003147,153
13345,4995711,0
13346,4996003,6
13347,4996440,15
13348,4996003,6
13349,4995711,0
13350,4996003,6
13351,5022737,555
13352,5002709,144
13353,4997169,30
13354,4996003,6
13355,4996003,6
13356,4997897,45
13357,5007964,252
13358,4996003,6
13359,5086266,1848
13360,4996003,6
13361,4996586,18
13362,4995711,0
13363,4996003,6
13364,4996586,18
13365,4995711,0
13366,4996586,18
13367,4996586,18
13368,4996003,6
13369,4995711,0
13370,4997169,30
13371,4996440,15
13372,4996440,15
13373,4996003,6
13374,4995711,0
13375,4995711,0
13376,4995711,0
13377,4995711,0
13378,4995711,0
13379,4995711,0
13380,4996586,18
13381,4995711,0
13382,5000084,90
13383,4997897,45
13384,4997460,36
13385,4996003,6
13386,4996003,6
13387,4996003,6
13388,4995711,0
13389,4996440,15
13390,4997897,45
13391,4996003,6
13392,4997169,30
13393,4997023,27
13394,5006066,213
13395,4996586,18
13396,4998189,51
13397,4996440,15
13398,4995711,0
13399,4995711,0
13400,4996003,6
13401,4996003,6
13402,5000084,90
13403,4995711,0
13404,4996586,18
13405,5005190,195
13406,4995711,0
13407,4996003,6
13408,4995711,0
13409,4996003,6
13410,5025960,621
13411,4996586,18
13412,4995711,0
13413,4995711,0
13414,4995711,0
13415,4996586,18
13416,4996586,18
13417,4995711,0
13418,4995711,0
13419,4995711,0
13420,4995711,0
13421,4996003,6
13422,4996003,6
13423,5001251,114
13424,4995711,0
13425,4997023,27
13426,4998043,48
13427,4998043,48
13428,4995711,0
13429,4997460,36
13430,5006358,219
13431,4997897,45
13432,4996586,18
13433,4996440,15
13434,5004169,174
13435,4996003,6
13436,5003293,156
13437,4996003,6
13438,4996003,6
13439,4996586,18
13440,4996003,6
13441,4996003,6
13442,4996586,18
13443,4995711,0
13444,4996003,6
13445,4997169,30
13446,5000084,90
13447,4996003,6
13448,5006066,213
13449,4997023,27
13450,4996440,15
13451,4995711,0
13452,4996440,15
13453,4997897,45
13454,4997023,27
13455,4997897,45
13456,4996003,6
13457,4996440,15
13458,4995711,0
13459,5000521,99
13460,4995711,0
13461,4996003,6
13462,4997169,30
13463,4995711,0
13464,4996003,6
13465,5000521,99
13466,4995711,0
13467,4996003,6
13468,4996003,6
13469,4997023,27
13470,4996003,6
13471,5003293,156
13472,4996586,18
13473,4995711,0
13474,4997460,36
13475,4996586,18
13476,4996003,6
13477,4997897,45
13478,4995711,0
13479,4996440,15
13480,4995711,0
13481,4995711,0
13482,4995711,0
13483,4996440,15
13484,4996003,6
13485,4995711,0
13486,4996003,6
13487,4999209,72
13488,4995711,0
13489,4996003,6
13490,4995711,0
13491,4997023,27
13492,4996003,6
13493,4996586,18
13494,4995711,0
13495,4997897,45
13496,4996003,6
13497,4995711,0
13498,4996003,6
13499,5000084,90
13500,4998918,66
13501,4996003,6
13502,4995711,0
13503,4995711,0
13504,4997169,30
13505,4997169,30
13506,4995711,0
13507,4995711,0
13508,4996003,6
13509,5006942,231
13510,4996003,6
13511,4996003,6
13512,4996003,6
13513,4997897,45
13514,4995711,0
13515,4998189,51
13516,4995711,0
13517,4996003,6
13518,4997169,30
13519,4997169,30
13520,4995711,0
13521,4996003,6
13522,4995711,0
13523,4996440,15
13524,4997169,30
13525,4996003,6
13526,5000521,99
13527,5005774,207
13528,4995711,0
13529,4996440,15
13530,4996003,6
13531,4996586,18
13532,4995711,0
13533,4996440,15
13534,4996003,6
13535,4997023,27
13536,4997460,36
13537,4996586,18
13538,4996003,6
13539,4996440,15
13540,4995711,0
13541,4996003,6
13542,4997169,30
13543,4995711,0
13544,4995711,0
13545,4996003,6
13546,5001834,126
13547,4995711,0
13548,5008256,258
13549,4997169,30
13550,5000084,90
13551,4996440,15
13552,4995711,0
13553,4996586,18
13554,4995711,0
13555,4995711,0
13556,4998189,51
13557,4996003,6
13558,4996003,6
13559,4996586,18
13560,4996440,15
13561,4996440,15
13562,5936248,17745
13563,4995711,0
13564,4996440,15
13565,4995711,0
13566,4996003,6
13567,4996586,18
13568,4995711,0
13569,5000084,90
13570,4996440,15
13571,5003293,156
13572,4996586,18
13573,4997169,30
13574,4996440,15
13575,5002709,144
13576,4997169,30
13577,4995711,0
13578,4997460,36
13579,4995711,0
13580,4996003,6
13581,4996003,6
13582,4996586,18
13583,4995711,0
13584,4996003,6
13585,4997460,36
13586,4996003,6
13587,4995711,0
13588,4995711,0
13589,4996003,6
13590,4997023,27
13591,4996003,6
13592,4996586,18
13593,4997169,30
13594,4995711,0
13595,4996003,6
13596,4996586,18
13597,4996003,6
13598,4995711,0
13599,4996003,6
13600,4995711,0
13601,4996586,18
13602,4996003,6
13603,4995711,0
13604,4996003,6
13605,4996440,15
13606,4996440,15
13607,4995711,0
13608,4996003,6
13609,4996003,6
13610,4997169,30
13611,5001105,111
13612,4996003,6
13613,4996003,6
13614,4996586,18
13615,4995711,0
13616,4996586,18
13617,4995711,0
13618,5005336,198
13619,4996003,6
13620,4996003,6
13621,4996440,15
13622,4996586,18
13623,4995711,0
13624,4997169,30
13625,5002709,144
13626,5005628,204
13627,4996003,6
13628,4996003,6
13629,4995711,0
13630,4997023,27
13631,4996003,6
13632,5002563,141
13633,4995711,0
13634,4997023,27
13635,4996003,6
13636,4996003,6
13637,5011178,318
13638,4996003,6
13639,4996586,18
13640,4995711,0
13641,4996003,6
13642,4996003,6
13643,4996440,15
13644,4996003,6
13645,4995711,0
13646,5005628,204
13647,4996003,6
13648,4997169,30
13649,4996440,15
13650,4995711,0
13651,4997460,36
13652,4996586,18
13653,4995711,0
13654,4996003,6
13655,4996003,6
13656,4996003,6
13657,4996586,18
13658,4996586,18
13659,4995711,0
13660,4996003,6
13661,4997169,30
13662,5000084,90
13663,5002709,144
13664,4996586,18
13665,4997169,30
13666,4995711,0
13667,4996003,6
13668,4996003,6
13669,4996586,18
13670,4997023,27
13671,4995711,0
13672,4996586,18
13673,4996586,18
13674,5002563,141
13675,4995711,0
13676,4997897,45
13677,4996003,6
13678,4996440,15
13679,4996003,6
13680,4997897,45
13681,4996003,6
13682,4996440,15
13683,4997169,30
13684,4995711,0
13685,5008110,255
13686,5001251,114
13687,4996003,6
13688,4997169,30
13689,4995711,0
13690,4996586,18
13691,4996440,15
13692,4996003,6
13693,4997169,30
13694,4995711,0
13695,4997023,27
13696,4999063,69
13697,4996003,6
13698,4995711,0
13699,4996586,18
13700,4996003,6
13701,5006358,219
13702,4996586,18
13703,4995711,0
13704,4995711,0
13705,5003147,153
13706,4996003,6
13707,4996586,18
13708,4995711,0
13709,4996003,6
13710,4996003,6
13711,5000521,99
13712,4995711,0
13713,4996440,15
13714,4996440,15
13715,4996586,18
13716,4996586,18
13717,4996586,18
13718,4995711,0
13719,4996003,6
13720,4996003,6
13721,4996440,15
13722,5000084,90
13723,4997169,30
13724,4995711,0
13725,4995711,0
13726,5026107,624
13727,4995711,0
13728,4995711,0
13729,5000521,99
13730,5008110,255
13731,4997169,30
13732,4995711,0
13733,4996003,6
13734,5006358,219
13735,4995711,0
13736,4995711,0
13737,4996003,6
13738,4995711,0
13739,5000084,90
13740,4998772,63
13741,5000084,90
13742,5003293,156
13743,4996003,6
13744,4997169,30
13745,4995711,0
13746,4996003,6
13747,4996440,15
13748,4995711,0
13749,4995711,0
13750,4997460,36
13751,4995711,0
13752,4995711,0
13753,4995711,0
13754,4997169,30
13755,4995711,0
13756,4996440,15
13757,4996003,6
13758,4996586,18
13759,4995711,0
13760,4996003,6
13761,4995711,0
13762,4996003,6
13763,4995711,0
13764,4996003,6
13765,4995711,0
13766,4995711,0
13767,4996003,6
13768,4997460,36
13769,4995711,0
13770,5004898,189
13771,4997897,45
13772,5025960,621
13773,4996003,6
13774,4996003,6
13775,4995711,0
13776,4996003,6
13777,4996586,18
13778,4995711,0
13779,4996003,6
13780,4995711,0
13781,4996586,18
13782,4996003,6
13783,4996586,18
13784,4995711,0
13785,4997460,36
13786,4995711,0
13787,4995711,0
13788,4996440,15
13789,4996440,15
13790,4996440,15
13791,4995711,0
13792,5031533,735
13793,4997169,30
13794,4996440,15
13795,4996003,6
13796,4996003,6
13797,4996586,18
13798,4995711,0
13799,4996003,6
13800,4996440,15
13801,5000084,90
13802,4995711,0
13803,4996003,6
13804,4996440,15
13805,4996440,15
13806,5000521,99
13807,4995711,0
13808,4996003,6
13809,5000084,90
13810,4995711,0
13811,4996003,6
13812,4995711,0
13813,4996003,6
13814,4996003,6
13815,4995711,0
13816,4996440,15
13817,4996003,6
13818,5000521,99
13819,5000084,90
13820,4996003,6
13821,5025960,621
13822,4997169,30
13823,4996586,18
13824,5014248,381
13825,4997169,30
13826,4995711,0
13827,5227015,4656
13828,4996440,15
13829,4996440,15
13830,4996003,6
13831,4996440,15
13832,4998772,63
13833,4997023,27
13834,4996003,6
13835,4997023,27
13836,5000084,90
13837,5000084,90
13838,4996003,6
13839,4995711,0
13840,5003147,153
13841,4996586,18
13842,4996440,15
13843,5000084,90
13844,4996003,6
13845,4996440,15
13846,4995711,0
13847,4995711,0
13848,4995711,0
13849,4996003,6
13850,4995711,0
13851,4996440,15
13852,5003293,156
13853,4995711,0
13854,4995711,0
13855,4996003,6
13856,4996003,6
13857,4996003,6
13858,5000521,99
13859,4996003,6
13860,4995711,0
13861,4995711,0
13862,4997169,30
13863,4996440,15
13864,4996003,6
13865,4996440,15
13866,4997169,30
13867,4997169,30
13868,4996586,18
13869,4996003,6
13870,4995711,0
13871,4996003,6
13872,4996440,15
13873,4996003,6
13874,4996003,6
13875,4995711,0
13876,4998043,48
13877,5012055,336
13878,5003293,156
13879,4997169,30
13880,4996586,18
13881,4995711,0
13882,4995711,0
13883,4996003,6
13884,5005044,192
13885,4996003,6
13886,4996003,6
13887,4995711,0
13888,4995711,0
13889,5013371,363
13890,5001105,111
13891,4996440,15
13892,4996003,6
13893,4995711,0
13894,4996586,18
13895,4995711,0
13896,4995711,0
13897,4996003,6
13898,4996003,6
13899,4996003,6
13900,4996003,6
13901,4996003,6
13902,5001251,114
13903,4996003,6
13904,4996003,6
13905,4996003,6
13906,4995711,0
13907,4997169,30
13908,4995711,0
13909,4995711,0
13910,4995711,0
13911,4996003,6
13912,4995711,0
13913,5006066,213
13914,4996003,6
13915,4996440,15
13916,4996003,6
13917,4996003,6
13918,4996003,6
13919,4996440,15
13920,4996586,18
13921,4997023,27
13922,4995711,0
13923,4996586,18
13924,5008402,261
13925,5027719,657
13926,4997169,30
13927,4996003,6
13928,5002709,144
13929,4995711,0
13930,4995711,0
13931,4996003,6
13932,5001105,111
13933,4995711,0
13934,4996003,6
13935,4996003,6
13936,4996003,6
13937,4998918,66
13938,4996586,18
13939,4995711,0
13940,4997897,45
13941,4995711,0
13942,4999938,87
13943,4996440,15
13944,4996003,6
13945,4996003,6
13946,4996003,6
13947,4996003,6
13948,4996003,6
13949,4995711,0
13950,4995711,0
13951,4996003,6
13952,4996003,6
13953,4996440,15
13954,5011471,324
13955,5000521,99
13956,4997897,45
13957,4997169,30
13958,4996586,18
13959,4996586,18
13960,5552919,10878
13961,4996003,6
13962,5005628,204
13963,4995711,0
13964,4996003,6
13965,4996003,6
13966,4995711,0
13967,4995711,0
13968,4996003,6
13969,4996003,6
13970,4996586,18
13971,4995711,0
13972,4996003,6
13973,4998189,51
13974,4995711,0
13975,4996003,6
13976,4996003,6
13977,5024495,591
13978,4996003,6
13979,4996586,18
13980,5000084,90
13981,4996586,18
13982,4995711,0
13983,4996440,15
13984,4997897,45
13985,4995711,0
13986,4995711,0
13987,4996003,6
13988,5005628,204
13989,5003293,156
13990,4996003,6
13991,4996003,6
13992,4997169,30
13993,4996440,15
13994,4996003,6
13995,4995711,0
13996,4997169,30
13997,4996003,6
13998,4995711,0
13999,4996003,6
14000,4995711,0
14001,5003147,153
14002,4996003,6
14003,4995711,0
14004,5000521,99
14005,4996440,15
14006,4996003,6
14007,4997897,45
14008,4995711,0
14009,4996440,15
14010,4997023,27
14011,4995711,0
14012,4996440,15
14013,4997169,30
14014,4996003,6
14015,4996003,6
14016,4995711,0
14017,4996586,18
14018,4995711,0
14019,4996586,18
14020,4995711,0
14021,4996586,18
14022,4996003,6
14023,5005336,198
14024,4996440,15
14025,4999209,72
14026,4996003,6
14027,4997897,45
14028,4997460,36
14029,4998189,51
14030,4996003,6
14031,5000084,90
14032,4997897,45
14033,5004169,174
14034,4996003,6
14035,4996003,6
14036,4997897,45
14037,4995711,0
14038,5002709,144
14039,4995711,0
14040,4996440,15
14041,4996003,6
14042,4995711,0
14043,4995711,0
14044,4996003,6
14045,4996440,15
14046,4996440,15
14047,4996586,18
14048,5014248,381
14049,4996440,15
14050,4996003,6
14051,4996440,15
14052,4995711,0
14053,4995711,0
14054,4996003,6
14055,4997897,45
14056,5000521,99
14057,4996003,6
14058,4996003,6
14059,4996440,15
14060,4996003,6
14061,4996003,6
14062,4996586,18
14063,4997169,30
14064,4996440,15
14065,4995711,0
14066,4997023,27
14067,4997460,36
14068,4995711,0
14069,4997897,45
14070,4996586,18
14071,4995711,0
14072,4996586,18
14073,4997023,27
14074,4997897,45
14075,4996003,6
14076,4996003,6
14077,4995711,0
14078,4996003,6
14079,5005190,195
14080,4996586,18
14081,4995711,0
14082,4996003,6
14083,5000521,99
14084,4997897,45
14085,4995711,0
14086,4997169,30
14087,4995711,0
14088,4996440,15
14089,4996003,6
14090,4996003,6
14091,4996440,15
14092,4995711,0
14093,4995711,0
14094,4997169,30
14095,4995711,0
14096,4996003,6
14097,4996003,6
14098,4995711,0
14099,4995711,0
14100,5000084,90
14101,4996440,15
14102,4996586,18
14103,4996003,6
14104,4996586,18
14105,4997169,30
14106,4996440,15
14107,4995711,0
14108,4996440,15
14109,4996586,18
14110,5254372,5193
14111,4995711,0
14112,4997460,36
14113,4995711,0
14114,4995711,0
14115,4996586,18
14116,4997023,27
14117,4995711,0
14118,5000521,99
14119,4995711,0
14120,4997169,30
14121,4998043,48
14122,4996003,6
14123,4995711,0
14124,4996003,6
14125,4995711,0
14126,4997169,30
14127,4996586,18
14128,4995711,0
14129,4995711,0
14130,5002709,144
14131,4997169,30
14132,4996003,6
14133,4996003,6
14134,4995711,0
14135,4995711,0
14136,4996003,6
14137,4995711,0
14138,4997751,42
14139,4996586,18
14140,5022883,558
14141,4996003,6
14142,4996003,6
14143,4995711,0
14144,4996003,6
14145,4995711,0
14146,4995711,0
14147,4995711,0
14148,4995711,0
14149,4996586,18
14150,4996003,6
14151,4995711,0
14152,4996440,15
14153,4996440,15
14154,4995711,0
14155,4996440,15
14156,4996003,6
14157,4995711,0
14158,4996586,18
14159,5000084,90
14160,4996586,18
14161,4995711,0
14162,4996003,6
14163,4995711,0
14164,5002709,144
14165,4996003,6
14166,4995711,0
14167,4996586,18
14168,4995711,0
14169,4996003,6
14170,4996003,6
14171,4995711,0
14172,4996586,18
14173,4996586,18
14174,4996586,18
14175,4997897,45
14176,4996586,18
14177,5002709,144
14178,4995711,0
14179,4997169,30
14180,4995711,0
14181,4995711,0
14182,4995711,0
14183,4996440,15
14184,4996586,18
14185,4997023,27
14186,4995711,0
14187,4995711,0
14188,4997169,30
14189,5000084,90
14190,4997023,27
14191,4996003,6
14192,4996586,18
14193,4996003,6
14194,4998772,63
14195,4996003,6
14196,4996003,6
14197,4995711,0
14198,4996586,18
14199,4996440,15
14200,4996586,18
14201,5085377,1830
14202,4996003,6
14203,4996003,6
14204,4995711,0
14205,4996003,6
14206,4996003,6
14207,4996003,6
14208,4996003,6
14209,4996003,6
14210,4996003,6
14211,4996440,15
14212,4995711,0
14213,4996440,15
14214,4995711,0
14215,4997169,30
14216,4996003,6
14217,4996003,6
14218,5558428,10980
14219,4995711,0
14220,4996003,6
14221,4996586,18
14222,4995711,0
14223,4995711,0
14224,4996003,6
14225,4996003,6
14226,5034028,786
14227,4996003,6
14228,4996003,6
14229,4995711,0
14230,4995711,0
14231,4996003,6
14232,4997023,27
14233,4997023,27
14234,7957646,47892
14235,4995711,0
14236,4995711,0
14237,4996003,6
14238,4996440,15
14239,4996440,15
14240,4995711,0
14241,4995711,0
14242,4996003,6
14243,4995711,0
14244,4996586,18
14245,4996003,6
14246,5002709,144
14247,4997023,27
14248,4996003,6
14249,4995711,0
14250,4996440,15
14251,4995711,0
14252,4997169,30
14253,4997169,30
14254,4996003,6
14255,4996003,6
14256,4996586,18
14257,4996586,18
14258,4995711,0
14259,4996440,15
14260,5000084,90
14261,5000521,99
14262,4995711,0
14263,4997169,30
14264,4996003,6
14265,4996003,6
14266,4996586,18
14267,4996440,15
14268,4996440,15
14269,4995711,0
14270,4995711,0
14271,5001105,111
14272,4997169,30
14273,4995711,0
14274,4996003,6
14275,4996003,6
14276,4996003,6
14277,4995711,0
14278,5002709,144
14279,4997751,42
14280,4997897,45
14281,4996003,6
14282,4995711,0
14283,4997460,36
14284,4996586,18
14285,4996003,6
14286,4996003,6
14287,5000084,90
14288,4995711,0
14289,4995711,0
14290,4996003,6
14291,4996440,15
14292,4995711,0
14293,4997169,30
14294,4997023,27
14295,4995711,0
14296,4995711,0
14297,4996003,6
14298,4996440,15
14299,4995711,0
14300,5003877,168
14301,5011324,321
14302,4996003,6
14303,4997023,27
14304,4996003,6
14305,4995711,0
14306,4996003,6
14307,4997169,30
14308,4996003,6
14309,4996440,15
14310,5000084,90
14311,4996003,6
14312,4996586,18
14313,4995711,0
14314,4997460,36
14315,4996440,15
14316,4999209,72
14317,4996586,18
14318,5006066,213
14319,4995711,0
14320,4995711,0
14321,4996003,6
14322,5003293,156
14323,5000084,90
14324,4996003,6
14325,4996586,18
14326,4995711,0
14327,4996003,6
14328,4996440,15
14329,5005190,195
14330,5000521,99
14331,4996003,6
14332,4997169,30
14333,4996003,6
14334,4997169,30
14335,4995711,0
14336,4996003,6
14337,4996440,15
14338,4996003,6
14339,4996440,15
14340,5003293,156
14341,4995711,0
14342,4996586,18
14343,5005920,210
14344,4996440,15
14345,4995711,0
14346,4996003,6
14347,4996586,18
14348,4996440,15
14349,4996003,6
14350,4995711,0
14351,4995711,0
14352,4995711,0
14353,4995711,0
14354,4996586,18
14355,4997023,27
14356,4996003,6
14357,4996003,6
14358,4996440,15
14359,4996003,6
14360,4996586,18
14361,5027426,651
14362,4995711,0
14363,4996440,15
14364,4995711,0
14365,4997023,27
14366,4997169,30
14367,4996003,6
14368,4996440,15
14369,4996440,15
14370,4996440,15
14371,4995711,0
14372,4996586,18
14373,4996003,6
14374,4997460,36
14375,4996003,6
14376,5006358,219
14377,4996440,15
14378,4996003,6
14379,4996586,18
14380,4996586,18
14381,4996003,6
14382,4998918,66
14383,4995711,0
14384,4996003,6
14385,5000084,90
14386,4996586,18
14387,4999063,69
14388,5000084,90
14389,4999792,84
14390,4996003,6
14391,4995711,0
14392,4995711,0
14393,4996440,15
14394,4996586,18
14395,4995711,0
14396,4997023,27
14397,4995711,0
14398,4996003,6
14399,4996440,15
14400,4996003,6
14401,4996003,6
14402,4996586,18
14403,4996586,18
14404,4996003,6
14405,4996003,6
14406,5003293,156
14407,4995711,0
14408,4996003,6
14409,4997169,30
14410,4996440,15
14411,5004169,174
14412,5000084,90
14413,5005336,198
14414,4996003,6
14415,4995711,0
14416,4996586,18
14417,4995711,0
14418,4995711,0
14419,4996586,18
14420,4996003,6
14421,4995711,0
14422,5002563,141
14423,4995711,0
14424,4996586,18
14425,4995711,0
14426,5001105,111
14427,4995711,0
14428,4996586,18
14429,4996003,6
14430,4996440,15
14431,4995711,0
14432,4996003,6
14433,4995711,0
14434,4996586,18
14435,4997751,42
14436,4996003,6
14437,4996586,18
14438,4995711,0
14439,4997169,30
14440,4996003,6
14441,4995711,0
14442,4996003,6
14443,4995711,0
14444,4996003,6
14445,4995711,0
14446,4996003,6
14447,4995711,0
14448,4996440,15
14449,4998043,48
14450,4996003,6
14451,4995711,0
14452,4997023,27
14453,5000521,99
14454,4996003,6
14455,4997023,27
14456,4995711,0
14457,5005628,204
14458,5000521,99
14459,4996003,6
14460,4996440,15
14461,4996003,6
14462,4996003,6
14463,4995711,0
14464,4996003,6
14465,4996440,15
14466,4996003,6
14467,4995711,0
14468,5000521,99
14469,4996586,18
14470,4996586,18
14471,4995711,0
14472,4996440,15
14473,4996440,15
14474,4995711,0
14475,4998189,51
14476,4996003,6
14477,4995711,0
14478,4996440,15
14479,4996586,18
14480,4996003,6
14481,4997169,30
14482,5004023,171
14483,5004023,171
14484,4996003,6
14485,4996586,18
14486,4995711,0
14487,5000084,90
14488,4996003,6
14489,4995711,0
14490,4995711,0
14491,4996586,18
14492,4997169,30
14493,4996003,6
14494,4997460,36
14495,4997169,30
14496,4995711,0
14497,4995711,0
14498,5094134,2007
14499,4996003,6
14500,4997460,36
14501,5001688,123
14502,4997023,27
14503,5000084,90
14504,4995711,0
14505,4995711,0
14506,4996003,6
14507,5001980,129
14508,5005190,195
14509,4996003,6
14510,5002709,144
14511,5000084,90
14512,4998626,60
14513,4996003,6
14514,4995711,0
14515,5001105,111
14516,4996003,6
14517,4997169,30
14518,4997169,30
14519,4996003,6
14520,4996586,18
14521,4995711,0
14522,4997169,30
14523,4996003,6
14524,4995711,0
14525,4997169,30
14526,4995711,0
14527,4996003,6
14528,5001251,114
14529,4997169,30
14530,4995711,0
14531,4995711,0
14532,4996003,6
14533,4996003,6
14534,4999063,69
14535,4996586,18
14536,4995711,0
14537,4995711,0
14538,4996586,18
14539,4997169,30
14540,5008402,261
14541,4997169,30
14542,4995711,0
14543,4995711,0
14544,4996003,6
14545,4996440,15
14546,4997460,36
14547,4996003,6
14548,4996003,6
14549,4996003,6
14550,4996003,6
14551,4996003,6
14552,4995711,0
14553,4996003,6
14554,4998189,51
14555,4996003,6
14556,4995711,0
14557,4997169,30
14558,4996003,6
14559,4996440,15
14560,4996003,6
14561,5002709,144
14562,4996003,6
14563,4995711,0
14564,4995711,0
14565,4996003,6
14566,4996003,6
14567,4996003,6
14568,4995711,0
14569,4996003,6
14570,5023909,579
14571,4996003,6
14572,4996003,6
14573,4995711,0
14574,4995711,0
14575,4996586,18
14576,4995711,0
14577,5000521,99
14578,4996003,6
14579,5000521,99
14580,4995711,0
14581,4996440,15
14582,4996440,15
14583,4995711,0
14584,4995711,0
14585,4996440,15
14586,4995711,0
14587,4996440,15
14588,4997023,27
14589,4995711,0
14590,4995711,0
14591,4996003,6
14592,4995711,0
14593,4996003,6
14594,4995711,0
14595,5007234,237
14596,4996440,15
14597,5003293,156
14598,4996586,18
14599,4996440,15
14600,4996003,6
14601,4996440,15
14602,4996586,18
14603,4996586,18
14604,4996003,6
14605,4995711,0
14606,4995711,0
14607,4995711,0
14608,4996003,6
14609,4996003,6
14610,4995711,0
14611,4996003,6
14612,4995711,0
14613,4997023,27
14614,4996586,18
14615,5001251,114
14616,4995711,0
14617,4997169,30
14618,4996003,6
14619,4996586,18
14620,4996586,18
14621,4996003,6
14622,5000084,90
14623,5024934,600
14624,4995711,0
14625,4996586,18
14626,4996003,6
14627,5000084,90
14628,4996586,18
14629,4996003,6
14630,4995711,0
14631,4998043,48
14632,4997023,27
14633,4996003,6
14634,4997897,45
14635,4995711,0
14636,4996003,6
14637,4995711,0
14638,4995711,0
14639,4996003,6
14640,4995711,0
14641,5000521,99
14642,4996003,6
14643,4996003,6
14644,4995711,0
14645,4996003,6
14646,4996003,6
14647,4996003,6
14648,4995711,0
14649,4996003,6
14650,4995711,0
14651,4996003,6
14652,4996440,15
14653,4996003,6
14654,4996003,6
14655,4996003,6
14656,4996003,6
14657,4996440,15
14658,4995711,0
14659,4995711,0
14660,4995711,0
14661,4996586,18
14662,4995711,0
14663,4996003,6
14664,4996440,15
14665,4996003,6
14666,4995711,0
14667,5002563,141
14668,4997460,36
14669,4996003,6
14670,4995711,0
14671,4995711,0
14672,4995711,0
14673,4996586,18
14674,4996003,6
14675,4995711,0
14676,4996440,15
14677,4997460,36
14678,5000084,90
14679,4997169,30
14680,4996003,6
14681,4996003,6
14682,4997460,36
14683,4996440,15
14684,4995711,0
14685,4996586,18
14686,4996440,15
14687,4996440,15
14688,4995711,0
14689,4995711,0
14690,4998918,66
14691,4995711,0
14692,4995711,0
14693,4996440,15
14694,4998043,48
14695,5000521,99
14696,4996003,6
14697,4995711,0
14698,4996003,6
14699,5005628,204
14700,4995711,0
14701,4997169,30
14702,4996003,6
14703,4996003,6
14704,5003293,156
14705,5000084,90
14706,4995711,0
14707,4996586,18
14708,4996440,15
14709,5003293,156
14710,4996003,6
14711,4995711,0
14712,4995711,0
14713,4996003,6
14714,4996003,6
14715,4996003,6
14716,4995711,0
14717,5002563,141
14718,4997169,30
14719,4996440,15
14720,5005628,204
14721,4996440,15
14722,5070864,1536
14723,4996440,15
14724,4995711,0
14725,4996003,6
14726,4995711,0
14727,4998918,66
14728,4995711,0
14729,4995711,0
14730,5003293,156
14731,4995711,0
14732,5003877,168
14733,5003293,156
14734,4996003,6
14735,4995711,0
14736,5003293,156
14737,4996586,18
14738,4998918,66
14739,4996586,18
14740,4995711,0
14741,4996003,6
14742,4996003,6
14743,4996003,6
14744,4995711,0
14745,4996440,15
14746,4995711,0
14747,5002709,144
14748,4996003,6
14749,4996586,18
14750,4995711,0
14751,4996003,6
14752,4995711,0
14753,4995711,0
14754,5002709,144
14755,4996003,6
14756,4995711,0
14757,5843156,16119
14758,4996003,6
14759,4997169,30
14760,4998772,63
14761,5000084,90
14762,4996003,6
14763,4996003,6
14764,4996440,15
14765,4996003,6
14766,4996003,6
14767,4996003,6
14768,4996586,18
14769,5000084,90
14770,4996003,6
14771,4995711,0
14772,4995711,0
14773,4995711,0
14774,5001834,126
14775,4996003,6
14776,5002709,144
14777,4996003,6
14778,4996003,6
14779,4995711,0
14780,5005336,198
14781,4996003,6
14782,4996003,6
14783,4995711,0
14784,4996586,18
14785,5000521,99
14786,4996440,15
14787,5000084,90
14788,4996003,6
14789,4996003,6
14790,4995711,0
14791,4998189,51
14792,4996440,15
14793,4996003,6
14794,4997460,36
14795,4997897,45
14796,4996586,18
14797,4997897,45
14798,4996586,18
14799,4995711,0
14800,4996003,6
14801,4995711,0
14802,4996003,6
14803,4995711,0
14804,4996003,6
14805,4996003,6
14806,4996003,6
14807,4995711,0
14808,4995711,0
14809,4996003,6
14810,4996003,6
14811,4997460,36
14812,4996440,15
14813,4997169,30
14814,4996003,6
14815,4996003,6
14816,4996440,15
14817,4996003,6
14818,4996440,15
14819,4996440,15
14820,4995711,0
14821,4996003,6
14822,4995711,0
14823,4997897,45
14824,4996003,6
14825,4996003,6
14826,4995711,0
14827,4996003,6
14828,5015126,399
14829,4995711,0
14830,4995711,0
14831,4997169,30
14832,4995711,0
14833,5025960,621
14834,4995711,0
14835,4996003,6
14836,4996440,15
14837,4996586,18
14838,5004023,171
14839,4997897,45
14840,4997169,30
14841,4997023,27
14842,4995711,0
14843,4996586,18
14844,4996440,15
14845,4996586,18
14846,4996586,18
14847,4995711,0
14848,4995711,0
14849,4995711,0
14850,5000521,99
14851,4996440,15
14852,4996003,6
14853,4996440,15
14854,4996440,15
14855,4995711,0
14856,4995711,0
14857,5012055,336
14858,4995711,0
14859,4996003,6
14860,5000084,90
14861,4995711,0
14862,4996003,6
14863,4996003,6
14864,4996440,15
14865,4996586,18
14866,4996003,6
14867,5000084,90
14868,4998626,60
14869,4996586,18
14870,5003293,156
14871,4996586,18
14872,4996003,6
14873,4996586,18
14874,4996003,6
14875,4996003,6
14876,4996003,6
14877,4996586,18
14878,4995711,0
14879,4995711,0
14880,5008841,270
14881,4996586,18
14882,4996003,6
14883,4996003,6
14884,4995711,0
14885,4995711,0
14886,5000521,99
14887,4996586,18
14888,4996003,6
14889,4995711,0
14890,4996586,18
14891,4996586,18
14892,4996003,6
14893,4996003,6
14894,5002709,144
14895,4995711,0
14896,4998772,63
14897,4997023,27
14898,4996003,6
14899,4995711,0
14900,4997023,27
14901,5005336,198
14902,4996003,6
14903,4996440,15
14904,4996003,6
14905,5009425,282
14906,5000084,90
14907,4995711,0
14908,4995711,0
14909,5000084,90
14910,4995711,0
14911,4996003,6
14912,4996003,6
14913,4996586,18
14914,4995711,0
14915,4996003,6
14916,4996003,6
14917,5004023,171
14918,4997169,30
14919,4996440,15
14920,4996440,15
14921,4996440,15
14922,4995711,0
14923,4995711,0
14924,4996003,6
14925,4996003,6
14926,4997169,30
14927,4995711,0
14928,4995711,0
14929,4997023,27
14930,4995711,0
14931,4998043,48
14932,4996003,6
14933,4998772,63
14934,4996003,6
14935,4996003,6
14936,4996003,6
14937,4997897,45
14938,4996586,18
14939,4996003,6
14940,4995711,0
14941,4996003,6
14942,4995711,0
14943,4995711,0
14944,4997169,30
14945,4996003,6
14946,4995711,0
14947,4997023,27
14948,4996440,15
14949,4996003,6
14950,5000084,90
14951,4995711,0
14952,4996586,18
14953,4996440,15
14954,4995711,0
14955,4996003,6
14956,4996586,18
14957,4995711,0
14958,4995711,0
14959,4996003,6
14960,4996586,18
14961,4996440,15
14962,4995711,0
14963,4996586,18
14964,4996586,18
14965,4995711,0
14966,4995711,0
14967,4996586,18
14968,4997169,30
14969,4996003,6
14970,4995711,0
14971,4995711,0
14972,4996003,6
14973,5025374,609
14974,5000521,99
14975,4996586,18
14976,4996440,15
14977,4997169,30
14978,4997023,27
14979,4997169,30
14980,4995711,0
14981,4996003,6
14982,5024934,600
14983,4996003,6
14984,5014394,384
14985,4996003,6
14986,4996003,6
14987,4997897,45
14988,4996003,6
14989,4997169,30
14990,5000084,90
14991,4997169,30
14992,4996003,6
14993,4997169,30
14994,4996003,6
14995,4996003,6
14996,4996440,15
14997,4996003,6
14998,4996003,6
14999,4996003,6
15000,4997169,30
15001,4997460,36
15002,4995711,0
15003,4995711,0
15004,4995711,0
15005,4996003,6
15006,4995711,0
15007,4996586,18
15008,4995711,0
15009,4997897,45
15010,4997460,36
15011,5005044,192
15012,4995711,0
15013,4996003,6
15014,4997169,30
15015,4996586,18
15016,4996440,15
15017,4996440,15
15018,4996440,15
15019,4996586,18
15020,5006942,231
15021,4996586,18
15022,4995711,0
15023,4995711,0
15024,4996003,6
15025,4996003,6
15026,4996003,6
15027,4995711,0
15028,4995711,0
15029,4996586,18
15030,4995711,0
15031,4995711,0
15032,4995711,0
15033,4996586,18
15034,4999938,87
15035,4996003,6
15036,4995711,0
15037,4995711,0
15038,4998043,48
15039,4996003,6
15040,5000084,90
15041,5002709,144
15042,4995711,0
15043,4996003,6
15044,4995711,0
15045,4996003,6
15046,5000521,99
15047,4997023,27
15048,4996003,6
15049,4996586,18
15050,5000084,90
15051,4996003,6
15052,4995711,0
15053,4996440,15
15054,4996586,18
15055,5006358,219
15056,4996440,15
15057,4995711,0
15058,4997169,30
15059,4997460,36
15060,4995711,0
15061,4997169,30
15062,4996003,6
15063,5011909,333
15064,4997169,30
15065,4996440,15
15066,4997023,27
15067,4999063,69
15068,5026693,636
15069,4995711,0
15070,4996440,15
15071,4995711,0
15072,4995711,0
15073,4995711,0
15074,4995711,0
15075,4995711,0
15076,4995711,0
15077,4996003,6
15078,4997023,27
15079,4996003,6
15080,4996003,6
15081,4996440,15
15082,5002709,144
15083,4995711,0
15084,5005044,192
15085,4996586,18
15086,4995711,0
15087,4996003,6
15088,4996003,6
15089,4996440,15
15090,4996003,6
15091,4995711,0
15092,4998043,48
15093,4996003,6
15094,4995711,0
15095,5000084,90
15096,5000084,90
15097,4996003,6
15098,4995711,0
15099,4995711,0
15100,4997751,42
15101,4995711,0
15102,4995711,0
15103,5011032,315
15104,4995711,0
15105,4996003,6
15106,4995711,0
15107,4996003,6
15108,4995711,0
15109,4996440,15
15110,5000084,90
15111,5006066,213
15112,5012055,336
15113,4995711,0
15114,5001105,111
15115,4997897,45
15116,4996586,18
15117,4996586,18
15118,4995711,0
15119,4996003,6
15120,5003293,156
15121,4995711,0
15122,4996586,18
15123,4995711,0
15124,4996003,6
15125,4996003,6
15126,4995711,0
15127,4996586,18
15128,4995711,0
15129,5004169,174
15130,5000084,90
15131,4996003,6
15132,4996586,18
15133,5000084,90
15134,4995711,0
15135,4996003,6
15136,4996003,6
15137,4996586,18
15138,4996440,15
15139,4997169,30
15140,4996003,6
15141,4996003,6
15142,4995711,0
15143,4996003,6
15144,4996003,6
15145,4997023,27
15146,4995711,0
15147,4997023,27
15148,4996003,6
15149,4995711,0
15150,4996003,6
15151,5014833,393
15152,4995711,0
15153,4996003,6
15154,4996440,15
15155,4996586,18
15156,4995711,0
15157,4995711,0
15158,4996440,15
15159,4997897,45
15160,4996440,15
15161,4995711,0
15162,4995711,0
15163,4996003,6
15164,5002563,141
15165,4996440,15
15166,4995711,0
15167,4995711,0
15168,4996586,18
15169,4996003,6
15170,4996003,6
15171,4996003,6
15172,5000521,99
15173,4995711,0
15174,4996003,6
15175,5002709,144
15176,5001251,114
15177,4996440,15
15178,4996586,18
15179,4996003,6
15180,4995711,0
15181,4998189,51
15182,4996586,18
15183,4995711,0
15184,4996003,6
15185,4996003,6
15186,4998043,48
15187,5549681,10818
15188,4997169,30
15189,5005336,198
15190,4997897,45
15191,5000521,99
15192,5040639,921
15193,4997169,30
15194,4996003,6
15195,4997169,30
15196,4997460,36
15197,4997169,30
15198,4997751,42
15199,4996586,18
15200,4997460,36
15201,4996003,6
15202,4996586,18
15203,4996003,6
15204,5003293,156
15205,4995711,0
15206,5002709,144
15207,4995711,0
15208,4995711,0
15209,4995711,0
15210,4996003,6
15211,4996440,15
15212,4996586,18
15213,4995711,0
15214,4995711,0
15215,4996003,6
15216,4996586,18
15217,4995711,0
15218,4996003,6
15219,4995711,0
15220,4996586,18
15221,4996003,6
15222,5004023,171
15223,4995711,0
15224,4995711,0
15225,4995711,0
15226,4996586,18
15227,4997023,27
15228,4996440,15
15229,4996586,18
15230,4995711,0
15231,4995711,0
15232,5000521,99
15233,4996003,6
15234,4995711,0
15235,4996003,6
15236,4997023,27
15237,4995711,0
15238,4996440,15
15239,4996003,6
15240,4996586,18
15241,4997460,36
15242,4996440,15
15243,4996003,6
15244,4996586,18
15245,4996003,6
15246,4996003,6
15247,4996003,6
15248,4996440,15
15249,4995711,0
15250,4996003,6
15251,4996003,6
15252,4996003,6
15253,4996003,6
15254,4995711,0
15255,4996586,18
15256,4997169,30
15257,4995711,0
15258,4997169,30
15259,4996003,6
15260,4995711,0
15261,4995711,0
15262,4995711,0
15263,4996003,6
15264,4995711,0
15265,4996586,18
15266,4995711,0
15267,5000084,90
15268,4995711,0
15269,4995711,0
15270,4995711,0
15271,4996586,18
15272,4996003,6
15273,4996003,6
15274,5004169,174
15275,4995711,0
15276,5002709,144
15277,4995711,0
15278,4998043,48
15279,4995711,0
15280,4995711,0
15281,4997897,45
15282,4996003,6
15283,4996003,6
15284,4995711,0
15285,4996003,6
15286,5000084,90
15287,4995711,0
15288,4995711,0
15289,5002709,144
15290,4996003,6
15291,4995711,0
15292,4997460,36
15293,4995711,0
15294,4996003,6
15295,4996003,6
15296,4995711,0
15297,4996003,6
15298,4996003,6
15299,4995711,0
15300,4996440,15
15301,4996586,18
15302,5009425,282
15303,4996440,15
15304,5000084,90
15305,4996003,6
15306,4997023,27
15307,4996586,18
15308,4996003,6
15309,4996440,15
15310,4995711,0
15311,4995711,0
15312,4997169,30
15313,4996586,18
15314,4995711,0
15315,4996003,6
15316,4995711,0
15317,4996440,15
15318,4995711,0
15319,4996003,6
15320,4995711,0
15321,4995711,0
15322,4995711,0
15323,4995711,0
15324,5005190,195
15325,4997751,42
15326,4996586,18
15327,4995711,0
15328,4996003,6
15329,4995711,0
15330,4995711,0
15331,4996586,18
15332,5006358,219
15333,4995711,0
15334,4996003,6
15335,4997169,30
15336,4995711,0
15337,4995711,0
15338,4996003,6
15339,4996003,6
15340,4996003,6
15341,4997023,27
15342,4995711,0
15343,4995711,0
15344,5000521,99
15345,5002709,144
15346,4997897,45
15347,4996003,6
15348,4997169,30
15349,4997751,42
15350,4995711,0
15351,4995711,0
15352,4996440,15
15353,4996440,15
15354,4995711,0
15355,4997169,30
15356,4995711,0
15357,4995711,0
15358,4996003,6
15359,4996003,6
15360,4995711,0
15361,4995711,0
15362,5005628,204
15363,5005336,198
15364,4996003,6
15365,5011763,330
15366,5000084,90
15367,4995711,0
15368,4997460,36
15369,4995711,0
15370,4999209,72
15371,4996003,6
15372,4996586,18
15373,4996440,15
15374,4996003,6
15375,4996586,18
15376,4998043,48
15377,4995711,0
15378,4996003,6
15379,4996586,18
15380,4995711,0
15381,4995711,0
15382,4995711,0
15383,4996586,18
15384,4995711,0
15385,4996586,18
15386,5014248,381
15387,4996003,6
15388,4995711,0
15389,4995711,0
15390,4995711,0
15391,4995711,0
15392,4995711,0
15393,4996003,6
15394,4995711,0
15395,4995711,0
15396,4997169,30
15397,4996003,6
15398,4996440,15
15399,4997169,30
15400,4995711,0
15401,4997897,45
15402,4995711,0
15403,4996440,15
15404,4995711,0
15405,4995711,0
15406,4995711,0
15407,4995711,0
15408,4995711,0
15409,5005628,204
15410,4998189,51
15411,4996586,18
15412,4996003,6
15413,4997169,30
15414,4996003,6
15415,4996003,6
15416,5021272,525
15417,4996003,6
15418,5005044,192
15419,4996003,6
15420,4996003,6
15421,4997023,27
15422,4996440,15
15423,4995711,0
15424,4996440,15
15425,4997169,30
15426,4996003,6
15427,4996586,18
15428,4996003,6
15429,4996440,15
15430,4996586,18
15431,5043432,978
15432,4997169,30
15433,4996003,6
15434,5016003,417
15435,4998189,51
15436,4995711,0
15437,4996440,15
15438,4996440,15
15439,4995711,0
15440,4996440,15
15441,5008841,270
15442,4996586,18
15443,4995711,0
15444,4996440,15
15445,4997169,30
15446,4997897,45
15447,4995711,0
15448,4995711,0
15449,4996586,18
15450,4996003,6
15451,4996586,18
15452,4996586,18
15453,4996003,6
15454,4995711,0
15455,4996586,18
15456,4996440,15
15457,4996003,6
15458,4995711,0
15459,5001397,117
15460,4996003,6
15461,4996003,6
15462,4997169,30
15463,5007234,237
15464,4996586,18
15465,4995711,0
15466,5025374,609
15467,4997023,27
15468,4996003,6
15469,4996003,6
15470,5024934,600
15471,5000084,90
15472,4996586,18
15473,4996003,6
15474,4997023,27
15475,4997897,45
15476,4996003,6
15477,4996003,6
15478,4996003,6
15479,4996003,6
15480,4996003,6
15481,5307039,6219
15482,4995711,0
15483,4997751,42
15484,4996003,6
15485,4997897,45
15486,4995711,0
15487,4997897,45
15488,5005336,198
15489,4995711,0
15490,4997460,36
15491,4997169,30
15492,4995711,0
15493,4997460,36
15494,4997751,42
15495,4995711,0
15496,4995711,0
15497,4996586,18
15498,4995711,0
15499,4996003,6
15500,4995711,0
15501,4995711,0
15502,4996440,15
15503,4995711,0
15504,4996586,18
15505,4996003,6
15506,4996003,6
15507,4996003,6
15508,5013809,372
15509,4996003,6
15510,4996440,15
15511,5201620,4155
15512,4995711,0
15513,4996586,18
15514,4996440,15
15515,4996586,18
15516,4996440,15
15517,4996586,18
15518,4997169,30
15519,4996003,6
15520,4996003,6
15521,4997897,45
15522,5002709,144
15523,4996003,6
15524,4997897,45
15525,4996003,6
15526,4995711,0
15527,4996003,6
15528,4996003,6
15529,4998189,51
15530,4998918,66
15531,4997460,36
15532,4995711,0
15533,4995711,0
15534,4995711,0
15535,5008402,261
15536,4996003,6
15537,4996003,6
15538,4998772,63
15539,4995711,0
15540,4996586,18
15541,4996586,18
15542,4995711,0
15543,4996003,6
15544,4995711,0
15545,4997897,45
15546,4996586,18
15547,4997169,30
15548,4996003,6
15549,4996003,6
15550,4996586,18
15551,4995711,0
15552,4995711,0
15553,4996440,15
15554,4997023,27
15555,4995711,0
15556,4999938,87
15557,4995711,0
15558,4996586,18
15559,4996440,15
15560,4995711,0
15561,4996003,6
15562,4996586,18
15563,4997169,30
15564,4997169,30
15565,4996003,6
15566,4998043,48
15567,4996003,6
15568,4997023,27
15569,4996003,6
15570,4996003,6
15571,4995711,0
15572,4996003,6
15573,4996440,15
15574,4996003,6
15575,4997169,30
15576,4995711,0
15577,5003293,156
15578,5012201,339
15579,4995711,0
15580,4996003,6
15581,4996003,6
15582,4995711,0
15583,4996003,6
15584,4996440,15
15585,4996003,6
15586,4996003,6
15587,4996003,6
15588,4998918,66
15589,4995711,0
15590,4996003,6
15591,4996586,18
15592,4996003,6
15593,4996003,6
15594,4996586,18
15595,5001251,114
15596,4996003,6
15597,4995711,0
15598,5000084,90
15599,4997460,36
15600,4996440,15
15601,4995711,0
15602,4995711,0
15603,4995711,0
15604,4996003,6
15605,4995711,0
15606,4997897,45
15607,4995711,0
15608,4996003,6
15609,5003293,156
15610,4995711,0
15611,4996003,6
15612,5001834,126
15613,4996586,18
15614,4995711,0
15615,5008256,258
15616,4996003,6
15617,4996003,6
15618,4997169,30
15619,4996586,18
15620,4996003,6
15621,4996003,6
15622,4996440,15
15623,4995711,0
15624,4995711,0
15625,5047552,1062
15626,5001251,114
15627,4996440,15
15628,4995711,0
15629,4996440,15
15630,4998189,51
15631,4997023,27
15632,4995711,0
15633,4996003,6
15634,4996003,6
15635,4995711,0
15636,4996003,6
15637,5002709,144
15638,4995711,0
15639,4996440,15
15640,4996003,6
15641,4996586,18
15642,4995711,0
15643,4995711,0
15644,4996003,6
15645,4995711,0
15646,4995711,0
15647,4995711,0
15648,4997897,45
15649,4996003,6
15650,4997169,30
15651,4996003,6
15652,4995711,0
15653,4995711,0
15654,4997460,36
15655,4998043,48
15656,4996003,6
15657,4996003,6
15658,4996003,6
15659,4996440,15
15660,4995711,0
15661,4995711,0
15662,4995711,0
15663,4996003,6
15664,5002709,144
15665,4995711,0
15666,5002709,144
15667,4996003,6
15668,4995711,0
15669,5006358,219
15670,4996440,15
15671,4997169,30
15672,4997023,27
15673,4997897,45
15674,4996586,18
15675,4996003,6
15676,4996440,15
15677,4996586,18
15678,4996003,6
15679,4996003,6
15680,4995711,0
15681,4996586,18
15682,4996586,18
15683,4995711,0
15684,4997897,45
15685,4995711,0
15686,4995711,0
15687,4996003,6
15688,4996440,15
15689,4996003,6
15690,4997169,30
15691,4996003,6
15692,5000084,90
15693,5045345,1017
15694,4996003,6
15695,4998043,48
15696,4997169,30
15697,5000084,90
15698,4997897,45
15699,4996586,18
15700,4997897,45
15701,4997023,27
15702,5000084,90
15703,4996440,15
15704,4996586,18
15705,4996003,6
15706,4996440,15
15707,4998772,63
15708,4996586,18
15709,4996440,15
15710,4995711,0
15711,4996003,6
15712,4995711,0
15713,4996586,18
15714,4996003,6
15715,4996003,6
15716,5000084,90
15717,4996003,6
15718,4996003,6
15719,4997169,30
15720,4996440,15
15721,5000084,90
15722,5411280,8220
15723,4997023,27
15724,4995711,0
15725,4995711,0
15726,4995711,0
15727,4996440,15
15728,4996586,18
15729,4996003,6
15730,4996003,6
15731,4996003,6
15732,5002709,144
15733,4996003,6
15734,5128118,2691
15735,5005628,204
15736,4995711,0
15737,4997169,30
15738,4995711,0
15739,4996586,18
15740,4995711,0
15741,4996586,18
15742,4995711,0
15743,4995711,0
15744,4995711,0
15745,4995711,0
15746,5001688,123
15747,5000521,99
15748,4995711,0
15749,4996586,18
15750,4995711,0
15751,4995711,0
15752,4995711,0
15753,4996440,15
15754,4995711,0
15755,4995711,0
15756,4995711,0
15757,5000521,99
15758,4995711,0
15759,4996003,6
15760,4996003,6
15761,5006358,219
15762,4996440,15
15763,4995711,0
15764,4996003,6
15765,4996003,6
15766,4995711,0
15767,4997169,30
15768,4996440,15
15769,4996003,6
15770,5007234,237
15771,4996003,6
15772,4995711,0
15773,5000084,90
15774,4995711,0
15775,4996440,15
15776,4997169,30
15777,4996586,18
15778,4996003,6
15779,4996003,6
15780,4996586,18
15781,4995711,0
15782,4996003,6
15783,4996586,18
15784,4997169,30
15785,4995711,0
15786,5018344,465
15787,4995711,0
15788,4996586,18
15789,5002709,144
15790,4995711,0
15791,4997169,30
15792,4995711,0
15793,4996003,6
15794,4995711,0
15795,4995711,0
15796,4996586,18
15797,4996003,6
15798,4995711,0
15799,4995711,0
15800,5000084,90
15801,5005336,198
15802,4995711,0
15803,5002709,144
15804,4996440,15
15805,4997169,30
15806,4996003,6
15807,4995711,0
15808,4996003,6
15809,4996003,6
15810,4995711,0
15811,4995711,0
15812,4996003,6
15813,5005628,204
15814,4995711,0
15815,4996003,6
15816,4996440,15
15817,4996003,6
15818,4996003,6
15819,4995711,0
15820,5003293,156
15821,4995711,0
15822,5000084,90
15823,5000084,90
15824,4996586,18
15825,4996586,18
15826,4996003,6
15827,4995711,0
15828,4996003,6
15829,4996003,6
15830,4996003,6
15831,4996003,6
15832,4996440,15
15833,4996003,6
15834,4996003,6
15835,4995711,0
15836,4995711,0
15837,4995711,0
15838,4996440,15
15839,4996586,18
15840,4995711,0
15841,4996003,6
15842,4996440,15
15843,4996440,15
15844,4997460,36
15845,4995711,0
15846,4995711,0
15847,4996440,15
15848,4996003,6
15849,4996003,6
15850,4996003,6
15851,4996440,15
15852,4995711,0
15853,4995711,0
15854,4995711,0
15855,4995711,0
15856,4996586,18
15857,4996440,15
15858,4996003,6
15859,4996003,6
15860,4995711,0
15861,4996440,15
15862,4995711,0
15863,4996586,18
15864,4995711,0
15865,5003293,156
15866,4997169,30
15867,4996003,6
15868,4997751,42
15869,4996003,6
15870,4997169,30
15871,4997023,27
15872,4995711,0
15873,4996003,6
15874,4996003,6
15875,4996440,15
15876,4996586,18
15877,4995711,0
15878,4996003,6
15879,4996440,15
15880,4995711,0
15881,4996586,18
15882,4996003,6
15883,4997169,30
15884,4996586,18
15885,4995711,0
15886,4996003,6
15887,4997460,36
15888,4995711,0
15889,4996003,6
15890,4996003,6
15891,4996003,6
15892,4996440,15
15893,4996003,6
15894,4995711,0
15895,4996003,6
15896,4995711,0
15897,4999938,87
15898,4999209,72
15899,4996440,15
15900,4995711,0
15901,4995711,0
15902,4996586,18
15903,4995711,0
15904,4995711,0
15905,4995711,0
15906,4996003,6
15907,4996003,6
15908,5000521,99
15909,4995711,0
15910,4996586,18
15911,4995711,0
15912,4995711,0
15913,4997023,27
15914,4997897,45
15915,4996586,18
15916,4995711,0
15917,4996586,18
15918,4996003,6
15919,4998918,66
15920,4996003,6
15921,4996586,18
15922,4996586,18
15923,4995711,0
15924,4997897,45
15925,4996440,15
15926,4996003,6
15927,5000084,90
15928,4996586,18
15929,4995711,0
15930,4995711,0
15931,4996003,6
15932,4995711,0
15933,4996003,6
15934,4996003,6
15935,5001105,111
15936,4996586,18
15937,4997897,45
15938,4996003,6
15939,4996586,18
15940,4996003,6
15941,5002709,144
15942,4997169,30
15943,5030066,705
15944,4995711,0
15945,4996003,6
15946,4997023,27
15947,4996003,6
15948,4996586,18
15949,4995711,0
15950,4995711,0
15951,5000084,90
15952,4995711,0
15953,4995711,0
15954,4997023,27
15955,4996003,6
15956,4996586,18
15957,4997751,42
15958,4996003,6
15959,4996003,6
15960,8961801,60117
15961,4995711,0
15962,4995711,0
15963,4995711,0
15964,4995711,0
15965,5008256,258
15966,4996440,15
15967,4995711,0
15968,4996003,6
15969,5002709,144
15970,4997751,42
15971,4996440,15
15972,4995711,0
15973,4997169,30
15974,4996586,18
15975,4995711,0
15976,4995711,0
15977,4996440,15
15978,4996586,18
15979,4996440,15
15980,5027866,660
15981,4996440,15
15982,4996003,6
15983,4996003,6
15984,4996003,6
15985,4996440,15
15986,4996003,6
15987,4995711,0
15988,4996586,18
15989,4996586,18
15990,4996003,6
15991,4995711,0
15992,5002709,144
15993,4996003,6
15994,4995711,0
15995,5000084,90
15996,4995711,0
15997,4996003,6
15998,4996003,6
15999,4996440,15
16000,4996003,6
16001,4995711,0
16002,4996586,18
16003,4995711,0
16004,4998189,51
16005,4995711,0
16006,5000084,90
16007,4996003,6
16008,4995711,0
16009,5000521,99
16010,4995711,0
16011,4996003,6
16012,4995711,0
16013,4996003,6
16014,4996586,18
16015,4996003,6
16016,4997023,27
16017,4995711,0
16018,4996003,6
16019,4996003,6
16020,4996003,6
16021,4996003,6
16022,4996003,6
16023,4995711,0
16024,4995711,0
16025,4997460,36
16026,4996003,6
16027,4997023,27
16028,4997460,36
16029,4995711,0
16030,4995711,0
16031,4996586,18
16032,4996586,18
16033,4996586,18
16034,4996003,6
16035,4996003,6
16036,4995711,0
16037,4996003,6
16038,4996003,6
16039,4995711,0
16040,4996003,6
16041,4996003,6
16042,4996003,6
16043,5645995,12588
16044,4996003,6
16045,4996003,6
16046,4996440,15
16047,4995711,0
16048,4995711,0
16049,4996440,15
16050,4996003,6
16051,4997169,30
16052,4996003,6
16053,4996003,6
16054,5003147,153
16055,4995711,0
16056,5024934,600
16057,4995711,0
16058,4996003,6
16059,4997169,30
16060,4997169,30
16061,4996586,18
16062,4996586,18
16063,4995711,0
16064,4996003,6
16065,4995711,0
16066,4995711,0
16067,4997169,30
16068,4995711,0
16069,4996003,6
16070,4995711,0
16071,4998043,48
16072,4996586,18
16073,4996003,6
16074,4997169,30
16075,5002709,144
16076,4995711,0
16077,4996003,6
16078,4996440,15
16079,4997897,45
16080,4995711,0
16081,4996003,6
16082,4996586,18
16083,4997169,30
16084,4996440,15
16085,4996003,6
16086,4996003,6
16087,4995711,0
16088,4996003,6
16089,4995711,0
16090,4996003,6
16091,4996003,6
16092,4997169,30
16093,4996003,6
16094,4996586,18
16095,4995711,0
16096,4996003,6
16097,4996003,6
16098,4995711,0
16099,4995711,0
16100,4996003,6
16101,4996003,6
16102,4996003,6
16103,4995711,0
16104,4996003,6
16105,4995711,0
16106,4996586,18
16107,4997023,27
16108,4998043,48
16109,4996586,18
16110,4997897,45
16111,4995711,0
16112,4996586,18
16113,5003293,156
16114,4996440,15
16115,4995711,0
16116,5004169,174
16117,4996003,6
16118,4995711,0
16119,5000521,99
16120,4997169,30
16121,4996003,6
16122,4996440,15
16123,4995711,0
16124,4995711,0
16125,4995711,0
16126,4997169,30
16127,5006942,231
16128,4996003,6
16129,4996440,15
16130,4996003,6
16131,4997169,30
16132,4996003,6
16133,4995711,0
16134,4995711,0
16135,4996586,18
16136,4997169,30
16137,4996003,6
16138,4996003,6
16139,4995711,0
16140,5044021,990
16141,5174085,3609
16142,4995711,0
16143,4999501,78
16144,4995711,0
16145,4995711,0
16146,4996003,6
16147,5003147,153
16148,4995711,0
16149,4997169,30
16150,4996003,6
16151,4996440,15
16152,4995711,0
16153,4996003,6
16154,4995711,0
16155,4996003,6
16156,4996586,18
16157,4995711,0
16158,4996003,6
16159,4997897,45
16160,4995711,0
16161,4997751,42
16162,4996003,6
16163,4996003,6
16164,4995711,0
16165,5000084,90
16166,4995711,0
16167,4995711,0
16168,4996440,15
16169,4996003,6
16170,4996440,15
16171,4997897,45
16172,4996586,18
16173,5914130,17361
16174,4995711,0
16175,4995711,0
16176,4996003,6
16177,4996586,18
16178,5011471,324
16179,4996440,15
16180,4997023,27
16181,4995711,0
16182,4995711,0
16183,4997169,30
16184,4996586,18
16185,4997169,30
16186,4996003,6
16187,4996440,15
16188,4996003,6
16189,4996003,6
16190,4996003,6
16191,4995711,0
16192,4997897,45
16193,4996003,6
16194,4996003,6
16195,4996003,6
16196,4995711,0
16197,4996003,6
16198,4997023,27
16199,4996586,18
16200,4996586,18
16201,4995711,0
16202,4996003,6
16203,4996003,6
16204,5004898,189
16205,4996440,15
16206,5000084,90
16207,4996003,6
16208,4995711,0
16209,4995711,0
16210,4995711,0
16211,4998772,63
16212,4995711,0
16213,4995711,0
16214,4996003,6
16215,4996003,6
16216,4995711,0
16217,4995711,0
16218,4996440,15
16219,4996003,6
16220,4996003,6
16221,5000084,90
16222,4995711,0
16223,4996003,6
16224,4995711,0
16225,5000084,90
16226,4997169,30
16227,4995711,0
16228,4996586,18
16229,4996003,6
16230,4996003,6
16231,4995711,0
16232,4996003,6
16233,5006066,213
16234,4995711,0
16235,4995711,0
16236,4997023,27
16237,4995711,0
16238,4995711,0
16239,4995711,0
16240,4996440,15
16241,4996440,15
16242,5003293,156
16243,4996003,6
16244,4996586,18
16245,4995711,0
16246,4996586,18
16247,4996003,6
16248,4995711,0
16249,4996003,6
16250,4996003,6
16251,4995711,0
16252,4996003,6
16253,4998189,51
16254,4997169,30
16255,4996003,6
16256,4997169,30
16257,4997023,27
16258,4995711,0
16259,4995711,0
16260,4996440,15
16261,5005920,210
16262,4997169,30
16263,4996003,6
16264,4996440,15
16265,4995711,0
16266,4997023,27
16267,4995711,0
16268,4996003,6
16269,4996003,6
16270,4996586,18
16271,4995711,0
16272,4996586,18
16273,4996003,6
16274,4997897,45
16275,4995711,0
16276,4996586,18
16277,4996003,6
16278,4999063,69
16279,4996440,15
16280,4996003,6
16281,4996003,6
16282,4996440,15
16283,4996003,6
16284,4996003,6
16285,4997169,30
16286,4997169,30
16287,5026693,636
16288,4996440,15
16289,4995711,0
16290,4996003,6
16291,4996003,6
16292,4997023,27
16293,4996003,6
16294,5014541,387
16295,4995711,0
16296,4998918,66
16297,4996003,6
16298,4996440,15
16299,4996003,6
16300,4997169,30
16301,4996003,6
16302,4995711,0
16303,4996003,6
16304,4995711,0
16305,4997169,30
16306,4995711,0
16307,4996003,6
16308,4996440,15
16309,4995711,0
16310,4995711,0
16311,4995711,0
16312,4997023,27
16313,5002709,144
16314,4995711,0
16315,4997169,30
16316,5000521,99
16317,4995711,0
16318,4996003,6
16319,4996003,6
16320,4995711,0
16321,4995711,0
16322,4995711,0
16323,4996003,6
16324,5000521,99
16325,4996586,18
16326,5014394,384
16327,4997023,27
16328,4996440,15
16329,4995711,0
16330,4995711,0
16331,4996003,6
16332,4996586,18
16333,4996003,6
16334,4995711,0
16335,4996003,6
16336,4997169,30
16337,4996003,6
16338,4996586,18
16339,4996440,15
16340,4995711,0
16341,4995711,0
16342,4995711,0
16343,4996003,6
16344,4996003,6
16345,4995711,0
16346,4995711,0
16347,5000521,99
16348,5004023,171
16349,4995711,0
16350,4996586,18
16351,4997897,45
16352,4996586,18
16353,4996003,6
16354,4996440,15
16355,4997751,42
16356,4998189,51
16357,4997897,45
16358,4997169,30
16359,4995711,0
16360,4996440,15
16361,4996003,6
16362,5003293,156
16363,4995711,0
16364,4996586,18
16365,5012055,336
16366,4996003,6
16367,4996003,6
16368,4995711,0
16369,4997169,30
16370,4996003,6
16371,4996586,18
16372,4996003,6
16373,5015126,399
16374,4996003,6
16375,4996003,6
16376,4995711,0
16377,4996003,6
16378,5000084,90
16379,4996003,6
16380,4996003,6
16381,4996003,6
16382,4996003,6
16383,4997897,45
16384,4995711,0
16385,4995711,0
16386,4996586,18
16387,4996003,6
16388,4997023,27
16389,4995711,0
16390,4996586,18
16391,4996003,6
16392,4997169,30
16393,4996003,6
16394,4995711,0
16395,4996003,6
16396,4995711,0
16397,4996440,15
16398,4995711,0
16399,4998189,51
16400,5001105,111
16401,4997897,45
16402,4996440,15
16403,4996003,6
16404,4996586,18
16405,4997023,27
16406,4996440,15
16407,4996003,6
16408,4997169,30
16409,4995711,0
16410,4995711,0
16411,4996003,6
16412,4996586,18
16413,4996003,6
16414,4996003,6
16415,4997460,36
16416,4995711,0
16417,5001251,114
16418,5000084,90
16419,4996586,18
16420,4997023,27
16421,4997023,27
16422,5014248,381
16423,4997897,45
16424,4996586,18
16425,4995711,0
16426,4996003,6
16427,4996586,18
16428,4996440,15
16429,4997023,27
16430,5033000,765
16431,5014248,381
16432,4996586,18
16433,4996003,6
16434,4995711,0
16435,4995711,0
16436,4996586,18
16437,4998772,63
16438,4997169,30
16439,4995711,0
16440,4995711,0
16441,4996003,6
16442,4995711,0
16443,4996440,15
16444,4996003,6
16445,4996003,6
16446,4995711,0
16447,4996586,18
16448,4996003,6
16449,4996586,18
16450,4996440,15
16451,4995711,0
16452,4996003,6
16453,5000084,90
16454,4997460,36
16455,4995711,0
16456,4997169,30
16457,4995711,0
16458,4997023,27
16459,4996003,6
16460,5127221,2673
16461,4995711,0
16462,4996003,6
16463,4996003,6
16464,4996003,6
16465,4995711,0
16466,4996003,6
16467,4995711,0
16468,4996586,18
16469,4996003,6
16470,4996003,6
16471,5000084,90
16472,4996003,6
16473,4995711,0
16474,4996586,18
16475,4996440,15
16476,4996440,15
16477,4995711,0
16478,5000084,90
16479,4996003,6
16480,4996003,6
16481,5000084,90
16482,4996003,6
16483,4995711,0
16484,4995711,0
16485,4995711,0
16486,4995711,0
16487,4997169,30
16488,4997169,30
16489,4996586,18
16490,4995711,0
16491,4995711,0
16492,4996586,18
16493,4995711,0
16494,4996586,18
16495,4997897,45
16496,5005044,192
16497,4996003,6
16498,4995711,0
16499,5006066,213
16500,4996440,15
16501,4997169,30
16502,5000084,90
16503,4996440,15
16504,5002709,144
16505,4996440,15
16506,4996440,15
16507,4996003,6
16508,4995711,0
16509,4996440,15
16510,4996003,6
16511,4996003,6
16512,5018930,477
16513,4996003,6
16514,4995711,0
16515,4997169,30
16516,4995711,0
16517,5001251,114
16518,4996440,15
16519,4996003,6
16520,4996586,18
16521,4995711,0
16522,5003293,156
16523,4996440,15
16524,4995711,0
16525,5021272,525
16526,4995711,0
16527,4996003,6
16528,5024934,600
16529,4996003,6
16530,4996003,6
16531,4996003,6
16532,4995711,0
16533,4995711,0
16534,4995711,0
16535,5000521,99
16536,4995711,0
16537,4995711,0
16538,4995711,0
16539,4995711,0
16540,4996003,6
16541,4996003,6
16542,4996003,6
16543,4996440,15
16544,4995711,0
16545,4996440,15
16546,4995711,0
16547,4995711,0
16548,4995711,0
16549,4996586,18
16550,4995711,0
16551,4997023,27
16552,4995711,0
16553,4996003,6
16554,4995711,0
16555,4996440,15
16556,4997169,30
16557,4995711,0
16558,4995711,0
16559,4996586,18
16560,4995711,0
16561,4996003,6
16562,4995711,0
16563,4996003,6
16564,4996003,6
16565,4996003,6
16566,4996586,18
16567,4996003,6
16568,4996586,18
16569,4997169,30
16570,5659183,12828
16571,4996003,6
16572,4996003,6
16573,4996440,15
16574,4996586,18
16575,4995711,0
16576,4995711,0
16577,4996586,18
16578,4997460,36
16579,4996586,18
16580,4996003,6
16581,4995711,0
16582,4995711,0
16583,4996586,18
16584,4995711,0
16585,4995711,0
16586,4996003,6
16587,4996003,6
16588,4996003,6
16589,4997897,45
16590,4996586,18
16591,4996586,18
16592,4996003,6
16593,4997169,30
16594,4996003,6
16595,4996586,18
16596,4995711,0
16597,4995711,0
16598,4996003,6
16599,4997169,30
16600,4995711,0
16601,4997023,27
16602,4995711,0
16603,4996586,18
16604,4996440,15
16605,4996586,18
16606,4996003,6
16607,4996003,6
16608,4996586,18
16609,4996003,6
16610,4996586,18
16611,4996003,6
16612,4996003,6
16613,4996440,15
16614,4996003,6
16615,4996003,6
16616,5002709,144
16617,4995711,0
16618,4995711,0
16619,4996440,15
16620,4995711,0
16621,4996003,6
16622,4996440,15
16623,5000521,99
16624,4995711,0
16625,4997169,30
16626,4995711,0
16627,4996586,18
16628,4995711,0
16629,5008110,255
16630,4997169,30
16631,4996440,15
16632,4995711,0
16633,4997751,42
16634,5002563,141
16635,4999938,87
16636,4996586,18
16637,4997169,30
16638,4996440,15
16639,4996440,15
16640,5004169,174
16641,4996440,15
16642,4995711,0
16643,4996003,6
16644,5025374,609
16645,4996003,6
16646,4995711,0
16647,5000521,99
16648,4995711,0
16649,4996440,15
16650,4996586,18
16651,5000084,90
16652,4995711,0
16653,4995711,0
16654,4996586,18
16655,5018052,459
16656,4996003,6
16657,4995711,0
16658,4996003,6
16659,4998189,51
16660,4997169,30
16661,4996586,18
16662,5001251,114
16663,4996586,18
16664,4996003,6
16665,4996586,18
16666,4996003,6
16667,4996003,6
16668,4996003,6
16669,4995711,0
16670,4997023,27
16671,4996003,6
16672,4997460,36
16673,4996440,15
16674,4995711,0
16675,4995711,0
16676,4998043,48
16677,4997169,30
16678,5004169,174
16679,4996003,6
16680,4996003,6
16681,4995711,0
16682,4996586,18
16683,4996003,6
16684,4997023,27
16685,4996003,6
16686,4996003,6
16687,4996586,18
16688,4995711,0
16689,4995711,0
16690,4998189,51
16691,4996440,15
16692,4998043,48
16693,4996003,6
16694,4996003,6
16695,4997023,27
16696,4996003,6
16697,4997460,36
16698,4996003,6
16699,5005044,192
16700,4995711,0
16701,4996003,6
16702,4995711,0
16703,4996003,6
16704,4996003,6
16705,4996003,6
16706,5000084,90
16707,4995711,0
16708,5006066,213
16709,4996586,18
16710,4997897,45
16711,4996003,6
16712,4996440,15
16713,5001834,126
16714,4995711,0
16715,4996586,18
16716,4997169,30
16717,4995711,0
16718,4996586,18
16719,4995711,0
16720,4996003,6
16721,4995711,0
16722,4995711,0
16723,4995711,0
16724,4996003,6
16725,4996003,6
16726,4996586,18
16727,5000084,90
16728,4996003,6
16729,4996003,6
16730,4995711,0
16731,4996003,6
16732,4996586,18
16733,4995711,0
16734,4996003,6
16735,4996003,6
16736,5002709,144
16737,4995711,0
16738,4996440,15
16739,4996003,6
16740,4995711,0
16741,4996003,6
16742,4998043,48
16743,4996440,15
16744,4995711,0
16745,4995711,0
16746,4996586,18
16747,4995711,0
16748,5000084,90
16749,5007234,237
16750,5021272,525
16751,4996003,6
16752,5004752,186
16753,4996586,18
16754,4996003,6
16755,4997023,27
16756,4996586,18
16757,4996003,6
16758,4996003,6
16759,5000084,90
16760,4995711,0
16761,4995711,0
16762,4996440,15
16763,4996586,18
16764,4996586,18
16765,4995711,0
16766,4995711,0
16767,4996003,6
16768,4996003,6
16769,4996586,18
16770,4996003,6
16771,4996003,6
16772,4995711,0
16773,4996586,18
16774,4996003,6
16775,4996586,18
16776,4996003,6
16777,4996003,6
16778,5002709,144
16779,4996440,15
16780,4996003,6
16781,4997460,36
16782,4997460,36
16783,4996003,6
16784,4996003,6
16785,5044462,999
16786,4996586,18
16787,4996586,18
16788,4995711,0
16789,4996003,6
16790,4996003,6
16791,4995711,0
16792,5000084,90
16793,4996586,18
16794,4995711,0
16795,4996586,18
16796,4995711,0
16797,4996003,6
16798,4995711,0
16799,4996003,6
16800,4996440,15
16801,4996003,6
16802,4996586,18
16803,4997169,30
16804,4995711,0
16805,5004169,174
16806,5014248,381
16807,4996003,6
16808,4996586,18
16809,4996003,6
16810,4996003,6
16811,4996003,6
16812,4996586,18
16813,4995711,0
16814,5040639,921
16815,4995711,0
16816,4998918,66
16817,4995711,0
16818,4996003,6
16819,4996003,6
16820,4996003,6
16821,4996586,18
16822,4995711,0
16823,4995711,0
16824,4996003,6
16825,4996586,18
16826,4995711,0
16827,4995711,0
16828,5000521,99
16829,4996003,6
16830,4996003,6
16831,4996440,15
16832,4996003,6
16833,4995711,0
16834,4995711,0
16835,4995711,0
16836,4995711,0
16837,4996003,6
16838,4995711,0
16839,4996003,6
16840,4995711,0
16841,4996586,18
16842,4996440,15
16843,4997460,36
16844,4995711,0
16845,4995711,0
16846,4996440,15
16847,4997023,27
16848,4996586,18
16849,4995711,0
16850,4996586,18
16851,4995711,0
16852,4996003,6
16853,4997169,30
16854,4996003,6
16855,4996003,6
16856,5006358,219
16857,4995711,0
16858,4998772,63
16859,4995711,0
16860,4995711,0
16861,4996586,18
16862,4996003,6
16863,4997023,27
16864,4997897,45
16865,4995711,0
16866,4996003,6
16867,4997460,36
16868,5011032,315
16869,4996440,15
16870,4995711,0
16871,4995711,0
16872,4996003,6
16873,4996003,6
16874,4996003,6
16875,4996586,18
16876,4996003,6
16877,4995711,0
16878,4996003,6
16879,5000521,99
16880,5005628,204
16881,4995711,0
16882,4996003,6
16883,4996440,15
16884,4996003,6
16885,5005336,198
16886,4996586,18
16887,4995711,0
16888,4996586,18
16889,5006358,219
16890,4996586,18
16891,4996586,18
16892,4995711,0
16893,4996440,15
16894,4996440,15
16895,4996003,6
16896,4996003,6
16897,4995711,0
16898,4996440,15
16899,4996586,18
16900,4995711,0
16901,4996003,6
16902,4995711,0
16903,5005336,198
16904,4996003,6
16905,4995711,0
16906,4996003,6
16907,5006358,219
16908,4997169,30
16909,4996003,6
16910,4997169,30
16911,4996440,15
16912,5001251,114
16913,4996440,15
16914,4996003,6
16915,4996003,6
16916,4996003,6
16917,4997169,30
16918,4995711,0
16919,4996003,6
16920,4997897,45
16921,4996440,15
16922,4996003,6
16923,4996003,6
16924,4996003,6
16925,4995711,0
16926,5004169,174
16927,4996586,18
16928,4995711,0
16929,4995711,0
16930,5014248,381
16931,5076930,1659
16932,4996440,15
16933,4995711,0
16934,4996440,15
16935,4996003,6
16936,4995711,0
16937,5174085,3609
16938,4995711,0
16939,4995711,0
16940,4996586,18
16941,4996003,6
16942,4996003,6
16943,4996440,15
16944,4995711,0
16945,4995711,0
16946,4996586,18
16947,4997169,30
16948,5005190,195
16949,4996586,18
16950,4995711,0
16951,4995711,0
16952,4996003,6
16953,4996003,6
16954,4996586,18
16955,4996003,6
16956,4996003,6
16957,4996003,6
16958,4996003,6
16959,5006358,219
16960,4995711,0
16961,5000230,93
16962,4996586,18
16963,4998189,51
16964,4996003,6
16965,5000521,99
16966,4996003,6
16967,4998918,66
16968,5017027,438
16969,4996586,18
16970,4996586,18
16971,5002709,144
16972,4997169,30
16973,4996003,6
16974,4996003,6
16975,4996586,18
16976,4996003,6
16977,4996003,6
16978,4996003,6
16979,5002563,141
16980,5001251,114
16981,4996003,6
16982,4995711,0
16983,4995711,0
16984,4996003,6
16985,4997169,30
16986,5002709,144
16987,4997023,27
16988,4996003,6
16989,4995711,0
16990,5001251,114
16991,4995711,0
16992,4996003,6
16993,4995711,0
16994,5002709,144
16995,4995711,0
16996,4996440,15
16997,4995711,0
16998,4996440,15
16999,4996003,6
17000,4995711,0
17001,4996003,6
17002,4995711,0
17003,4996003,6
17004,4996003,6
17005,4995711,0
17006,4996003,6
17007,4997169,30
17008,4996586,18
17009,4995711,0
17010,4996003,6
17011,4996440,15
17012,4995711,0
17013,4996003,6
17014,4995711,0
17015,4996440,15
17016,4996440,15
17017,4996003,6
17018,4996003,6
17019,4995711,0
17020,4999938,87
17021,4996003,6
17022,4998189,51
17023,4996003,6
17024,4995711,0
17025,4996003,6
17026,4995711,0
17027,4996586,18
17028,4995711,0
17029,4996003,6
17030,5000084,90
17031,4995711,0
17032,4996440,15
17033,4995711,0
17034,4995711,0
17035,4996003,6
17036,4997023,27
17037,5003293,156
17038,4998043,48
17039,4995711,0
17040,4996586,18
17041,4996586,18
17042,4996440,15
17043,4996586,18
17044,4996586,18
17045,4996003,6
17046,4995711,0
17047,4996440,15
17048,4995711,0
17049,4996440,15
17050,5005044,192
17051,4996586,18
17052,4997169,30
17053,4996003,6
17054,4996003,6
17055,4995711,0
17056,4997169,30
17057,5005628,204
17058,4996003,6
17059,4997169,30
17060,4996003,6
17061,4996003,6
17062,4997023,27
17063,4995711,0
17064,4995711,0
17065,4996586,18
17066,4996003,6
17067,5000084,90
17068,4996003,6
17069,4995711,0
17070,4996003,6
17071,5001105,111
17072,4996003,6
17073,4996003,6
17074,4995711,0
17075,4995711,0
17076,4996003,6
17077,4995711,0
17078,4999938,87
17079,4995711,0
17080,4996003,6
17081,5026107,624
17082,4995711,0
17083,4995711,0
17084,4997169,30
17085,4995711,0
17086,4995711,0
17087,4996003,6
17088,4995711,0
17089,4997023,27
17090,4996003,6
17091,4997751,42
17092,4996003,6
17093,4996003,6
17094,4996003,6
17095,4995711,0
17096,4996586,18
17097,4995711,0
17098,4996003,6
17099,4996586,18
17100,4996586,18
17101,4996003,6
17102,5002709,144
17103,4996586,18
17104,4998189,51
17105,4996586,18
17106,4996440,15
17107,4996003,6
17108,4995711,0
17109,4996586,18
17110,4995711,0
17111,4997023,27
17112,4996003,6
17113,4996003,6
17114,4995711,0
17115,4998189,51
17116,4996440,15
17117,4996586,18
17118,4996586,18
17119,4995711,0
17120,4996440,15
17121,4995711,0
17122,5001105,111
17123,4995711,0
17124,4996003,6
17125,4996003,6
17126,4997169,30
17127,4996003,6
17128,4996003,6
17129,4998918,66
17130,4997897,45
17131,4996003,6
17132,4996003,6
17133,5000521,99
17134,4996586,18
17135,4996003,6
17136,4995711,0
17137,4996003,6
17138,4996003,6
17139,4996586,18
17140,4997169,30
17141,4996003,6
17142,4997897,45
17143,4996003,6
17144,4996586,18
17145,4996586,18
17146,4996003,6
17147,4995711,0
17148,4995711,0
17149,4998189,51
17150,4995711,0
17151,4996003,6
17152,5000521,99
17153,4995711,0
17154,4997460,36
17155,4997897,45
17156,4996586,18
17157,4995711,0
17158,4997169,30
17159,4995711,0
17160,4995711,0
17161,4996440,15
17162,4996003,6
17163,4996003,6
17164,4997023,27
17165,4997023,27
17166,4996003,6
17167,5000084,90
17168,4995711,0
17169,4996586,18
17170,4995711,0
17171,4996440,15
17172,4996003,6
17173,4995711,0
17174,5025374,609
17175,4995711,0
17176,5018198,462
17177,4996586,18
17178,5001105,111
17179,4998189,51
17180,4995711,0
17181,4996003,6
17182,4997169,30
17183,4996440,15
17184,4996586,18
17185,4996586,18
17186,4996440,15
17187,4996440,15
17188,4996586,18
17189,4997169,30
17190,4995711,0
17191,4996586,18
17192,4995711,0
17193,4996440,15
17194,5001105,111
17195,4996003,6
17196,5000084,90
17197,4995711,0
17198,4997897,45
17199,4996003,6
17200,4996586,18
17201,4999209,72
17202,4995711,0
17203,4995711,0
17204,4998043,48
17205,5267259,5445
17206,4995711,0
17207,5013225,360
17208,4997751,42
17209,4995711,0
17210,4996003,6
17211,4996586,18
17212,4996440,15
17213,4997897,45
17214,4995711,0
17215,4998626,60
17216,4996003,6
17217,4997169,30
17218,4996440,15
17219,4996440,15
17220,4995711,0
17221,4996003,6
17222,4997169,30
17223,4995711,0
17224,4998043,48
17225,4996440,15
17226,4996586,18
17227,4996440,15
17228,4995711,0
17229,4995711,0
17230,4995711,0
17231,4996440,15
17232,4997169,30
17233,4995711,0
17234,4995711,0
17235,4997460,36
17236,4995711,0
17237,4995711,0
17238,4995711,0
17239,4996003,6
17240,4995711,0
17241,4995711,0
17242,4996003,6
17243,4996440,15
17244,4996003,6
17245,5009425,282
17246,4995711,0
17247,4996440,15
17248,4997169,30
17249,4996003,6
17250,4996003,6
17251,4996440,15
17252,4996003,6
17253,4995711,0
17254,4997023,27
17255,4996440,15
17256,4996003,6
17257,4995711,0
17258,4998189,51
17259,5017466,447
17260,4999209,72
17261,4996003,6
17262,4998043,48
17263,4995711,0
17264,4995711,0
17265,4996003,6
17266,4996003,6
17267,4995711,0
17268,5003293,156
17269,4996003,6
17270,4996003,6
17271,4996440,15
17272,4996440,15
17273,4996003,6
17274,4996003,6
17275,4995711,0
17276,4997023,27
17277,4996440,15
17278,5001980,129
17279,4996003,6
17280,4996440,15
17281,4995711,0
17282,4996003,6
17283,4996440,15
17284,4996586,18
17285,4996440,15
17286,4996003,6
17287,4996586,18
17288,4996003,6
17289,4996003,6
17290,4995711,0
17291,4996003,6
17292,5012055,336
17293,4995711,0
17294,5014248,381
17295,5004023,171
17296,4996003,6
17297,4996440,15
17298,4999063,69
17299,4996440,15
17300,4996003,6
17301,4997023,27
17302,4995711,0
17303,4996003,6
17304,4996440,15
17305,4995711,0
17306,5000521,99
17307,4996003,6
17308,4995711,0
17309,4995711,0
17310,4997460,36
17311,4995711,0
17312,4997169,30
17313,4996440,15
17314,4996440,15
17315,4996440,15
17316,4995711,0
17317,4995711,0
17318,4997169,30
17319,4996586,18
17320,4996586,18
17321,5003293,156
17322,4996003,6
17323,4995711,0
17324,4995711,0
17325,4995711,0
17326,4997169,30
17327,4996003,6
17328,4995711,0
17329,4996440,15
17330,4996003,6
17331,4996003,6
17332,4996440,15
17333,5002709,144
17334,4997169,30
17335,5024934,600
17336,5002563,141
17337,4996003,6
17338,4995711,0
17339,4996003,6
17340,4996003,6
17341,5001251,114
17342,4995711,0
17343,5000521,99
17344,5000521,99
17345,4996003,6
17346,5001105,111
17347,4995711,0
17348,4996440,15
17349,4996586,18
17350,4996003,6
17351,4997460,36
17352,5002709,144
17353,4995711,0
17354,4996003,6
17355,4997169,30
17356,5000084,90
17357,4996586,18
17358,4997897,45
17359,4996003,6
17360,4996003,6
17361,4995711,0
17362,4996003,6
17363,4996003,6
17364,4996440,15
17365,5000521,99
17366,4996586,18
17367,4996003,6
17368,4996003,6
17369,4996003,6
17370,4997023,27
17371,4996586,18
17372,4996003,6
17373,5000084,90
17374,4996586,18
17375,4996586,18
17376,4996586,18
17377,4995711,0
17378,4996003,6
17379,4997751,42
17380,4995711,0
17381,4996003,6
17382,4996440,15
17383,4995711,0
17384,4996003,6
17385,5000084,90
17386,4995711,0
17387,4996586,18
17388,4996003,6
17389,4996003,6
17390,4997169,30
17391,4995711,0
17392,4997169,30
17393,4996003,6
17394,4996586,18
17395,4995711,0
17396,4996586,18
17397,4995711,0
17398,4995711,0
17399,4996003,6
17400,4996003,6
17401,4995711,0
17402,4996586,18
17403,4995711,0
17404,4996003,6
17405,4996003,6
17406,4996003,6
17407,4996586,18
17408,5001251,114
17409,4996586,18
17410,4995711,0
17411,4996003,6
17412,4997897,45
17413,4996003,6
17414,5000521,99
17415,4995711,0
17416,5025960,621
17417,4996003,6
17418,4996003,6
17419,4996586,18
17420,4996586,18
17421,5012055,336
17422,4996003,6
17423,4996003,6
17424,4995711,0
17425,4995711,0
17426,4995711,0
17427,4996003,6
17428,4996440,15
17429,4996586,18
17430,4996003,6
17431,4996003,6
17432,4996003,6
17433,4995711,0
17434,5025960,621
17435,4998918,66
17436,4996586,18
17437,4996003,6
17438,5005044,192
17439,4995711,0
17440,4996003,6
17441,4996586,18
17442,4995711,0
17443,4995711,0
17444,5000521,99
17445,4996586,18
17446,4995711,0
17447,5000084,90
17448,4996003,6
17449,4996003,6
17450,4996440,15
17451,4995711,0
17452,4996003,6
17453,4997169,30
17454,5000084,90
17455,4995711,0
17456,4996003,6
17457,4995711,0
17458,5001105,111
17459,4997169,30
17460,4998043,48
17461,4995711,0
17462,4995711,0
17463,4996003,6
17464,4996003,6
17465,5003293,156
17466,4997023,27
17467,4996440,15
17468,4997023,27
17469,4995711,0
17470,4996003,6
17471,4995711,0
17472,4996586,18
17473,4997169,30
17474,4996440,15
17475,4996003,6
17476,5014394,384
17477,5015272,402
17478,5028746,678
17479,4996003,6
17480,4996586,18
17481,4996003,6
17482,4996440,15
17483,4997897,45
17484,4997023,27
17485,4997023,27
17486,4995711,0
17487,5041521,939
17488,4996586,18
17489,4995711,0
17490,4995711,0
17491,4996003,6
17492,4995711,0
17493,4996003,6
17494,4996003,6
17495,5014248,381
17496,4996003,6
17497,4995711,0
17498,4996003,6
17499,4996440,15
17500,4996586,18
17501,4996586,18
17502,4995711,0
17503,4996586,18
17504,4995711,0
17505,4998772,63
17506,4996003,6
17507,4996003,6
17508,4997460,36
17509,4997169,30
17510,4997169,30
17511,4995711,0
17512,4995711,0
17513,4998626,60
17514,4996003,6
17515,4997169,30
17516,4997169,30
17517,4996003,6
17518,4997169,30
17519,4996440,15
17520,4996586,18
17521,4995711,0
17522,4995711,0
17523,4996003,6
17524,4996440,15
17525,4996586,18
17526,4996003,6
17527,5003293,156
17528,4996586,18
17529,4995711,0
17530,4997169,30
17531,4997169,30
17532,4996440,15
17533,4995711,0
17534,4997169,30
17535,4996003,6
17536,4997169,30
17537,4996003,6
17538,4997169,30
17539,4996003,6
17540,4995711,0
17541,4995711,0
17542,5040051,909
17543,4996586,18
17544,4996440,15
17545,4995711,0
17546,4996003,6
17547,4995711,0
17548,4995711,0
17549,5000084,90
17550,4995711,0
17551,4996003,6
17552,4996003,6
17553,5008987,273
17554,4996003,6
17555,4996586,18
17556,4998189,51
17557,4996440,15
17558,4995711,0
17559,4995711,0
17560,4996003,6
17561,5003293,156
17562,4996003,6
17563,4996003,6
17564,4997169,30
17565,4996003,6
17566,4995711,0
17567,4996586,18
17568,4997169,30
17569,5001834,126
17570,4996440,15
17571,4996003,6
17572,5000084,90
17573,4998626,60
17574,5312614,6327
17575,4995711,0
17576,4995711,0
17577,4995711,0
17578,4997897,45
17579,4995711,0
17580,4996003,6
17581,4995711,0
17582,4995711,0
17583,4996003,6
17584,5003293,156
17585,4996440,15
17586,4996586,18
17587,4995711,0
17588,5002709,144
17589,4996003,6
17590,5000084,90
17591,4996003,6
17592,4996003,6
17593,4996003,6
17594,4995711,0
17595,4997169,30
17596,4995711,0
17597,4996003,6
17598,5000084,90
17599,4996586,18
17600,4995711,0
17601,4996440,15
17602,4996440,15
17603,4996003,6
17604,4996003,6
17605,5002709,144
17606,4995711,0
17607,4996003,6
17608,4996003,6
17609,4997169,30
17610,4997169,30
17611,4996586,18
17612,4996003,6
17613,4995711,0
17614,4997169,30
17615,4996003,6
17616,4996003,6
17617,4997023,27
17618,4995711,0
17619,4996003,6
17620,5008402,261
17621,5030066,705
17622,4996003,6
17623,4995711,0
17624,4996003,6
17625,4995711,0
17626,4995711,0
17627,4996586,18
17628,4995711,0
17629,4995711,0
17630,4996003,6
17631,5003877,168
17632,4996003,6
17633,4995711,0
17634,4997023,27
17635,4996003,6
17636,4997169,30
17637,4996003,6
17638,4996586,18
17639,4996586,18
17640,4996440,15
17641,4996003,6
17642,4996003,6
17643,4997169,30
17644,4995711,0
17645,4995711,0
17646,4995711,0
17647,4996003,6
17648,4995711,0
17649,4996003,6
17650,4995711,0
17651,4995711,0
17652,5000084,90
17653,4995711,0
17654,4995711,0
17655,4997460,36
17656,4996586,18
17657,4997169,30
17658,5005628,204
17659,4996003,6
17660,4996586,18
17661,5000521,99
17662,4995711,0
17663,4995711,0
17664,4997169,30
17665,5025960,621
17666,4997460,36
17667,4995711,0
17668,4996440,15
17669,4996440,15
17670,5000521,99
17671,5007964,252
17672,4996003,6
17673,4996440,15
17674,4996003,6
17675,4996440,15
17676,4997169,30
17677,4997023,27
17678,4996586,18
17679,4995711,0
17680,4997897,45
17681,4996003,6
17682,4995711,0
17683,4996003,6
17684,4997169,30
17685,4995711,0
17686,4996586,18
17687,4995711,0
17688,4996003,6
17689,4996003,6
17690,4996586,18
17691,4996003,6
17692,4996003,6
17693,4995711,0
17694,4996003,6
17695,4998918,66
17696,4995711,0
17697,4995711,0
17698,5001980,129
17699,4997023,27
17700,4995711,0
17701,5003147,153
17702,4995711,0
17703,4995711,0
17704,4996586,18
17705,4997169,30
17706,4996003,6
17707,4996003,6
17708,4996003,6
17709,5000084,90
17710,4996586,18
17711,7316378,39249
17712,4995711,0
17713,5000084,90
17714,4995711,0
17715,4996440,15
17716,4996003,6
17717,4996586,18
17718,4996586,18
17719,5008256,258
17720,4995711,0
17721,4996440,15
17722,4995711,0
17723,4995711,0
17724,4996586,18
17725,4996440,15
17726,4995711,0
17727,4996586,18
17728,4996003,6
17729,5000521,99
17730,4997169,30
17731,5002709,144
17732,5006942,231
17733,4996440,15
17734,5001105,111
17735,4995711,0
17736,4995711,0
17737,4996003,6
17738,4996003,6
17739,5000521,99
17740,4995711,0
17741,4996003,6
17742,4995711,0
17743,4996003,6
17744,4995711,0
17745,4996003,6
17746,4995711,0
17747,4996440,15
17748,5009425,282
17749,4995711,0
17750,5000521,99
17751,4996003,6
17752,4996003,6
17753,4996440,15
17754,4997023,27
17755,5003293,156
17756,4996003,6
17757,4996586,18
17758,4996003,6
17759,4996003,6
17760,5002855,147
17761,4996586,18
17762,5009717,288
17763,4997023,27
17764,4995711,0
17765,4996003,6
17766,4996003,6
17767,4996586,18
17768,4997169,30
17769,4996586,18
17770,5002709,144
17771,5010302,300
17772,4996586,18
17773,4996003,6
17774,4995711,0
17775,5006066,213
17776,4997169,30
17777,4996586,18
17778,4997023,27
17779,4995711,0
17780,4996440,15
17781,4997023,27
17782,4995711,0
17783,4997169,30
17784,4996586,18
17785,4995711,0
17786,4995711,0
17787,4995711,0
17788,4995711,0
17789,4996440,15
17790,4996003,6
17791,4996440,15
17792,5000521,99
17793,4996440,15
17794,4996586,18
17795,4996586,18
17796,4996003,6
17797,4995711,0
17798,4995711,0
17799,4996003,6
17800,4995711,0
17801,4996003,6
17802,5001834,126
17803,4996003,6
17804,4996003,6
17805,4995711,0
17806,4996003,6
17807,4997023,27
17808,4997169,30
17809,4997169,30
17810,5004169,174
17811,4995711,0
17812,5000521,99
17813,4995711,0
17814,4996003,6
17815,4996003,6
17816,5006650,225
17817,4997023,27
17818,4996003,6
17819,4996003,6
17820,4996440,15
17821,4995711,0
17822,4996586,18
17823,4996003,6
17824,4996003,6
17825,4996003,6
17826,5001980,129
17827,4997169,30
17828,5001980,129
17829,4996586,18
17830,4995711,0
17831,4997169,30
17832,4996003,6
17833,4996003,6
17834,4997023,27
17835,4997897,45
17836,4996003,6
17837,4996003,6
17838,5002709,144
17839,4997460,36
17840,4998043,48
17841,4995711,0
17842,4996586,18
17843,5002709,144
17844,4995711,0
17845,5002709,144
17846,4999938,87
17847,5026107,624
17848,4997751,42
17849,4997169,30
17850,4997023,27
17851,5002709,144
17852,4996586,18
17853,5022151,543
17854,4996003,6
17855,4997751,42
17856,4996440,15
17857,4996003,6
17858,5014248,381
17859,4997169,30
17860,4997169,30
17861,4996586,18
17862,4996003,6
17863,4997460,36
17864,4996586,18
17865,4996003,6
17866,4995711,0
17867,4996003,6
17868,4996003,6
17869,4996003,6
17870,4996003,6
17871,4995711,0
17872,4995711,0
17873,4996003,6
17874,4995711,0
17875,4996003,6
17876,4995711,0
17877,4996003,6
17878,4996003,6
17879,4995711,0
17880,4995711,0
17881,4997169,30
17882,4995711,0
17883,4997169,30
17884,4996003,6
17885,4996003,6
17886,4996003,6
17887,4996003,6
17888,4996586,18
17889,4996003,6
17890,4997023,27
17891,5003147,153
17892,4996003,6
17893,4997169,30
17894,4995711,0
17895,4996003,6
17896,4995711,0
17897,4995711,0
17898,4996003,6
17899,5000084,90
17900,4996003,6
17901,4995711,0
17902,4997460,36
17903,4996586,18
17904,4998189,51
17905,4997169,30
17906,4997169,30
17907,4997897,45
17908,4998189,51
17909,4995711,0
17910,4996003,6
17911,4995711,0
17912,4995711,0
17913,4996003,6
17914,4996003,6
17915,4996003,6
17916,5011178,318
17917,4995711,0
17918,4995711,0
17919,4996440,15
17920,4995711,0
17921,4996586,18
17922,4996440,15
17923,4997169,30
17924,4996440,15
17925,4996586,18
17926,4996003,6
17927,4996586,18
17928,4995711,0
17929,4996440,15
17930,4997169,30
17931,4998189,51
17932,4996003,6
17933,4997460,36
17934,4996003,6
17935,4996003,6
17936,4997897,45
17937,4996003,6
17938,4996586,18
17939,4996586,18
17940,4996586,18
17941,4997023,27
17942,4995711,0
17943,5000084,90
17944,4995711,0
17945,4995711,0
17946,4995711,0
17947,4995711,0
17948,4996586,18
17949,4996440,15
17950,4996003,6
17951,4996003,6
17952,4996440,15
17953,4996003,6
17954,4995711,0
17955,4997751,42
17956,4995711,0
17957,4995711,0
17958,5000084,90
17959,4995711,0
17960,4996440,15
17961,4996586,18
17962,5004023,171
17963,4996003,6
17964,4996440,15
17965,4995711,0
17966,4997169,30
17967,4995711,0
17968,4996586,18
17969,4996586,18
17970,4995711,0
17971,4995711,0
17972,4998043,48
17973,4996586,18
17974,4995711,0
17975,4996003,6
17976,4996003,6
17977,4995711,0
17978,4996003,6
17979,5000521,99
17980,4995711,0
17981,4996003,6
17982,4996003,6
17983,4996440,15
17984,4996003,6
17985,4996003,6
17986,4996003,6
17987,4996003,6
17988,4997169,30
17989,4996003,6
17990,4995711,0
17991,5134253,2814
17992,4996003,6
17993,4996003,6
17994,4997169,30
17995,4996003,6
17996,4995711,0
17997,4996003,6
17998,4996440,15
17999,4996440,15
18000,4996003,6
18001,4996586,18
18002,5005336,198
18003,4995711,0
18004,4995711,0
18005,5011763,330
18006,4996440,15
18007,4996003,6
18008,5002709,144
18009,5551138,10845
18010,4995711,0
18011,4996003,6
18012,4996003,6
18013,4996003,6
18014,4996586,18
18015,4996586,18
18016,4996440,15
18017,4996003,6
18018,4995711,0
18019,5000084,90
18020,5014541,387
18021,4996586,18
18022,5007234,237
18023,5016442,426
18024,4998189,51
18025,4995711,0
18026,4996586,18
18027,4995711,0
18028,4995711,0
18029,4996003,6
18030,5000521,99
18031,4995711,0
18032,5004169,174
18033,5004169,174
18034,4996003,6
18035,4997169,30
18036,5000084,90
18037,4996003,6
18038,4996586,18
18039,4996003,6
18040,4997169,30
18041,4997023,27
18042,4995711,0
18043,5003293,156
18044,4995711,0
18045,4996003,6
18046,4996003,6
18047,4996003,6
18048,4995711,0
18049,4996440,15
18050,4995711,0
18051,4996440,15
18052,4995711,0
18053,4995711,0
18054,4996440,15
18055,4995711,0
18056,4995711,0
18057,4995711,0
18058,4996586,18
18059,4998189,51
18060,4996003,6
18061,4996586,18
18062,4995711,0
18063,4995711,0
18064,4995711,0
18065,4997023,27
18066,4997169,30
18067,4996586,18
18068,4996003,6
18069,4997751,42
18070,4997169,30
18071,4997023,27
18072,4995711,0
18073,4996003,6
18074,4996440,15
18075,4996003,6
18076,4996440,15
18077,4996440,15
18078,4996440,15
18079,4996586,18
18080,4996586,18
18081,4996003,6
18082,4996440,15
18083,4995711,0
18084,4997169,30
18085,4995711,0
18086,4995711,0
18087,4995711,0
18088,4996586,18
18089,4996586,18
18090,4995711,0
18091,4996003,6
18092,4996003,6
18093,4996003,6
18094,4996003,6
18095,4996586,18
18096,4996586,18
18097,4996003,6
18098,4995711,0
18099,4997169,30
18100,4997023,27
18101,4997460,36
18102,4995711,0
18103,4996003,6
18104,4996586,18
18105,4996003,6
18106,4996003,6
18107,4998189,51
18108,4996003,6
18109,4996586,18
18110,4996003,6
18111,4996003,6
18112,4996003,6
18113,5000084,90
18114,4996003,6
18115,4995711,0
18116,5004023,171
18117,4995711,0
18118,4996586,18
18119,4996586,18
18120,4995711,0
18121,5003293,156
18122,4997169,30
18123,4995711,0
18124,4997169,30
18125,4997897,45
18126,4995711,0
18127,4996003,6
18128,4996003,6
18129,4996003,6
18130,4997023,27
18131,4996586,18
18132,4995711,0
18133,4996586,18
18134,4997169,30
18135,5000521,99
18136,4995711,0
18137,4996586,18
18138,5003293,156
18139,4996586,18
18140,4998772,63
18141,4997169,30
18142,4996440,15
18143,4996003,6
18144,4996440,15
18145,4996440,15
18146,5002709,144
18147,4996003,6
18148,4995711,0
18149,5016735,432
18150,4997751,42
18151,4997023,27
18152,4995711,0
18153,4996586,18
18154,4995711,0
18155,4997169,30
18156,4996003,6
18157,4996440,15
18158,4995711,0
18159,4995711,0
18160,4996003,6
18161,5000521,99
18162,4995711,0
18163,4996003,6
18164,4995711,0
18165,4996003,6
18166,5000084,90
18167,4995711,0
18168,5000084,90
18169,4998043,48
18170,4995711,0
18171,4996586,18
18172,4996003,6
18173,5014102,378
18174,4997169,30
18175,4995711,0
18176,5020686,513
18177,4997751,42
18178,4996586,18
18179,4996440,15
18180,4996003,6
18181,5006066,213
18182,5002709,144
18183,4996003,6
18184,4996586,18
18185,5002709,144
18186,4995711,0
18187,4995711,0
18188,4996003,6
18189,4997169,30
18190,4995711,0
18191,4996586,18
18192,4996440,15
18193,4996003,6
18194,4996586,18
18195,4996440,15
18196,4996440,15
18197,5104246,2211
18198,4996003,6
18199,4996003,6
18200,4995711,0
18201,4995711,0
18202,5005044,192
18203,4996003,6
18204,4998189,51
18205,4995711,0
18206,4996003,6
18207,4997169,30
18208,5000084,90
18209,4996003,6
18210,4996440,15
18211,4995711,0
18212,4995711,0
18213,4995711,0
18214,5009425,282
18215,4995711,0
18216,4995711,0
18217,4996003,6
18218,4996586,18
18219,4996440,15
18220,4996003,6
18221,4996003,6
18222,4995711,0
18223,4997169,30
18224,5000521,99
18225,4996440,15
18226,5000084,90
18227,4998043,48
18228,4995711,0
18229,4997897,45
18230,4995711,0
18231,4996003,6
18232,4996003,6
18233,4996003,6
18234,4996586,18
18235,5133056,2790
18236,5000084,90
18237,4996440,15
18238,4995711,0
18239,4995711,0
18240,4995711,0
18241,4996003,6
18242,4998043,48
18243,4997897,45
18244,4996003,6
18245,4996586,18
18246,4998189,51
18247,4996003,6
18248,4996003,6
18249,4996586,18
18250,4996003,6
18251,5000521,99
18252,4997460,36
18253,4995711,0
18254,4996003,6
18255,4997460,36
18256,4996586,18
18257,4995711,0
18258,4996440,15
18259,4996003,6
18260,5000521,99
18261,4996003,6
18262,4996003,6
18263,4995711,0
18264,4997169,30
18265,4995711,0
18266,4996003,6
18267,5001105,111
18268,4995711,0
18269,4996440,15
18270,4995711,0
18271,4996003,6
18272,4995711,0
18273,4996440,15
18274,4996003,6
18275,5143845,3006
18276,4996586,18
18277,4996003,6
18278,4995711,0
18279,4995711,0
18280,4996003,6
18281,4996440,15
18282,5000521,99
18283,4996586,18
18284,4996440,15
18285,4996003,6
18286,4996003,6
18287,4996003,6
18288,4996003,6
18289,4996003,6
18290,4996440,15
18291,5256671,5238
18292,4995711,0
18293,4996440,15
18294,4996003,6
18295,4997169,30
18296,5011032,315
18297,4996003,6
18298,4999501,78
18299,4995711,0
18300,4996003,6
18301,4998189,51
18302,4995711,0
18303,4996003,6
18304,5116616,2460
18305,4996586,18
18306,4996003,6
18307,4996586,18
18308,4996003,6
18309,4996440,15
18310,4995711,0
18311,4996586,18
18312,4995711,0
18313,4996003,6
18314,4995711,0
18315,4997897,45
18316,4995711,0
18317,4996586,18
18318,4995711,0
18319,4996586,18
18320,5002709,144
18321,5000084,90
18322,4996003,6
18323,4995711,0
18324,4996440,15
18325,4995711,0
18326,4996003,6
18327,4996003,6
18328,4996586,18
18329,5002709,144
18330,4995711,0
18331,5001105,111
18332,4996003,6
18333,4996003,6
18334,4996003,6
18335,4996003,6
18336,4996003,6
18337,4996003,6
18338,4995711,0
18339,4998043,48
18340,4996003,6
18341,4995711,0
18342,4997169,30
18343,4996003,6
18344,4995711,0
18345,4996003,6
18346,4996003,6
18347,4996440,15
18348,4996586,18
18349,4995711,0
18350,4996003,6
18351,4996586,18
18352,4996003,6
18353,4995711,0
18354,4995711,0
18355,4995711,0
18356,5000521,99
18357,4996586,18
18358,4996440,15
18359,4997169,30
18360,4997169,30
18361,4997023,27
18362,4996586,18
18363,4996003,6
18364,4995711,0
18365,4996003,6
18366,4997460,36
18367,5013517,366
18368,4996003,6
18369,5013956,375
18370,4996003,6
18371,4998189,51
18372,4996003,6
18373,4996003,6
18374,4996003,6
18375,4995711,0
18376,4996440,15
18377,4996003,6
18378,4995711,0
18379,4995711,0
18380,4996003,6
18381,5000084,90
18382,4995711,0
18383,4997169,30
18384,4996003,6
18385,5000084,90
18386,4995711,0
18387,4998772,63
18388,4996003,6
18389,4996586,18
18390,4995711,0
18391,4997023,27
18392,4996586,18
18393,4996440,15
18394,4996003,6
18395,4996003,6
18396,4995711,0
18397,5003293,156
18398,4995711,0
18399,4996440,15
18400,4996586,18
18401,5000084,90
18402,4995711,0
18403,5004898,189
18404,4996003,6
18405,4995711,0
18406,4995711,0
18407,4996440,15
18408,4996440,15
18409,4996003,6
18410,5013956,375
18411,4996003,6
18412,4996440,15
18413,5009279,279
18414,4995711,0
18415,4995711,0
18416,4996003,6
18417,4995711,0
18418,4997169,30
18419,4996440,15
18420,4997897,45
18421,4998189,51
18422,4996440,15
18423,4996003,6
18424,4997023,27
18425,4996440,15
18426,4996003,6
18427,4996003,6
18428,4995711,0
18429,4996440,15
18430,4996586,18
18431,4995711,0
18432,4996586,18
18433,4995711,0
18434,4995711,0
18435,5002709,144
18436,4996586,18
18437,4998043,48
18438,4996586,18
18439,4996003,6
18440,4996003,6
18441,4995711,0
18442,4995711,0
18443,4996440,15
18444,4996440,15
18445,4996003,6
18446,4996586,18
18447,4996003,6
18448,4998189,51
18449,4996003,6
18450,4995711,0
18451,4996003,6
18452,4996586,18
18453,4996586,18
18454,4995711,0
18455,4995711,0
18456,4995711,0
18457,4997023,27
18458,5001251,114
18459,4996440,15
18460,4998189,51
18461,5040639,921
18462,4999209,72
18463,4996003,6
18464,4996586,18
18465,4996003,6
18466,4995711,0
18467,4996003,6
18468,4998918,66
18469,4995711,0
18470,4995711,0
18471,4997169,30
18472,4995711,0
18473,4996003,6
18474,4995711,0
18475,4996003,6
18476,4996003,6
18477,4996440,15
18478,4995711,0
18479,4995711,0
18480,5002563,141
18481,4996003,6
18482,4996003,6
18483,4995711,0
18484,4995711,0
18485,5001251,114
18486,4995711,0
18487,4996003,6
18488,4995711,0
18489,4995711,0
18490,4996440,15
18491,4996586,18
18492,4996440,15
18493,4997169,30
18494,4996003,6
18495,4995711,0
18496,4996003,6
18497,5017466,447
18498,4995711,0
18499,4996003,6
18500,4997169,30
18501,4996440,15
18502,4996003,6
18503,4996003,6
18504,4996003,6
18505,4997897,45
18506,4996440,15
18507,4998918,66
18508,4995711,0
18509,4996003,6
18510,4996440,15
18511,4996003,6
18512,4995711,0
18513,5000084,90
18514,4995711,0
18515,4997897,45
18516,4997897,45
18517,4996003,6
18518,4997169,30
18519,4996003,6
18520,4996586,18
18521,4996003,6
18522,4997169,30
18523,4997169,30
18524,4996003,6
18525,4995711,0
18526,5003293,156
18527,4995711,0
18528,5002709,144
18529,5001105,111
18530,4996003,6
18531,4995711,0
18532,4997751,42
18533,5000521,99
18534,4996440,15
18535,4996440,15
18536,4995711,0
18537,4996003,6
18538,4995711,0
18539,4996440,15
18540,4995711,0
18541,4996003,6
18542,4997460,36
18543,4997169,30
18544,4995711,0
18545,4996003,6
18546,4996003,6
18547,4996440,15
18548,4995711,0
18549,4995711,0
18550,5007234,237
18551,4997460,36
18552,4997169,30
18553,4996003,6
18554,4996003,6
18555,4996003,6
18556,4996586,18
18557,4996003,6
18558,5002709,144
18559,5002709,144
18560,4995711,0
18561,4997897,45
18562,4995711,0
18563,4996003,6
18564,5000084,90
18565,4996440,15
18566,4995711,0
18567,4996440,15
18568,4996586,18
18569,5000084,90
18570,4995711,0
18571,4996440,15
18572,4996003,6
18573,4996003,6
18574,4997169,30
18575,4995711,0
18576,4997169,30
18577,4996586,18
18578,4995711,0
18579,4995711,0
18580,4996003,6
18581,4995711,0
18582,5001105,111
18583,5001105,111
18584,4995711,0
18585,4995711,0
18586,4996003,6
18587,4995711,0
18588,4997169,30
18589,4996003,6
18590,4996586,18
18591,4996003,6
18592,4996003,6
18593,4996003,6
18594,4995711,0
18595,4996440,15
18596,4996586,18
18597,4996586,18
18598,4998043,48
18599,5025520,612
18600,4995711,0
18601,4997169,30
18602,4995711,0
18603,4996003,6
18604,4995711,0
18605,4997023,27
18606,4995711,0
18607,4996586,18
18608,4997897,45
18609,4997897,45
18610,4996440,15
18611,4997023,27
18612,4995711,0
18613,4996440,15
18614,4995711,0
18615,4995711,0
18616,4996440,15
18617,5002709,144
18618,5004023,171
18619,4996440,15
18620,4996003,6
18621,4996003,6
18622,4996003,6
18623,4995711,0
18624,4995711,0
18625,4997023,27
18626,4996003,6
18627,4996440,15
18628,4996003,6
18629,4997169,30
18630,4996586,18
18631,5000084,90
18632,4996003,6
18633,4996586,18
18634,4995711,0
18635,4995711,0
18636,4997460,36
18637,4997897,45
18638,4997897,45
18639,4996003,6
18640,4995711,0
18641,4998626,60
18642,4996003,6
18643,4995711,0
18644,4995711,0
18645,4996003,6
18646,4996003,6
18647,4995711,0
18648,4996003,6
18649,4996003,6
18650,4996586,18
18651,5001834,126
18652,4997169,30
18653,4997169,30
18654,4996003,6
18655,4996586,18
18656,4997169,30
18657,4996003,6
18658,4995711,0
18659,4996003,6
18660,4996003,6
18661,4996440,15
18662,4997169,30
18663,5001105,111
18664,4995711,0
18665,4996440,15
18666,5000521,99
18667,4995711,0
18668,4996586,18
18669,4996586,18
18670,4995711,0
18671,4996586,18
18672,5000084,90
18673,4996003,6
18674,4996440,15
18675,4996003,6
18676,4996440,15
18677,4997897,45
18678,4996586,18
18679,4996440,15
18680,4996003,6
18681,4995711,0
18682,4996440,15
18683,4997169,30
18684,4997751,42
18685,4996440,15
18686,4995711,0
18687,4995711,0
18688,5005336,198
18689,4996440,15
18690,4996586,18
18691,4996586,18
18692,4996440,15
18693,4996003,6
18694,4996003,6
18695,4995711,0
18696,4996003,6
18697,4996440,15
18698,5000521,99
18699,4996440,15
18700,4996003,6
18701,4996003,6
18702,4996003,6
18703,4996440,15
18704,4996003,6
18705,4996003,6
18706,4996003,6
18707,4997169,30
18708,4997751,42
18709,4996440,15
18710,4996440,15
18711,4996440,15
18712,4996586,18
18713,4995711,0
18714,5001251,114
18715,4996440,15
18716,5009425,282
18717,4996003,6
18718,4995711,0
18719,4995711,0
18720,4996003,6
18721,4995711,0
18722,4995711,0
18723,4999209,72
18724,4996003,6
18725,5000084,90
18726,4996003,6
18727,4996003,6
18728,4995711,0
18729,4995711,0
18730,4995711,0
18731,4995711,0
18732,4996003,6
18733,4996586,18
18734,5000084,90
18735,4995711,0
18736,4998189,51
18737,5001105,111
18738,4997169,30
18739,4996586,18
18740,4996440,15
18741,4995711,0
18742,4996003,6
18743,4997460,36
18744,4996003,6
18745,4996003,6
18746,4995711,0
18747,4995711,0
18748,4996003,6
18749,4996586,18
18750,4996440,15
18751,4997897,45
18752,5000521,99
18753,4996003,6
18754,4998189,51
18755,4995711,0
18756,4997169,30
18757,4995711,0
18758,4996003,6
18759,4997169,30
18760,4996003,6
18761,4996003,6
18762,4995711,0
18763,4995711,0
18764,4996003,6
18765,4995711,0
18766,4996586,18
18767,4996003,6
18768,4996440,15
18769,4996003,6
18770,4996440,15
18771,4996003,6
18772,4995711,0
18773,4995711,0
18774,4996003,6
18775,4996003,6
18776,4995711,0
18777,4995711,0
18778,4999792,84
18779,4997169,30
18780,4996440,15
18781,4996586,18
18782,4996440,15
18783,4996003,6
18784,4997169,30
18785,5003293,156
18786,4997023,27
18787,4996003,6
18788,4996586,18
18789,4995711,0
18790,4995711,0
18791,4996586,18
18792,4995711,0
18793,4995711,0
18794,4997169,30
18795,4996003,6
18796,5000084,90
18797,5002709,144
18798,4995711,0
18799,4995711,0
18800,4996003,6
18801,4996003,6
18802,4996586,18
18803,4996003,6
18804,4995711,0
18805,4997169,30
18806,4996003,6
18807,4997023,27
18808,4997460,36
18809,4995711,0
18810,5000521,99
18811,4996003,6
18812,4995711,0
18813,4996003,6
18814,4996003,6
18815,4995711,0
18816,4995711,0
18817,4996003,6
18818,4995711,0
18819,4998189,51
18820,4995711,0
18821,4997023,27
18822,4998043,48
18823,4995711,0
18824,4997169,30
18825,5041521,939
18826,4995711,0
18827,4997897,45
18828,4998772,63
18829,4997169,30
18830,4995711,0
18831,4996003,6
18832,4995711,0
18833,4996003,6
18834,4995711,0
18835,4996003,6
18836,4996003,6
18837,4995711,0
18838,5000521,99
18839,4996003,6
18840,5001105,111
18841,4996003,6
18842,4996003,6
18843,4995711,0
18844,4996586,18
18845,5002709,144
18846,4996586,18
18847,4997023,27
18848,4997169,30
18849,4996003,6
18850,4997169,30
18851,4996586,18
18852,4996586,18
18853,4996003,6
18854,4996003,6
18855,4995711,0
18856,4995711,0
18857,4996003,6
18858,4995711,0
18859,4996003,6
18860,4996003,6
18861,4996003,6
18862,4995711,0
18863,5000521,99
18864,4995711,0
18865,4996440,15
18866,4996440,15
18867,4995711,0
18868,4995711,0
18869,4995711,0
18870,4996586,18
18871,4996003,6
18872,4996586,18
18873,4996440,15
18874,4995711,0
18875,4996586,18
18876,4996003,6
18877,4996586,18
18878,4995711,0
18879,4997169,30
18880,4995711,0
18881,4996440,15
18882,4996003,6
18883,4998626,60
18884,4996003,6
18885,4997460,36
18886,4995711,0
18887,4995711,0
18888,4998772,63
18889,4996003,6
18890,4995711,0
18891,5001980,129
18892,4995711,0
18893,4996586,18
18894,5002709,144
18895,4996003,6
18896,4995711,0
18897,4997897,45
18898,4996003,6
18899,5002709,144
18900,4995711,0
18901,4997169,30
18902,4996440,15
18903,5000521,99
18904,4996003,6
18905,4996440,15
18906,4996586,18
18907,4997169,30
18908,5025374,609
18909,4996003,6
18910,4996586,18
18911,4996003,6
18912,4996440,15
18913,4995711,0
18914,5000084,90
18915,4996003,6
18916,4995711,0
18917,4996003,6
18918,4996440,15
18919,4996003,6
18920,4996586,18
18921,5000084,90
18922,4997897,45
18923,5000084,90
18924,4996003,6
18925,4996440,15
18926,4995711,0
18927,4996440,15
18928,5000084,90
18929,4995711,0
18930,4995711,0
18931,4997023,27
18932,4995711,0
18933,4996003,6
18934,4995711,0
18935,4996440,15
18936,4995711,0
18937,4997169,30
18938,4996440,15
18939,4996003,6
18940,4997169,30
18941,5001105,111
18942,4996586,18
18943,4996003,6
18944,5005044,192
18945,5003293,156
18946,4996003,6
18947,4998043,48
18948,4996003,6
18949,4996003,6
18950,4996003,6
18951,5583284,11439
18952,4996003,6
18953,4995711,0
18954,4997169,30
18955,4996003,6
18956,4996586,18
18957,4997169,30
18958,4995711,0
18959,4999938,87
18960,4995711,0
18961,4996586,18
18962,5005336,198
18963,4996003,6
18964,4996586,18
18965,4996586,18
18966,4996586,18
18967,4996586,18
18968,4996003,6
18969,4997023,27
18970,4996586,18
18971,4996440,15
18972,4995711,0
18973,4995711,0
18974,4995711,0
18975,4996003,6
18976,4995711,0
18977,4996003,6
18978,4996003,6
18979,4995711,0
18980,5012055,336
18981,4995711,0
18982,4996003,6
18983,4995711,0
18984,4997169,30
18985,4997169,30
18986,4996440,15
18987,4996586,18
18988,5000084,90
18989,4998043,48
18990,4998043,48
18991,4996003,6
18992,4996440,15
18993,4996003,6
18994,4995711,0
18995,4997460,36
18996,4996003,6
18997,4995711,0
18998,4995711,0
18999,4996586,18
19000,4996003,6
19001,4996003,6
19002,4996003,6
19003,4996003,6
19004,4996003,6
19005,4995711,0
19006,4995711,0
19007,4998189,51
19008,4995711,0
19009,4996586,18
19010,4998189,51
19011,4997897,45
19012,4997169,30
19013,4996003,6
19014,4996003,6
19015,4995711,0
19016,4996003,6
19017,4995711,0
19018,4996003,6
19019,4995711,0
19020,4996440,15
19021,4996003,6
19022,5328285,6630
19023,4998918,66
19024,4996440,15
19025,4996003,6
19026,4996003,6
19027,5003293,156
19028,4996586,18
19029,4995711,0
19030,4996003,6
19031,4997023,27
19032,4995711,0
19033,4996440,15
19034,4995711,0
19035,4996003,6
19036,4996003,6
19037,4996003,6
19038,4996003,6
19039,4996003,6
19040,4996003,6
19041,4995711,0
19042,4996003,6
19043,4996586,18
19044,4996003,6
19045,4996586,18
19046,4996003,6
19047,4996440,15
19048,4996003,6
19049,4996003,6
19050,4997023,27
19051,5003293,156
19052,4997169,30
19053,4997460,36
19054,4996440,15
19055,5001542,120
19056,4996440,15
19057,4995711,0
19058,4996440,15
19059,4995711,0
19060,4996003,6
19061,4995711,0
19062,4997169,30
19063,4995711,0
19064,4997897,45
19065,5001105,111
19066,4996586,18
19067,4997023,27
19068,4996003,6
19069,5003293,156
19070,4996003,6
19071,4996440,15
19072,4995711,0
19073,4996003,6
19074,5000084,90
19075,4997460,36
19076,4996003,6
19077,4997169,30
19078,4996003,6
19079,4996003,6
19080,4997460,36
19081,4996003,6
19082,4996003,6
19083,4996003,6
19084,4996586,18
19085,4996003,6
19086,4995711,0
19087,4996440,15
19088,4996586,18
19089,4997460,36
19090,4996586,18
19091,5027133,645
19092,5024934,600
19093,5003293,156
19094,4997169,30
19095,4995711,0
19096,4995711,0
19097,4996003,6
19098,4995711,0
19099,4997169,30
19100,4999938,87
19101,4996440,15
19102,4996003,6
19103,5006358,219
19104,4996003,6
19105,4996003,6
19106,5005336,198
19107,4996586,18
19108,4995711,0
19109,4996440,15
19110,4996003,6
19111,4995711,0
19112,4996003,6
19113,4997169,30
19114,4996586,18
19115,4997023,27
19116,4996586,18
19117,4995711,0
19118,4995711,0
19119,4996586,18
19120,4996003,6
19121,4996440,15
19122,4996003,6
19123,4996003,6
19124,4996586,18
19125,4997169,30
19126,4997169,30
19127,4996440,15
19128,4996003,6
19129,4996003,6
19130,4997169,30
19131,4996440,15
19132,4996586,18
19133,5005336,198
19134,4997023,27
19135,4996440,15
19136,4995711,0
19137,4996003,6
19138,4996003,6
19139,4996003,6
19140,4996586,18
19141,4996586,18
19142,4996440,15
19143,4998043,48
19144,5008110,255
19145,4996586,18
19146,4995711,0
19147,4996003,6
19148,4996440,15
19149,4996003,6
19150,4996586,18
19151,4997169,30
19152,4995711,0
19153,4995711,0
19154,4996003,6
19155,5000084,90
19156,4996440,15
19157,4996586,18
19158,4996586,18
19159,4995711,0
19160,4996003,6
19161,5000521,99
19162,4995711,0
19163,4995711,0
19164,4995711,0
19165,4996003,6
19166,4997169,30
19167,4995711,0
19168,4996003,6
19169,4996586,18
19170,4996003,6
19171,4997169,30
19172,5002709,144
19173,4995711,0
19174,5002709,144
19175,4996586,18
19176,4996586,18
19177,4996003,6
19178,4996003,6
19179,4997023,27
19180,4996586,18
19181,4996440,15
19182,4996003,6
19183,4996586,18
19184,4996003,6
19185,4995711,0
19186,4996003,6
19187,4996440,15
19188,5000084,90
19189,4995711,0
19190,4995711,0
19191,4996586,18
19192,4995711,0
19193,4995711,0
19194,4997169,30
19195,4996003,6
19196,4996003,6
19197,4996003,6
19198,4996003,6
19199,4996586,18
19200,4996003,6
19201,4997897,45
19202,4996440,15
19203,5000084,90
19204,4997460,36
19205,4996440,15
19206,4995711,0
19207,4995711,0
19208,4997169,30
19209,4996586,18
19210,4995711,0
19211,4996003,6
19212,4995711,0
19213,4996440,15
19214,4996003,6
19215,4998043,48
19216,4996003,6
19217,4996003,6
19218,4996003,6
19219,5000521,99
19220,4997751,42
19221,4996003,6
19222,4995711,0
19223,4996003,6
19224,4995711,0
19225,4996003,6
19226,4996003,6
19227,4996003,6
19228,4996003,6
19229,4997169,30
19230,4996003,6
19231,5000084,90
19232,4996003,6
19233,4996003,6
19234,4996003,6
19235,4996586,18
19236,4996586,18
19237,4996003,6
19238,4995711,0
19239,4995711,0
19240,4996003,6
19241,4996003,6
19242,4996586,18
19243,4996003,6
19244,4995711,0
19245,4996003,6
19246,4996003,6
19247,4996003,6
19248,4995711,0
19249,4997023,27
19250,4996440,15
19251,5000084,90
19252,4996440,15
19253,4996003,6
19254,4996440,15
19255,4997169,30
19256,4996003,6
19257,4996586,18
19258,4996003,6
19259,4996003,6
19260,4996003,6
19261,4996003,6
19262,4997169,30
19263,4996440,15
19264,4996003,6
19265,4996586,18
19266,4996003,6
19267,4995711,0
19268,4997023,27
19269,4997169,30
19270,4995711,0
19271,4996003,6
19272,4997169,30
19273,4996003,6
19274,5000084,90
19275,4997023,27
19276,4996003,6
19277,4996003,6
19278,4996586,18
19279,4996003,6
19280,5091312,1950
19281,4996003,6
19282,5025374,609
19283,4996440,15
19284,4996440,15
19285,4996003,6
19286,4996440,15
19287,4996003,6
19288,4995711,0
19289,4999063,69
19290,4996003,6
19291,4996003,6
19292,4996003,6
19293,4995711,0
19294,4997023,27
19295,4996440,15
19296,4996003,6
19297,5001834,126
19298,4996003,6
19299,4995711,0
19300,4996003,6
19301,4997023,27
19302,4995711,0
19303,4996003,6
19304,4995711,0
19305,4995711,0
19306,4997897,45
19307,4998189,51
19308,5004169,174
19309,4996003,6
19310,4996003,6
19311,4995711,0
19312,4998189,51
19313,4997023,27
19314,4997169,30
19315,5000084,90
19316,4996003,6
19317,4997023,27
19318,4996003,6
19319,4996003,6
19320,4996003,6
19321,4996003,6
19322,5000084,90
19323,4998043,48
19324,4996003,6
19325,5000084,90
19326,5008110,255
19327,4997460,36
19328,4997169,30
19329,4996586,18
19330,4996003,6
19331,4995711,0
19332,5000084,90
19333,4996003,6
19334,4996003,6
19335,5637111,12426
19336,4996003,6
19337,4996003,6
19338,4995711,0
19339,4996003,6
19340,4995711,0
19341,4995711,0
19342,4997897,45
19343,4995711,0
19344,5000084,90
19345,4999209,72
19346,4996003,6
19347,4996003,6
19348,4995711,0
19349,4995711,0
19350,4996003,6
19351,4996586,18
19352,4997897,45
19353,4996003,6
19354,4996003,6
19355,4996440,15
19356,4995711,0
19357,4997169,30
19358,4995711,0
19359,4996440,15
19360,4996003,6
19361,4996003,6
19362,5006942,231
19363,4996003,6
19364,4996586,18
19365,4996003,6
19366,4995711,0
19367,4998189,51
19368,4996003,6
19369,5002709,144
19370,4995711,0
19371,4997023,27
19372,4996003,6
19373,4995711,0
19374,4995711,0
19375,4996586,18
19376,4995711,0
19377,4996003,6
19378,4996003,6
19379,5017027,438
19380,4996440,15
19381,4995711,0
19382,4996003,6
19383,4997169,30
19384,4995711,0
19385,4995711,0
19386,4997023,27
19387,4997169,30
19388,4996003,6
19389,4996003,6
19390,4995711,0
19391,4995711,0
19392,4995711,0
19393,4995711,0
19394,4995711,0
19395,4996440,15
19396,4996586,18
19397,4997751,42
19398,4997897,45
19399,5002709,144
19400,4996003,6
19401,4995711,0
19402,4996003,6
19403,4996003,6
19404,4996003,6
19405,4995711,0
19406,4995711,0
19407,4996003,6
19408,4996003,6
19409,4996586,18
19410,4996586,18
19411,4999501,78
19412,4995711,0
19413,4995711,0
19414,4996003,6
19415,4996003,6
19416,4996440,15
19417,4996440,15
19418,4995711,0
19419,4996003,6
19420,4996586,18
19421,4996440,15
19422,4995711,0
19423,4995711,0
19424,4995711,0
19425,4995711,0
19426,4996003,6
19427,5003147,153
19428,4997897,45
19429,4995711,0
19430,4996586,18
19431,4997023,27
19432,4996003,6
19433,4995711,0
19434,4997169,30
19435,4996003,6
19436,4996003,6
19437,4997169,30
19438,4998626,60
19439,4996586,18
19440,4998043,48
19441,4996003,6
19442,4996440,15
19443,4996003,6
19444,4996003,6
19445,4996440,15
19446,4996003,6
19447,4995711,0
19448,4995711,0
19449,4997023,27
19450,4996003,6
19451,4995711,0
19452,4996440,15
19453,4995711,0
19454,4996003,6
19455,4996003,6
19456,4996586,18
19457,5026546,633
19458,4997169,30
19459,4996586,18
19460,4995711,0
19461,5012201,339
19462,4996003,6
19463,5003147,153
19464,5002709,144
19465,4995711,0
19466,4997023,27
19467,4996440,15
19468,4996586,18
19469,4996440,15
19470,5000521,99
19471,4995711,0
19472,4996003,6
19473,4997169,30
19474,4995711,0
19475,4996003,6
19476,4995711,0
19477,4996440,15
19478,5000084,90
19479,4996586,18
19480,4995711,0
19481,4995711,0
19482,4996586,18
19483,4996003,6
19484,4995711,0
19485,4997897,45
19486,4996003,6
19487,4996586,18
19488,4996586,18
19489,4995711,0
19490,4996003,6
19491,4997023,27
19492,4995711,0
19493,4996003,6
19494,4995711,0
19495,5000084,90
19496,4995711,0
19497,4996440,15
19498,4995711,0
19499,4997897,45
19500,4996440,15
19501,4995711,0
19502,4997460,36
19503,4998772,63
19504,4995711,0
19505,4996003,6
19506,4997169,30
19507,4996440,15
19508,4996003,6
19509,5000084,90
19510,4995711,0
19511,4996586,18
19512,4996003,6
19513,4996440,15
19514,4997169,30
19515,4996586,18
19516,4996586,18
19517,4995711,0
19518,5001105,111
19519,4996003,6
19520,4995711,0
19521,4996003,6
19522,5000084,90
19523,4996586,18
19524,5005044,192
19525,4996440,15
19526,4999792,84
19527,4996003,6
19528,4995711,0
19529,4996003,6
19530,4995711,0
19531,4995711,0
19532,4996586,18
19533,4997023,27
19534,4996586,18
19535,4997169,30
19536,4995711,0
19537,4996003,6
19538,5000521,99
19539,4995711,0
19540,4996003,6
19541,4996586,18
19542,4995711,0
19543,4996003,6
19544,5000084,90
19545,5025374,609
19546,4996003,6
19547,4996003,6
19548,4995711,0
19549,4996003,6
19550,4996003,6
19551,4995711,0
19552,4997169,30
19553,4998189,51
19554,4996586,18
19555,4996586,18
19556,4996003,6
19557,5024934,600
19558,4995711,0
19559,4996003,6
19560,4995711,0
19561,4996440,15
19562,4996440,15
19563,4996440,15
19564,4996003,6
19565,4996003,6
19566,5002709,144
19567,5002709,144
19568,4996003,6
19569,4995711,0
19570,4996586,18
19571,4995711,0
19572,4996003,6
19573,5003293,156
19574,4996003,6
19575,4996440,15
19576,4997169,30
19577,4997169,30
19578,4996003,6
19579,4996003,6
19580,5002709,144
19581,4996003,6
19582,4995711,0
19583,4995711,0
19584,4996440,15
19585,4995711,0
19586,4996003,6
19587,4996440,15
19588,4995711,0
19589,4995711,0
19590,4996003,6
19591,4995711,0
19592,4995711,0
19593,4995711,0
19594,4996003,6
19595,4995711,0
19596,4995711,0
19597,4996440,15
19598,5004169,174
19599,4997169,30
19600,5000521,99
19601,4995711,0
19602,4997169,30
19603,4996003,6
19604,4996003,6
19605,4996003,6
19606,4996586,18
19607,4995711,0
19608,4996586,18
19609,4996586,18
19610,4996440,15
19611,4996586,18
19612,4995711,0
19613,4996440,15
19614,4996003,6
19615,4996003,6
19616,4997169,30
19617,4996440,15
19618,4996003,6
19619,4997169,30
19620,4995711,0
19621,4995711,0
19622,4996003,6
19623,4996586,18
19624,4998189,51
19625,4995711,0
19626,4997169,30
19627,4996003,6
19628,5015272,402
19629,4995711,0
19630,4998043,48
19631,4997169,30
19632,4996003,6
19633,5002709,144
19634,4997169,30
19635,4996003,6
19636,4996440,15
19637,4996003,6
19638,4995711,0
19639,4996440,15
19640,4996003,6
19641,4997023,27
19642,4996586,18
19643,4996003,6
19644,4997023,27
19645,5008110,255
19646,4997023,27
19647,4996003,6
19648,4997460,36
19649,4996003,6
19650,4995711,0
19651,4996003,6
19652,4997169,30
19653,4996003,6
19654,4996003,6
19655,4996003,6
19656,4998189,51
19657,4996586,18
19658,4997169,30
19659,4996003,6
19660,4996586,18
19661,4996003,6
19662,4996003,6
19663,4996440,15
19664,4995711,0
19665,4995711,0
19666,5002709,144
19667,4996440,15
19668,4995711,0
19669,4997169,30
19670,4995711,0
19671,4996586,18
19672,4998189,51
19673,4996586,18
19674,4995711,0
19675,4995711,0
19676,4996003,6
19677,4995711,0
19678,4996003,6
19679,4996003,6
19680,4997169,30
19681,4996003,6
19682,4998043,48
19683,4996586,18
19684,4995711,0
19685,4995711,0
19686,4995711,0
19687,4996003,6
19688,4996003,6
19689,4996440,15
19690,4995711,0
19691,4996003,6
19692,4996003,6
19693,5000084,90
19694,5001105,111
19695,4996003,6
19696,4996440,15
19697,4995711,0
19698,4996003,6
19699,4996440,15
19700,4996440,15
19701,4995711,0
19702,4995711,0
19703,4995711,0
19704,4996003,6
19705,4996003,6
19706,5006650,225
19707,5002709,144
19708,4995711,0
19709,4996003,6
19710,4995711,0
19711,4996003,6
19712,4996003,6
19713,4995711,0
19714,4996586,18
19715,4996586,18
19716,4996440,15
19717,4995711,0
19718,4997169,30
19719,4997460,36
19720,4996586,18
19721,4998043,48
19722,5005628,204
19723,4995711,0
19724,5000521,99
19725,4997751,42
19726,4995711,0
19727,4996003,6
19728,5024934,600
19729,4997169,30
19730,4995711,0
19731,4996003,6
19732,4996003,6
19733,4996440,15
19734,4996586,18
19735,4995711,0
19736,4995711,0
19737,4996586,18
19738,4997169,30
19739,4996440,15
19740,4996586,18
19741,4997897,45
19742,4996586,18
19743,4995711,0
19744,4996003,6
19745,4995711,0
19746,4995711,0
19747,4997460,36
19748,4996586,18
19749,4996003,6
19750,4996003,6
19751,4997460,36
19752,4996003,6
19753,4995711,0
19754,4997897,45
19755,4996003,6
19756,4996003,6
19757,4996003,6
19758,4995711,0
19759,5000084,90
19760,4995711,0
19761,4997897,45
19762,4996003,6
19763,4996003,6
19764,4995711,0
19765,4996003,6
19766,4996003,6
19767,4996003,6
19768,4996003,6
19769,4995711,0
19770,5002709,144
19771,5161727,3363
19772,4997460,36
19773,4995711,0
19774,4997169,30
19775,4996003,6
19776,4997169,30
19777,4995711,0
19778,4996003,6
19779,4996586,18
19780,4996003,6
19781,4996003,6
19782,4996003,6
19783,5000084,90
19784,4997169,30
19785,4996586,18
19786,4997460,36
19787,4995711,0
19788,4997751,42
19789,4997169,30
19790,4997897,45
19791,4996440,15
19792,4996586,18
19793,4996003,6
19794,4997169,30
19795,4995711,0
19796,5000084,90
19797,5002709,144
19798,4996586,18
19799,4995711,0
19800,4995711,0
19801,4995711,0
19802,4996586,18
19803,5001105,111
19804,4998043,48
19805,4996003,6
19806,5003293,156
19807,4996586,18
19808,4996003,6
19809,4996440,15
19810,4997023,27
19811,4995711,0
19812,4996586,18
19813,4996003,6
19814,4995711,0
19815,4996003,6
19816,4996003,6
19817,4995711,0
19818,5005336,198
19819,4997169,30
19820,5003293,156
19821,4997169,30
19822,5000521,99
19823,4996440,15
19824,4996440,15
19825,4998772,63
19826,4996440,15
19827,4996003,6
19828,4997169,30
19829,4997169,30
19830,4996003,6
19831,5003147,153
19832,4996586,18
19833,4997169,30
19834,4998918,66
19835,4995711,0
19836,4996003,6
19837,4996003,6
19838,4996586,18
19839,4997169,30
19840,4995711,0
19841,4996003,6
19842,4996440,15
19843,4997023,27
19844,4996003,6
19845,5004169,174
19846,4996003,6
19847,5164437,3417
19848,4996003,6
19849,4995711,0
19850,4995711,0
19851,4995711,0
19852,4996586,18
19853,4996440,15
19854,5006066,213
19855,4996586,18
19856,4996003,6
19857,4995711,0
19858,4996586,18
19859,4996003,6
19860,4995711,0
19861,4997023,27
19862,4997169,30
19863,4995711,0
19864,4996586,18
19865,4999938,87
19866,4997169,30
19867,4996586,18
19868,4995711,0
19869,4996003,6
19870,4996586,18
19871,4997169,30
19872,4995711,0
19873,4996003,6
19874,4995711,0
19875,4996003,6
19876,4998189,51
19877,4997169,30
19878,4995711,0
19879,4995711,0
19880,4996586,18
19881,4996440,15
19882,4996003,6
19883,4995711,0
19884,4997751,42
19885,5031386,732
19886,4996440,15
19887,4997169,30
19888,5388603,7788
19889,4995711,0
19890,5000084,90
19891,4995711,0
19892,4996003,6
19893,4996440,15
19894,4996003,6
19895,4996003,6
19896,5002709,144
19897,4996003,6
19898,4996586,18
19899,4996586,18
19900,4996003,6
19901,4996003,6
19902,4996003,6
19903,4996003,6
19904,4995711,0
19905,4995711,0
19906,4996003,6
19907,5002563,141
19908,5002709,144
19909,4995711,0
19910,4996003,6
19911,4996003,6
19912,4996003,6
19913,4997169,30
19914,4996003,6
19915,4996003,6
19916,5012201,339
19917,4996003,6
19918,4997023,27
19919,4996003,6
19920,4995711,0
19921,4997460,36
19922,4996440,15
19923,4997169,30
19924,5001105,111
19925,4995711,0
19926,4995711,0
19927,4995711,0
19928,5004023,171
19929,4996586,18
19930,4995711,0
19931,4995711,0
19932,5001980,129
19933,4996003,6
19934,4996586,18
19935,4995711,0
19936,4996003,6
19937,5014102,378
19938,4997460,36
19939,4996003,6
19940,4996003,6
19941,4996003,6
19942,4996586,18
19943,5790063,15180
19944,4995711,0
19945,4996003,6
19946,4996440,15
19947,4996440,15
19948,4996003,6
19949,4996586,18
19950,4996586,18
19951,4995711,0
19952,4997169,30
19953,4995711,0
19954,4996440,15
19955,4996003,6
19956,4996440,15
19957,5014102,378
19958,5002709,144
19959,5000521,99
19960,4995711,0
19961,4996003,6
19962,4996003,6
19963,4997023,27
19964,4996003,6
19965,4996003,6
19966,5000521,99
19967,4996586,18
19968,4995711,0
19969,4996003,6
19970,4996440,15
19971,4995711,0
19972,4995711,0
19973,5002709,144
19974,4997460,36
19975,4996586,18
19976,4997169,30
19977,4996003,6
19978,5002709,144
19979,4997169,30
19980,4995711,0
19981,4996003,6
19982,4997023,27
19983,5003293,156
19984,5210730,4335
19985,4995711,0
19986,4997023,27
19987,4997460,36
19988,4995711,0
19989,4995711,0
19990,4995711,0
19991,4995711,0
19992,5011032,315
19993,4995711,0
19994,4996003,6
19995,4996003,6
19996,4996003,6
19997,4996440,15
19998,4995711,0
19999,4996003,6
20000,4996003,6
20001,4996440,15
20002,4997023,27
20003,4996003,6
20004,4995711,0
20005,4995711,0
20006,4996003,6
20007,4996003,6
20008,4996003,6
20009,4996003,6
20010,4995711,0
20011,4996440,15
20012,4995711,0
20013,4996586,18
20014,4997169,30
20015,4995711,0
20016,4995711,0
20017,4996003,6
20018,4996003,6
20019,4996003,6
20020,4996003,6
20021,4997460,36
20022,4996003,6
20023,4995711,0
20024,4996586,18
20025,4996586,18
20026,4996003,6
20027,4996440,15
20028,4997169,30
20029,4995711,0
20030,4996586,18
20031,4998918,66
20032,4996440,15
20033,5002709,144
20034,4996440,15
20035,4996003,6
20036,4996586,18
20037,4996003,6
20038,5014541,387
20039,4996586,18
20040,4995711,0
20041,4995711,0
20042,4997169,30
20043,4996586,18
20044,4995711,0
20045,4996003,6
20046,4996440,15
20047,4998043,48
20048,4995711,0
20049,4996586,18
20050,4996003,6
20051,4995711,0
20052,4996003,6
20053,4995711,0
20054,4995711,0
20055,5008110,255
20056,4996586,18
20057,4995711,0
20058,5001105,111
20059,4995711,0
20060,4998772,63
20061,4996003,6
20062,4997169,30
20063,4996586,18
20064,4996586,18
20065,4995711,0
20066,5571736,11226
20067,4996586,18
20068,4996003,6
20069,4995711,0
20070,5003293,156
20071,4999063,69
20072,4996003,6
20073,4995711,0
20074,4997169,30
20075,4996003,6
20076,4995711,0
20077,4996003,6
20078,4996586,18
20079,4996003,6
20080,4996003,6
20081,4995711,0
20082,4996003,6
20083,4996440,15
20084,4995711,0
20085,4997897,45
20086,5255138,5208
20087,4995711,0
20088,4996440,15
20089,4996440,15
20090,4997023,27
20091,4996003,6
20092,4997169,30
20093,4995711,0
20094,4996003,6
20095,4995711,0
20096,4998626,60
20097,4997169,30
20098,4996003,6
20099,4996586,18
20100,4996003,6
20101,4996440,15
20102,4996003,6
20103,4997169,30
20104,4996003,6
20105,4996003,6
20106,4995711,0
20107,4995711,0
20108,4995711,0
20109,4996586,18
20110,4996003,6
20111,5037406,855
20112,4995711,0
20113,4996003,6
20114,4996003,6
20115,4996586,18
20116,4996003,6
20117,4995711,0
20118,4996003,6
20119,4997460,36
20120,4996003,6
20121,4996003,6
20122,4997169,30
20123,4995711,0
20124,4995711,0
20125,4996586,18
20126,4996003,6
20127,4996003,6
20128,5000521,99
20129,4995711,0
20130,4996003,6
20131,4995711,0
20132,4995711,0
20133,4996003,6
20134,4996003,6
20135,4995711,0
20136,5004023,171
20137,5004023,171
20138,4996003,6
20139,4995711,0
20140,4995711,0
20141,5002563,141
20142,4996003,6
20143,4995711,0
20144,4998043,48
20145,4997169,30
20146,4996003,6
20147,4996003,6
20148,4995711,0
20149,4996440,15
20150,4996003,6
20151,4996003,6
20152,4998189,51
20153,4995711,0
20154,4995711,0
20155,4996586,18
20156,4996586,18
20157,4996586,18
20158,4996003,6
20159,4996003,6
20160,4995711,0
20161,4995711,0
20162,5000084,90
20163,4996003,6
20164,4996440,15
20165,4997897,45
20166,4996003,6
20167,4996440,15
20168,4996586,18
20169,5000521,99
20170,4995711,0
20171,4997023,27
20172,5000084,90
20173,4996003,6
20174,4995711,0
20175,4996586,18
20176,4995711,0
20177,4996003,6
20178,4996586,18
20179,4996440,15
20180,5000521,99
20181,4996003,6
20182,5151952,3168
20183,4996003,6
20184,4995711,0
20185,4996003,6
20186,5002709,144
20187,4995711,0
20188,5000084,90
20189,4997023,27
20190,5000521,99
20191,4996003,6
20192,4995711,0
20193,4997169,30
20194,4996586,18
20195,4996003,6
20196,4997169,30
20197,4996003,6
20198,4996003,6
20199,4995711,0
20200,4996003,6
20201,5000084,90
20202,4995711,0
20203,4998918,66
20204,4996440,15
20205,4995711,0
20206,4996586,18
20207,5002563,141
20208,4998043,48
20209,4997169,30
20210,4996586,18
20211,4995711,0
20212,4996003,6
20213,5000521,99
20214,4995711,0
20215,4995711,0
20216,4996586,18
20217,4996586,18
20218,4996003,6
20219,4996440,15
20220,4996003,6
20221,4996440,15
20222,4996440,15
20223,5003293,156
20224,4997169,30
20225,4996440,15
20226,4996003,6
20227,4995711,0
20228,4995711,0
20229,5002709,144
20230,4995711,0
20231,4996003,6
20232,4996003,6
20233,4997169,30
20234,4995711,0
20235,4995711,0
20236,5002709,144
20237,4996586,18
20238,4996003,6
20239,4996440,15
20240,4996003,6
20241,4996586,18
20242,5041374,936
20243,4996440,15
20244,4996003,6
20245,4997897,45
20246,4997169,30
20247,4996003,6
20248,5003293,156
20249,4995711,0
20250,5041521,939
20251,4997169,30
20252,4996003,6
20253,4996003,6
20254,5000084,90
20255,4995711,0
20256,4995711,0
20257,4996586,18
20258,4995711,0
20259,5002709,144
20260,5254525,5196
20261,4997460,36
20262,4997169,30
20263,4998189,51
20264,4995711,0
20265,4995711,0
20266,4996003,6
20267,5000521,99
20268,4995711,0
20269,4997897,45
20270,4995711,0
20271,4997897,45
20272,4996586,18
20273,4995711,0
20274,4996003,6
20275,4997169,30
20276,4996003,6
20277,4995711,0
20278,4996003,6
20279,4996440,15
20280,4996003,6
20281,4996586,18
20282,5002709,144
20283,4995711,0
20284,4996586,18
20285,5010886,312
20286,4997897,45
20287,4996003,6
20288,4996003,6
20289,4995711,0
20290,4996003,6
20291,4995711,0
20292,4996003,6
20293,4996003,6
20294,4999938,87
20295,4995711,0
20296,4995711,0
20297,4996003,6
20298,4997169,30
20299,4996003,6
20300,4996440,15
20301,4995711,0
20302,4995711,0
20303,4997169,30
20304,4998772,63
20305,4998189,51
20306,4996586,18
20307,4996003,6
20308,5004023,171
20309,5000084,90
20310,4997169,30
20311,4996003,6
20312,4996586,18
20313,4995711,0
20314,4995711,0
20315,4995711,0
20316,4995711,0
20317,4995711,0
20318,4997023,27
20319,4998043,48
20320,4996003,6
20321,4995711,0
20322,4996440,15
20323,4995711,0
20324,4995711,0
20325,4995711,0
20326,4996003,6
20327,4996003,6
20328,4997897,45
20329,4996003,6
20330,4996003,6
20331,5024934,600
20332,4996586,18
20333,4995711,0
20334,4997169,30
20335,4996440,15
20336,4996586,18
20337,4995711,0
20338,4995711,0
20339,4996003,6
20340,5005628,204
20341,4997169,30
20342,4995711,0
20343,4995711,0
20344,4996003,6
20345,4997169,30
20346,5002709,144
20347,4995711,0
20348,4995711,0
20349,4995711,0
20350,4995711,0
20351,4996003,6
20352,4996003,6
20353,4997169,30
20354,4998918,66
20355,4995711,0
20356,5002709,144
20357,4996003,6
20358,4996440,15
20359,4996440,15
20360,4996440,15
20361,4996440,15
20362,4997169,30
20363,4996003,6
20364,4995711,0
20365,4996003,6
20366,4996003,6
20367,4995711,0
20368,4998189,51
20369,4996003,6
20370,4995711,0
20371,4996440,15
20372,4995711,0
20373,4995711,0
20374,4995711,0
20375,4996440,15
20376,4995711,0
20377,4996003,6
20378,4997897,45
20379,4996586,18
20380,4997169,30
20381,4996003,6
20382,5005628,204
20383,4996440,15
20384,4995711,0
20385,4995711,0
20386,4996003,6
20387,4997169,30
20388,4996440,15
20389,4996003,6
20390,4995711,0
20391,4997169,30
20392,4996003,6
20393,4996586,18
20394,4996003,6
20395,4995711,0
20396,4996440,15
20397,5002272,135
20398,4997169,30
20399,5025081,603
20400,4995711,0
20401,5000084,90
20402,4995711,0
20403,5000084,90
20404,4995711,0
20405,4996440,15
20406,5020979,519
20407,4995711,0
20408,4997897,45
20409,4997897,45
20410,4996586,18
20411,4996586,18
20412,4996586,18
20413,4996440,15
20414,4995711,0
20415,4996440,15
20416,4995711,0
20417,4995711,0
20418,4995711,0
20419,5030359,711
20420,4995711,0
20421,5006066,213
20422,4995711,0
20423,4996003,6
20424,4995711,0
20425,4998043,48
20426,4996440,15
20427,4996003,6
20428,4997897,45
20429,4996003,6
20430,4995711,0
20431,4997169,30
20432,4996440,15
20433,4996003,6
20434,5251614,5139
20435,4997460,36
20436,4996003,6
20437,4995711,0
20438,4997169,30
20439,5001105,111
20440,4998918,66
20441,4997169,30
20442,5011178,318
20443,4996586,18
20444,5005044,192
20445,4995711,0
20446,4997897,45
20447,4995711,0
20448,5000521,99
20449,4996003,6
20450,4995711,0
20451,4996003,6
20452,4996440,15
20453,4997169,30
20454,4995711,0
20455,5016588,429
20456,4997169,30
20457,4996440,15
20458,4995711,0
20459,4996440,15
20460,4995711,0
20461,4996440,15
20462,4995711,0
20463,4995711,0
20464,4995711,0
20465,4995711,0
20466,4995711,0
20467,4996586,18
20468,4996440,15
20469,4995711,0
20470,5000084,90
20471,4996003,6
20472,4997897,45
20473,4996440,15
20474,4996003,6
20475,4996586,18
20476,4996440,15
20477,4995711,0
20478,4996003,6
20479,4995711,0
20480,4995711,0
20481,4996440,15
20482,4995711,0
20483,4995711,0
20484,4996003,6
20485,4997169,30
20486,4996440,15
20487,4995711,0
20488,4996003,6
20489,4996003,6
20490,5005044,192
20491,4996586,18
20492,4995711,0
20493,5000230,93
20494,4995711,0
20495,4998043,48
20496,4996586,18
20497,4996003,6
20498,4996440,15
20499,4996586,18
20500,4995711,0
20501,4995711,0
20502,4996003,6
20503,4996586,18
20504,4997169,30
20505,4995711,0
20506,4996003,6
20507,4997460,36
20508,4996003,6
20509,4996440,15
20510,4995711,0
20511,4997023,27
20512,4997023,27
20513,5003293,156
20514,4997169,30
20515,4997169,30
20516,4995711,0
20517,4995711,0
20518,5000084,90
20519,4996003,6
20520,4995711,0
20521,5000521,99
20522,4997169,30
20523,4995711,0
20524,4996003,6
20525,4996440,15
20526,4995711,0
20527,4995711,0
20528,4996440,15
20529,4996440,15
20530,5001105,111
20531,4995711,0
20532,4995711,0
20533,4996586,18
20534,4997897,45
20535,4995711,0
20536,4995711,0
20537,4995711,0
20538,4995711,0
20539,4995711,0
20540,4996003,6
20541,4995711,0
20542,4995711,0
20543,5006066,213
20544,4997897,45
20545,4997897,45
20546,5004169,174
20547,4996003,6
20548,4995711,0
20549,5000521,99
20550,4995711,0
20551,4995711,0
20552,4996440,15
20553,4996586,18
20554,4995711,0
20555,4996586,18
20556,4996586,18
20557,4997169,30
20558,4996440,15
20559,4995711,0
20560,4995711,0
20561,4995711,0
20562,5001105,111
20563,4995711,0
20564,4995711,0
20565,4996003,6
20566,4995711,0
20567,4996586,18
20568,4995711,0
20569,4996003,6
20570,4999209,72
20571,4996440,15
20572,4996003,6
20573,4996440,15
20574,4996440,15
20575,4996003,6
20576,4997460,36
20577,4996003,6
20578,4996003,6
20579,5553729,10893
20580,4996003,6
20581,4997169,30
20582,5002709,144
20583,4996440,15
20584,5000084,90
20585,4996440,15
20586,4995711,0
20587,4997169,30
20588,4996003,6
20589,4996586,18
20590,4995711,0
20591,4996440,15
20592,4997460,36
20593,4995711,0
20594,4996440,15
20595,4995711,0
20596,4995711,0
20597,4996003,6
20598,4995711,0
20599,4995711,0
20600,4996586,18
20601,4996003,6
20602,4995711,0
20603,4995711,0
20604,4996586,18
20605,5000521,99
20606,5003293,156
20607,4996003,6
20608,4996003,6
20609,4996440,15
20610,4996003,6
20611,4996003,6
20612,4995711,0
20613,4997751,42
20614,4999938,87
20615,4995711,0
20616,4997023,27
20617,4995711,0
20618,4995711,0
20619,4996586,18
20620,4996586,18
20621,5000084,90
20622,4996003,6
20623,4995711,0
20624,4996440,15
20625,4996003,6
20626,4996003,6
20627,4996003,6
20628,4996003,6
20629,4996003,6
20630,4995711,0
20631,4996003,6
20632,4996003,6
20633,4995711,0
20634,4997169,30
20635,4996586,18
20636,4996440,15
20637,4996003,6
20638,4996003,6
20639,4996440,15
20640,4996003,6
20641,4995711,0
20642,5002709,144
20643,4996003,6
20644,5000521,99
20645,4996003,6
20646,4996003,6
20647,4996003,6
20648,5002709,144
20649,5000521,99
20650,4996440,15
20651,4995711,0
20652,4995711,0
20653,4995711,0
20654,4995711,0
20655,4996586,18
20656,5000084,90
20657,4996440,15
20658,4995711,0
20659,4999501,78
20660,5006358,219
20661,5011178,318
20662,4995711,0
20663,4997169,30
20664,4996440,15
20665,4996003,6
20666,4996003,6
20667,5003293,156
20668,5003293,156
20669,4995711,0
20670,4995711,0
20671,4996003,6
20672,4996440,15
20673,4999063,69
20674,4998189,51
20675,4996003,6
20676,4997169,30
20677,4995711,0
20678,4996440,15
20679,4997023,27
20680,4996586,18
20681,5002709,144
20682,4997751,42
20683,4996003,6
20684,4996003,6
20685,4995711,0
20686,4997023,27
20687,4995711,0
20688,4996003,6
20689,4995711,0
20690,4996586,18
20691,4995711,0
20692,4996003,6
20693,4996003,6
20694,4995711,0
20695,4996440,15
20696,4996003,6
20697,4996003,6
20698,4995711,0
20699,4995711,0
20700,5000084,90
20701,4996586,18
20702,4995711,0
20703,4996003,6
20704,4995711,0
20705,4996586,18
20706,4997169,30
20707,4995711,0
20708,4996003,6
20709,4996440,15
20710,4996003,6
20711,4996003,6
20712,4996003,6
20713,4997169,30
20714,4996003,6
20715,4996003,6
20716,4996586,18
20717,4995711,0
20718,4995711,0
20719,4997460,36
20720,4996003,6
20721,4996003,6
20722,4995711,0
20723,4998189,51
20724,4997460,36
20725,4996586,18
20726,5000084,90
20727,4995711,0
20728,4996003,6
20729,4997169,30
20730,4995711,0
20731,5002709,144
20732,4997169,30
20733,4996003,6
20734,4996440,15
20735,4996440,15
20736,4996003,6
20737,4995711,0
20738,4997169,30
20739,4996003,6
20740,4996003,6
20741,4996003,6
20742,4995711,0
20743,4996003,6
20744,4995711,0
20745,4996003,6
20746,4996003,6
20747,4997169,30
20748,4997169,30
20749,4996003,6
20750,4995711,0
20751,4996440,15
20752,4996586,18
20753,4997460,36
20754,4996586,18
20755,4996003,6
20756,4996003,6
20757,5014248,381
20758,4995711,0
20759,4996003,6
20760,4996003,6
20761,4996003,6
20762,4996003,6
20763,4996003,6
20764,4996586,18
20765,4997023,27
20766,4996586,18
20767,4996003,6
20768,4997169,30
20769,4995711,0
20770,4995711,0
20771,4996003,6
20772,4996003,6
20773,4996440,15
20774,4997169,30
20775,4996003,6
20776,4995711,0
20777,4995711,0
20778,4995711,0
20779,4996586,18
20780,4995711,0
20781,4996003,6
20782,4996003,6
20783,4995711,0
20784,4995711,0
20785,4996003,6
20786,5002709,144
20787,5012494,345
20788,4995711,0
20789,4995711,0
20790,5024934,600
20791,4998189,51
20792,4996440,15
20793,4996003,6
20794,4996440,15
20795,5000521,99
20796,4996586,18
20797,4997169,30
20798,4996003,6
20799,4998918,66
20800,4996003,6
20801,4996003,6
20802,4996003,6
20803,4997023,27
20804,5000084,90
20805,5006066,213
20806,4996003,6
20807,4996003,6
20808,4997023,27
20809,4995711,0
20810,4996586,18
20811,4995711,0
20812,4996003,6
20813,4996003,6
20814,4997169,30
20815,4995711,0
20816,4996003,6
20817,5001105,111
20818,4996440,15
20819,4996586,18
20820,5012055,336
20821,4996440,15
20822,5003293,156
20823,4995711,0
20824,4996003,6
20825,4996003,6
20826,4995711,0
20827,4995711,0
20828,4995711,0
20829,4996586,18
20830,4996586,18
20831,4996440,15
20832,4996586,18
20833,4998772,63
20834,4997169,30
20835,5005628,204
20836,4996586,18
20837,4996003,6
20838,4995711,0
20839,5006358,219
20840,4996003,6
20841,4995711,0
20842,4997169,30
20843,4996003,6
20844,4999209,72
20845,5007088,234
20846,4995711,0
20847,4996003,6
20848,4996440,15
20849,4996586,18
20850,4996440,15
20851,4997169,30
20852,4995711,0
20853,4996003,6
20854,4995711,0
20855,4996586,18
20856,4996586,18
20857,4996003,6
20858,4996003,6
20859,4996440,15
20860,4995711,0
20861,4995711,0
20862,4996440,15
20863,5007234,237
20864,4995711,0
20865,5000521,99
20866,4995711,0
20867,4995711,0
20868,4995711,0
20869,4995711,0
20870,4996003,6
20871,4995711,0
20872,4997023,27
20873,5000521,99
20874,4996440,15
20875,4996440,15
20876,4996003,6
20877,4997169,30
20878,4996440,15
20879,5016588,429
20880,4996003,6
20881,4996003,6
20882,5007964,252
20883,4995711,0
20884,4996440,15
20885,4995711,0
20886,4997169,30
20887,4996440,15
20888,4996440,15
20889,4997023,27
20890,4995711,0
20891,4996586,18
20892,4996440,15
20893,4996586,18
20894,4995711,0
20895,4996003,6
20896,4995711,0
20897,4995711,0
20898,4997169,30
20899,4995711,0
20900,5006358,219
20901,4995711,0
20902,4998918,66
20903,4996003,6
20904,4995711,0
20905,4996586,18
20906,4996586,18
20907,5004023,171
20908,4996003,6
20909,5002709,144
20910,4995711,0
20911,4995711,0
20912,4996003,6
20913,4996586,18
20914,4996003,6
20915,5009133,276
20916,4997023,27
20917,4998189,51
20918,5000084,90
20919,4995711,0
20920,4996440,15
20921,4995711,0
20922,4996003,6
20923,4995711,0
20924,4997169,30
20925,4997460,36
20926,4995711,0
20927,4996003,6
20928,4997169,30
20929,4995711,0
20930,4997169,30
20931,4995711,0
20932,4995711,0
20933,4995711,0
20934,4996440,15
20935,4996003,6
20936,4998043,48
20937,4995711,0
20938,5011324,321
20939,4996003,6
20940,4997023,27
20941,4996003,6
20942,4996440,15
20943,4995711,0
20944,4995711,0
20945,4996586,18
20946,4995711,0
20947,4995711,0
20948,4995711,0
20949,4996586,18
20950,4996586,18
20951,4996003,6
20952,4996586,18
20953,4996003,6
20954,4996003,6
20955,5020686,513
20956,4995711,0
20957,4995711,0
20958,4995711,0
20959,4995711,0
20960,4995711,0
20961,4995711,0
20962,4995711,0
20963,4995711,0
20964,5002709,144
20965,5214834,4416
20966,4996003,6
20967,4996440,15
20968,4997169,30
20969,4995711,0
20970,4996586,18
20971,5005336,198
20972,4995711,0
20973,4997169,30
20974,4997169,30
20975,4996003,6
20976,4996003,6
20977,4996003,6
20978,4996003,6
20979,4996440,15
20980,4996003,6
20981,4996003,6
20982,4997460,36
20983,4995711,0
20984,4998772,63
20985,4996003,6
20986,4995711,0
20987,4996440,15
20988,4996440,15
20989,4996003,6
20990,4996003,6
20991,5041374,936
20992,4995711,0
20993,4997169,30
20994,4995711,0
20995,4996586,18
20996,5000521,99
20997,4996003,6
20998,4996003,6
20999,4995711,0
21000,4996440,15
21001,4995711,0
21002,4996003,6
21003,4995711,0
21004,4996003,6
21005,4996003,6
21006,4996003,6
21007,4996440,15
21008,4996440,15
21009,4996586,18
21010,4996003,6
21011,4995711,0
21012,4996003,6
21013,4995711,0
21014,5015418,405
21015,4998189,51
21016,4995711,0
21017,4995711,0
21018,4996003,6
21019,4995711,0
21020,4995711,0
21021,4997897,45
21022,4996586,18
21023,4995711,0
21024,4996003,6
21025,4997460,36
21026,4998043,48
21027,4995711,0
21028,4996003,6
21029,4995711,0
21030,4996003,6
21031,4995711,0
21032,4996440,15
21033,4996586,18
21034,4995711,0
21035,4995711,0
21036,5006066,213
21037,4995711,0
21038,4997169,30
21039,4996586,18
21040,4996003,6
21041,4997897,45
21042,4996003,6
21043,4995711,0
21044,4995711,0
21045,4995711,0
21046,4996003,6
21047,4997897,45
21048,4996003,6
21049,4995711,0
21050,4996003,6
21051,4995711,0
21052,4995711,0
21053,4996003,6
21054,4995711,0
21055,4996003,6
21056,4996586,18
21057,4996440,15
21058,4995711,0
21059,4995711,0
21060,4995711,0
21061,4995711,0
21062,4996440,15
21063,4995711,0
21064,4995711,0
21065,4996003,6
21066,4996003,6
21067,4996003,6
21068,4996586,18
21069,5000521,99
21070,4996003,6
21071,4996003,6
21072,4995711,0
21073,4995711,0
21074,4998189,51
21075,4996586,18
21076,4997169,30
21077,4995711,0
21078,4995711,0
21079,4995711,0
21080,5000084,90
21081,4997169,30
21082,4996586,18
21083,4996586,18
21084,4996586,18
21085,4995711,0
21086,4995711,0
21087,4995711,0
21088,4995711,0
21089,4996003,6
21090,4996586,18
21091,4996003,6
21092,4996003,6
21093,5002563,141
21094,4996003,6
21095,4995711,0
21096,4996003,6
21097,4996003,6
21098,4996003,6
21099,4996003,6
21100,4996003,6
21101,4996586,18
21102,4996440,15
21103,4996003,6
21104,4997169,30
21105,4996003,6
21106,5001105,111
21107,4995711,0
21108,5002709,144
21109,4996003,6
21110,4996440,15
21111,4996003,6
21112,4996003,6
21113,4996003,6
21114,4996586,18
21115,4997169,30
21116,4995711,0
21117,4996440,15
21118,4996586,18
21119,4996586,18
21120,4996003,6
21121,4997169,30
21122,4996003,6
21123,4995711,0
21124,4998043,48
21125,4997169,30
21126,4996440,15
21127,5000521,99
21128,4996003,6
21129,4995711,0
21130,4995711,0
21131,4996003,6
21132,4995711,0
21133,4995711,0
21134,5000084,90
21135,4996586,18
21136,4995711,0
21137,4997169,30
21138,4996586,18
21139,4996586,18
21140,4996586,18
21141,6150535,21393
21142,4996003,6
21143,5027866,660
21144,4997169,30
21145,4996003,6
21146,4996440,15
21147,4995711,0
21148,4998043,48
21149,4996003,6
21150,4996003,6
21151,5026253,627
21152,5003147,153
21153,4996440,15
21154,4997897,45
21155,5000084,90
21156,4996003,6
21157,4995711,0
21158,4996003,6
21159,4997897,45
21160,5000521,99
21161,4995711,0
21162,4996586,18
21163,4996586,18
21164,5024934,600
21165,4995711,0
21166,4996440,15
21167,5024934,600
21168,5017466,447
21169,5002709,144
21170,4995711,0
21171,4995711,0
21172,5001105,111
21173,4996440,15
21174,4996586,18
21175,4995711,0
21176,4996440,15
21177,4996003,6
21178,4997023,27
21179,4996003,6
21180,4995711,0
21181,4995711,0
21182,4996003,6
21183,5000084,90
21184,4995711,0
21185,4996003,6
21186,4996003,6
21187,4996586,18
21188,4997460,36
21189,4996003,6
21190,4995711,0
21191,4996586,18
21192,4998043,48
21193,4996003,6
21194,5002709,144
21195,4995711,0
21196,4997023,27
21197,4995711,0
21198,4996003,6
21199,4995711,0
21200,4995711,0
21201,4996003,6
21202,5311220,6300
21203,4996003,6
21204,5003293,156
21205,4996440,15
21206,4996003,6
21207,4996003,6
21208,4995711,0
21209,4996003,6
21210,4996003,6
21211,4995711,0
21212,4996003,6
21213,4996440,15
21214,4995711,0
21215,4996003,6
21216,4996440,15
21217,4995711,0
21218,4996586,18
21219,4995711,0
21220,4996003,6
21221,4996440,15
21222,4996586,18
21223,4995711,0
21224,4997023,27
21225,4998043,48
21226,4995711,0
21227,5001105,111
21228,4996586,18
21229,4997897,45
21230,4995711,0
21231,4996003,6
21232,4995711,0
21233,4995711,0
21234,4995711,0
21235,4996586,18
21236,5003293,156
21237,4995711,0
21238,4997169,30
21239,5046375,1038
21240,4995711,0
21241,4998043,48
21242,4996440,15
21243,4996003,6
21244,4995711,0
21245,4996440,15
21246,4997169,30
21247,4996003,6
21248,4996003,6
21249,4996003,6
21250,4996003,6
21251,4996586,18
21252,4996003,6
21253,4996440,15
21254,4996003,6
21255,4995711,0
21256,4997169,30
21257,4996003,6
21258,4995711,0
21259,4995711,0
21260,4996003,6
21261,4996440,15
21262,4995711,0
21263,5004898,189
21264,4995711,0
21265,4995711,0
21266,5000084,90
21267,4996003,6
21268,4997169,30
21269,4996586,18
21270,4996003,6
21271,4996003,6
21272,4997023,27
21273,5002709,144
21274,4997169,30
21275,5000521,99
21276,4995711,0
21277,4996003,6
21278,4995711,0
21279,4996003,6
21280,4996003,6
21281,5025374,609
21282,4995711,0
21283,4995711,0
21284,4996003,6
21285,4996586,18
21286,4996003,6
21287,4995711,0
21288,4996003,6
21289,5006066,213
21290,4996003,6
21291,4996003,6
21292,4996440,15
21293,4996003,6
21294,5000521,99
21295,4996586,18
21296,4995711,0
21297,4996003,6
21298,4996003,6
21299,4995711,0
21300,4996003,6
21301,5000084,90
21302,4995711,0
21303,4995711,0
21304,4996003,6
21305,4997897,45
21306,4996003,6
21307,4996003,6
21308,4996003,6
21309,4995711,0
21310,4996003,6
21311,4995711,0
21312,5000084,90
21313,5002855,147
21314,5004169,174
21315,4997169,30
21316,4996003,6
21317,4995711,0
21318,5003293,156
21319,4997897,45
21320,5006066,213
21321,4996003,6
21322,5000084,90
21323,4995711,0
21324,4996586,18
21325,4996003,6
21326,4996003,6
21327,4997169,30
21328,4995711,0
21329,5002709,144
21330,4995711,0
21331,4995711,0
21332,4996003,6
21333,4996586,18
21334,4996586,18
21335,4995711,0
21336,4995711,0
21337,5001834,126
21338,4996003,6
21339,4996003,6
21340,4996003,6
21341,4995711,0
21342,4996586,18
21343,4996003,6
21344,4996586,18
21345,4996586,18
21346,4996003,6
21347,4996586,18
21348,4996586,18
21349,4995711,0
21350,4995711,0
21351,4996586,18
21352,4995711,0
21353,4997460,36
21354,4997023,27
21355,4998772,63
21356,4995711,0
21357,4995711,0
21358,4997169,30
21359,4997460,36
21360,4997897,45
21361,4996440,15
21362,4996586,18
21363,5002563,141
21364,4996003,6
21365,4995711,0
21366,5002855,147
21367,4996440,15
21368,4997169,30
21369,4996440,15
21370,5000084,90
21371,4997460,36
21372,4999063,69
21373,5026107,624
21374,4996003,6
21375,4996003,6
21376,4995711,0
21377,4996003,6
21378,4995711,0
21379,4997023,27
21380,4995711,0
21381,4995711,0
21382,4995711,0
21383,4995711,0
21384,4996440,15
21385,4996003,6
21386,4995711,0
21387,4996440,15
21388,4996003,6
21389,4996586,18
21390,4996440,15
21391,4995711,0
21392,4998189,51
21393,4996586,18
21394,4997169,30
21395,4996586,18
21396,4997169,30
21397,4996586,18
21398,4996003,6
21399,4995711,0
21400,4995711,0
21401,4997897,45
21402,4996003,6
21403,5002709,144
21404,5015711,411
21405,4996003,6
21406,4995711,0
21407,4995711,0
21408,4996586,18
21409,4997169,30
21410,4996003,6
21411,4996003,6
21412,4996003,6
21413,4996003,6
21414,4996003,6
21415,4997023,27
21416,4996003,6
21417,4996003,6
21418,4996003,6
21419,4996003,6
21420,4996440,15
21421,4996003,6
21422,5000084,90
21423,4995711,0
21424,4995711,0
21425,4995711,0
21426,4995711,0
21427,4996586,18
21428,4996440,15
21429,4996003,6
21430,4997751,42
21431,4997751,42
21432,4995711,0
21433,4995711,0
21434,4995711,0
21435,5006358,219
21436,4997169,30
21437,4997169,30
21438,4996003,6
21439,4996003,6
21440,4996003,6
21441,4997169,30
21442,4996003,6
21443,4996440,15
21444,4997169,30
21445,4996586,18
21446,4996440,15
21447,4995711,0
21448,4996003,6
21449,4997169,30
21450,4996003,6
21451,4996440,15
21452,5006358,219
21453,4996586,18
21454,4997169,30
21455,5004023,171
21456,4996003,6
21457,4995711,0
21458,4997897,45
21459,5000084,90
21460,5000084,90
21461,4995711,0
21462,5000521,99
21463,4995711,0
21464,4996003,6
21465,4995711,0
21466,5000084,90
21467,4997023,27
21468,4996003,6
21469,4995711,0
21470,4996440,15
21471,4996586,18
21472,4995711,0
21473,4997023,27
21474,4997460,36
21475,4996586,18
21476,5005920,210
21477,5003293,156
21478,5000521,99
21479,5000084,90
21480,4995711,0
21481,4997023,27
21482,4996440,15
21483,4996003,6
21484,4995711,0
21485,4995711,0
21486,4997023,27
21487,4998189,51
21488,4995711,0
21489,4996440,15
21490,4995711,0
21491,4995711,0
21492,4995711,0
21493,5015418,405
21494,4995711,0
21495,4996440,15
21496,4995711,0
21497,4995711,0
21498,4996586,18
21499,4996003,6
21500,4995711,0
21501,4996003,6
21502,5010155,297
21503,4995711,0
21504,4996440,15
21505,4995711,0
21506,4996003,6
21507,4995711,0
21508,5017466,447
21509,4996586,18
21510,4995711,0
21511,4996003,6
21512,4996003,6
21513,4995711,0
21514,4995711,0
21515,4996440,15
21516,4996003,6
21517,4996003,6
21518,4996586,18
21519,4996586,18
21520,4996003,6
21521,4996003,6
21522,4999209,72
21523,4997023,27
21524,4997169,30
21525,4995711,0
21526,4996003,6
21527,4995711,0
21528,4996003,6
21529,4997897,45
21530,4995711,0
21531,4998043,48
21532,4996003,6
21533,4996440,15
21534,4996003,6
21535,4997169,30
21536,4996003,6
21537,4995711,0
21538,5001251,114
21539,4995711,0
21540,4996440,15
21541,4996003,6
21542,5020540,510
21543,4996003,6
21544,4996003,6
21545,4996003,6
21546,4995711,0
21547,4995711,0
21548,5001105,111
21549,4996586,18
21550,4996003,6
21551,4996003,6
21552,4998772,63
21553,4996003,6
21554,5000084,90
21555,5005336,198
21556,4995711,0
21557,4996440,15
21558,4996003,6
21559,4996586,18
21560,4996440,15
21561,4995711,0
21562,4995711,0
21563,4995711,0
21564,4996003,6
21565,4996003,6
21566,4996003,6
21567,4996003,6
21568,4996003,6
21569,4996586,18
21570,4997169,30
21571,5000084,90
21572,4997023,27
21573,4997751,42
21574,4996440,15
21575,4996003,6
21576,4998043,48
21577,5000521,99
21578,5173633,3600
21579,4995711,0
21580,4996003,6
21581,4996586,18
21582,4996003,6
21583,4996003,6
21584,4996003,6
21585,4996586,18
21586,4995711,0
21587,4996586,18
21588,4996586,18
21589,4995711,0
21590,4998043,48
21591,4996440,15
21592,4995711,0
21593,4995711,0
21594,4996003,6
21595,5002563,141
21596,4997169,30
21597,4996003,6
21598,5000084,90
21599,4995711,0
21600,4996003,6
21601,4996440,15
21602,4995711,0
21603,4996003,6
21604,5003293,156
21605,4997897,45
21606,4996003,6
21607,4995711,0
21608,4995711,0
21609,4996003,6
21610,4996003,6
21611,4995711,0
21612,4996440,15
21613,4995711,0
21614,4995711,0
21615,5046080,1032
21616,4996440,15
21617,4996586,18
21618,5000084,90
21619,4996003,6
21620,5017613,450
21621,4995711,0
21622,4998189,51
21623,5026840,639
21624,5008110,255
21625,4995711,0
21626,4995711,0
21627,4995711,0
21628,4996586,18
21629,4996003,6
21630,4996586,18
21631,4996003,6
21632,4996586,18
21633,4995711,0
21634,4996003,6
21635,4996003,6
21636,4995711,0
21637,4996003,6
21638,4995711,0
21639,4996586,18
21640,4996003,6
21641,4996003,6
21642,5126324,2655
21643,4995711,0
21644,4996440,15
21645,4997169,30
21646,4996003,6
21647,4996440,15
21648,4996003,6
21649,4995711,0
21650,4996003,6
21651,4997023,27
21652,4995711,0
21653,5012348,342
21654,4995711,0
21655,4996003,6
21656,4996440,15
21657,4996586,18
21658,4996440,15
21659,5003293,156
21660,4996586,18
21661,4995711,0
21662,5000521,99
21663,5016735,432
21664,4996003,6
21665,4996003,6
21666,4997460,36
21667,4995711,0
21668,5002709,144
21669,4995711,0
21670,4995711,0
21671,4995711,0
21672,5002709,144
21673,4996003,6
21674,4996586,18
21675,4996586,18
21676,5001251,114
21677,4996586,18
21678,4997023,27
21679,5000521,99
21680,4996003,6
21681,4996440,15
21682,4997460,36
21683,4997169,30
21684,4996440,15
21685,5001105,111
21686,4996003,6
21687,4997023,27
21688,4996003,6
21689,4996003,6
21690,5004169,174
21691,4996003,6
21692,4996003,6
21693,4996003,6
21694,4995711,0
21695,4996003,6
21696,4996003,6
21697,4995711,0
21698,4997169,30
21699,4995711,0
21700,4996003,6
21701,4996440,15
21702,4997169,30
21703,4996586,18
21704,4996586,18
21705,4996003,6
21706,4995711,0
21707,4996586,18
21708,5003293,156
21709,5003293,156
21710,4995711,0
21711,4995711,0
21712,4996003,6
21713,4996003,6
21714,5017759,453
21715,4996003,6
21716,4996440,15
21717,4996003,6
21718,4996003,6
21719,5005628,204
21720,4996003,6
21721,4996003,6
21722,4996003,6
21723,4996003,6
21724,5000084,90
21725,4996003,6
21726,4996003,6
21727,4996003,6
21728,4996003,6
21729,4996003,6
21730,4996003,6
21731,4997023,27
21732,4997169,30
21733,4996003,6
21734,4998189,51
21735,4996440,15
21736,4996003,6
21737,4995711,0
21738,4996586,18
21739,4996003,6
21740,4995711,0
21741,4995711,0
21742,5001251,114
21743,4996003,6
21744,5000084,90
21745,4996440,15
21746,4996586,18
21747,4995711,0
21748,4996440,15
21749,5000084,90
21750,4997023,27
21751,4997460,36
21752,4995711,0
21753,4995711,0
21754,4995711,0
21755,4997897,45
21756,4996586,18
21757,4995711,0
21758,4998918,66
21759,4996003,6
21760,4995711,0
21761,4996003,6
21762,5001980,129
21763,4996003,6
21764,4996586,18
21765,4997460,36
21766,5024934,600
21767,4996003,6
21768,4996586,18
21769,4996003,6
21770,4998043,48
21771,4997169,30
21772,4995711,0
21773,5000084,90
21774,4995711,0
21775,5003147,153
21776,4996586,18
21777,4996003,6
21778,4997023,27
21779,4995711,0
21780,4997023,27
21781,4996003,6
21782,4995711,0
21783,4996003,6
21784,4995711,0
21785,5001980,129
21786,4996003,6
21787,5002709,144
21788,4996003,6
21789,5001105,111
21790,4996003,6
21791,4997897,45
21792,4995711,0
21793,4996003,6
21794,4995711,0
21795,4996003,6
21796,4995711,0
21797,4996003,6
21798,4996003,6
21799,4995711,0
21800,4998772,63
21801,4995711,0
21802,4996003,6
21803,4996586,18
21804,4995711,0
21805,4996003,6
21806,5792089,15216
21807,4995711,0
21808,4995711,0
21809,4996003,6
21810,4996440,15
21811,4996440,15
21812,4996003,6
21813,4995711,0
21814,4998189,51
21815,4996003,6
21816,4996440,15
21817,4996440,15
21818,4996586,18
21819,4995711,0
21820,4997169,30
21821,4996586,18
21822,4995711,0
21823,4996586,18
21824,4997023,27
21825,4996003,6
21826,4995711,0
21827,5014394,384
21828,4995711,0
21829,4996003,6
21830,4996586,18
21831,4997169,30
21832,4996003,6
21833,4996586,18
21834,4995711,0
21835,4996586,18
21836,4996003,6
21837,4995711,0
21838,4996003,6
21839,4995711,0
21840,4997169,30
21841,4996003,6
21842,4996586,18
21843,4995711,0
21844,4997169,30
21845,5000084,90
21846,4996003,6
21847,4996003,6
21848,4995711,0
21849,4996003,6
21850,4998043,48
21851,4996003,6
21852,4995711,0
21853,4996003,6
21854,4996003,6
21855,4996003,6
21856,4996586,18
21857,4996003,6
21858,4996003,6
21859,4995711,0
21860,4996440,15
21861,4995711,0
21862,4998043,48
21863,4996003,6
21864,4996003,6
21865,4996003,6
21866,4996003,6
21867,4997460,36
21868,4996003,6
21869,4996003,6
21870,4997169,30
21871,4996003,6
21872,4996440,15
21873,4998918,66
21874,5007088,234
21875,4995711,0
21876,5000084,90
21877,4995711,0
21878,4995711,0
21879,4996440,15
21880,4996440,15
21881,4996003,6
21882,4996003,6
21883,4996440,15
21884,5005920,210
21885,4996003,6
21886,4996586,18
21887,4996586,18
21888,4996003,6
21889,4995711,0
21890,4996003,6
21891,4995711,0
21892,4995711,0
21893,4996003,6
21894,4998043,48
21895,4997169,30
21896,4995711,0
21897,4996003,6
21898,4997169,30
21899,4996440,15
21900,4996003,6
21901,4997169,30
21902,4996003,6
21903,4996440,15
21904,4995711,0
21905,4997169,30
21906,4995711,0
21907,4995711,0
21908,4995711,0
21909,4996440,15
21910,4997169,30
21911,4995711,0
21912,4996003,6
21913,4995711,0
21914,5002709,144
21915,4996586,18
21916,5004023,171
21917,4996003,6
21918,4996586,18
21919,4995711,0
21920,4996586,18
21921,4996586,18
21922,5008110,255
21923,4996003,6
21924,4997897,45
21925,4995711,0
21926,4996003,6
21927,4996003,6
21928,4997460,36
21929,4995711,0
21930,4996440,15
21931,4996003,6
21932,4997169,30
21933,4996586,18
21934,4996440,15
21935,4996586,18
21936,4998189,51
21937,4998043,48
21938,4996440,15
21939,4995711,0
21940,5011471,324
21941,4998043,48
21942,4996003,6
21943,4996003,6
21944,4996003,6
21945,4995711,0
21946,4995711,0
21947,4995711,0
21948,4996003,6
21949,5004023,171
21950,4997751,42
21951,4996003,6
21952,4995711,0
21953,4995711,0
21954,4996440,15
21955,4996003,6
21956,4995711,0
21957,4995711,0
21958,4998043,48
21959,4996003,6
21960,4996440,15
21961,4995711,0
21962,4996003,6
21963,4995711,0
21964,4997460,36
21965,4996003,6
21966,5004023,171
21967,4996003,6
21968,4995711,0
21969,4997023,27
21970,4996586,18
21971,4996440,15
21972,4996003,6
21973,4997023,27
21974,4996003,6
21975,4995711,0
21976,4996003,6
21977,4996003,6
21978,4995711,0
21979,4996003,6
21980,4996003,6
21981,4996440,15
21982,4996440,15
21983,4996003,6
21984,4996586,18
21985,4995711,0
21986,4996003,6
21987,4995711,0
21988,4996003,6
21989,4996586,18
21990,4997169,30
21991,4995711,0
21992,4996440,15
21993,4996003,6
21994,4996003,6
21995,4996586,18
21996,5002709,144
21997,4995711,0
21998,4996586,18
21999,5002563,141
22000,4996003,6
22001,4995711,0
22002,5004169,174
22003,4995711,0
22004,4996440,15
22005,4995711,0
22006,4995711,0
22007,4997169,30
22008,4996003,6
22009,4995711,0
22010,4996003,6
22011,5268181,5463
22012,5007234,237
22013,5000521,99
22014,4996003,6
22015,4996003,6
22016,4997023,27
22017,4996003,6
22018,5006358,219
22019,4996003,6
22020,4996586,18
22021,5189953,3924
22022,4997169,30
22023,4996003,6
22024,4996440,15
22025,4996440,15
22026,4996003,6
22027,4995711,0
22028,4996440,15
22029,4996003,6
22030,5667771,12984
22031,4996003,6
22032,4997023,27
22033,4996003,6
22034,5011178,318
22035,4996586,18
22036,5025374,609
22037,4995711,0
22038,4996586,18
22039,5008110,255
22040,4996440,15
22041,4996003,6
22042,4997751,42
22043,4996440,15
22044,4996440,15
22045,5000084,90
22046,4996003,6
22047,5000230,93
22048,4996003,6
22049,4996586,18
22050,4996003,6
22051,4995711,0
22052,4996440,15
22053,4998043,48
22054,4996003,6
22055,4997169,30
22056,4995711,0
22057,4996003,6
22058,4996003,6
22059,5025960,621
22060,4995711,0
22061,4995711,0
22062,4995711,0
22063,4995711,0
22064,5000521,99
22065,4997897,45
22066,4995711,0
22067,4996003,6
22068,4996440,15
22069,4996003,6
22070,4995711,0
22071,4996586,18
22072,4996440,15
22073,4996003,6
22074,4997023,27
22075,4996003,6
22076,4995711,0
22077,4996003,6
22078,4996003,6
22079,4996003,6
22080,4996440,15
22081,4996440,15
22082,5004023,171
22083,4996003,6
22084,4997169,30
22085,4996440,15
22086,4996440,15
22087,4995711,0
22088,4995711,0
22089,4997460,36
22090,4996440,15
22091,4995711,0
22092,4996586,18
22093,4995711,0
22094,4996003,6
22095,4996440,15
22096,4996586,18
22097,4996003,6
22098,4996003,6
22099,4995711,0
22100,4995711,0
22101,4995711,0
22102,4997169,30
22103,4996003,6
22104,4995711,0
22105,5012201,339
22106,5004023,171
22107,5000084,90
22108,4997169,30
22109,4995711,0
22110,4996440,15
22111,4996003,6
22112,4995711,0
22113,5001834,126
22114,4997169,30
22115,4997169,30
22116,4996003,6
22117,4996003,6
22118,5000521,99
22119,5014541,387
22120,4995711,0
22121,4995711,0
22122,4995711,0
22123,4995711,0
22124,4996440,15
22125,4996003,6
22126,4997023,27
22127,4996003,6
22128,4996003,6
22129,4996440,15
22130,4995711,0
22131,4996586,18
22132,4996003,6
22133,4996003,6
22134,4996586,18
22135,4995711,0
22136,4996586,18
22137,4996003,6
22138,4995711,0
22139,4996003,6
22140,4996003,6
22141,4996003,6
22142,5002709,144
22143,4997169,30
22144,4996440,15
22145,4997169,30
22146,4997169,30
22147,4995711,0
22148,4996586,18
22149,4996003,6
22150,4996440,15
22151,4996440,15
22152,4995711,0
22153,4996440,15
22154,4996586,18
22155,4996003,6
22156,4995711,0
22157,5008256,258
22158,4996003,6
22159,4996440,15
22160,4995711,0
22161,4996003,6
22162,4995711,0
22163,4998626,60
22164,5005336,198
22165,4998189,51
22166,4995711,0
22167,4995711,0
22168,4995711,0
22169,4996003,6
22170,5000521,99
22171,4997169,30
22172,4996003,6
22173,5001251,114
22174,4995711,0
22175,4997023,27
22176,4996003,6
22177,4995711,0
22178,4996003,6
22179,4998189,51
22180,4996440,15
22181,4996003,6
22182,4996586,18
22183,4996003,6
22184,4996586,18
22185,4997169,30
22186,4995711,0
22187,4995711,0
22188,5000084,90
22189,4995711,0
22190,4996003,6
22191,4996003,6
22192,4996003,6
22193,4998043,48
22194,4996003,6
22195,4995711,0
22196,4996003,6
22197,5004023,171
22198,4995711,0
22199,4995711,0
22200,4996003,6
22201,4996003,6
22202,4996440,15
22203,4996440,15
22204,4997023,27
22205,4996586,18
22206,4996440,15
22207,4995711,0
22208,5000084,90
22209,4997169,30
22210,4996003,6
22211,4997169,30
22212,4996586,18
22213,4996586,18
22214,4995711,0
22215,4996003,6
22216,4996003,6
22217,4997897,45
22218,4996440,15
22219,4996003,6
22220,4995711,0
22221,4995711,0
22222,4997897,45
22223,4996586,18
22224,4996586,18
22225,4995711,0
22226,4996003,6
22227,4996003,6
22228,4996003,6
22229,4996440,15
22230,5000084,90
22231,4996003,6
22232,4995711,0
22233,4996586,18
22234,5000521,99
22235,4996586,18
22236,4996586,18
22237,4996586,18
22238,4995711,0
22239,4996003,6
22240,4996003,6
22241,4996003,6
22242,4996003,6
22243,4996440,15
22244,4996586,18
22245,4996003,6
22246,4996586,18
22247,4997751,42
22248,4997460,36
22249,4995711,0
22250,4996440,15
22251,4995711,0
22252,4995711,0
22253,4995711,0
22254,4997169,30
22255,4997169,30
22256,5003293,156
22257,4996586,18
22258,4995711,0
22259,4996003,6
22260,4995711,0
22261,4996440,15
22262,4995711,0
22263,4995711,0
22264,4995711,0
22265,4999209,72
22266,4995711,0
22267,4995711,0
22268,4995711,0
22269,4995711,0
22270,4995711,0
22271,4995711,0
22272,4997460,36
22273,4996440,15
22274,4995711,0
22275,5011178,318
22276,4995711,0
22277,4996586,18
22278,4996003,6
22279,4995711,0
22280,4996003,6
22281,4996003,6
22282,4997751,42
22283,4995711,0
22284,4995711,0
22285,4996586,18
22286,4995711,0
22287,5000521,99
22288,4996003,6
22289,4996003,6
22290,4996586,18
22291,4996586,18
22292,4995711,0
22293,4995711,0
22294,4996003,6
22295,5001980,129
22296,4995711,0
22297,4996440,15
22298,4995711,0
22299,4996003,6
22300,5001251,114
22301,4995711,0
22302,4997023,27
22303,4996003,6
22304,5005336,198
22305,4996003,6
22306,4997460,36
22307,4996003,6
22308,4995711,0
22309,4996586,18
22310,4997169,30
22311,4997897,45
22312,4997023,27
22313,4995711,0
22314,4996440,15
22315,4998918,66
22316,4996003,6
22317,5024934,600
22318,4996586,18
22319,4996440,15
22320,4996003,6
22321,4998189,51
22322,5011032,315
22323,5024934,600
22324,4995711,0
22325,4996003,6
22326,4996586,18
22327,4997023,27
22328,4995711,0
22329,4995711,0
22330,5004023,171
22331,4995711,0
22332,4999063,69
22333,4995711,0
22334,4996003,6
22335,4996003,6
22336,4995711,0
22337,4996586,18
22338,4995711,0
22339,4996586,18
22340,4996440,15
22341,5000521,99
22342,4995711,0
22343,4998189,51
22344,4996440,15
22345,4997897,45
22346,4996586,18
22347,4995711,0
22348,4996003,6
22349,4996003,6
22350,4996003,6
22351,4996003,6
22352,4996003,6
22353,4995711,0
22354,4997169,30
22355,4996003,6
22356,4995711,0
22357,4997023,27
22358,4995711,0
22359,4996003,6
22360,4996440,15
22361,4996003,6
22362,5014394,384
22363,4996003,6
22364,4997460,36
22365,5002563,141
22366,4998189,51
22367,5004169,174
22368,4996586,18
22369,4996003,6
22370,5000084,90
22371,4996586,18
22372,4996003,6
22373,4996003,6
22374,4996003,6
22375,4996003,6
22376,4996586,18
22377,4996586,18
22378,5000084,90
22379,4996586,18
22380,4997169,30
22381,4996586,18
22382,4996440,15
22383,5003293,156
22384,4996003,6
22385,4995711,0
22386,4995711,0
22387,4995711,0
22388,4995711,0
22389,4996586,18
22390,4997169,30
22391,4995711,0
22392,4997169,30
22393,4996003,6
22394,4996003,6
22395,4995711,0
22396,4995711,0
22397,4996586,18
22398,4997169,30
22399,4996003,6
22400,5000521,99
22401,5000084,90
22402,4995711,0
22403,4995711,0
22404,4996003,6
22405,5003293,156
22406,4996440,15
22407,4998189,51
22408,4998043,48
22409,4996003,6
22410,4995711,0
22411,4995711,0
22412,4997169,30
22413,4997023,27
22414,4996003,6
22415,4995711,0
22416,4996440,15
22417,4996586,18
22418,4996003,6
22419,5006066,213
22420,4996003,6
22421,4995711,0
22422,4996003,6
22423,4996003,6
22424,4995711,0
22425,5096660,2058
22426,4997169,30
22427,4996003,6
22428,4996003,6
22429,4995711,0
22430,4996003,6
22431,4998189,51
22432,4997169,30
22433,4996440,15
22434,4996003,6
22435,4996003,6
22436,4996003,6
22437,4995711,0
22438,5005336,198
22439,4996003,6
22440,4997169,30
22441,4996003,6
22442,4995711,0
22443,4996440,15
22444,4996586,18
22445,4998189,51
22446,4996003,6
22447,4996440,15
22448,5000084,90
22449,4996003,6
22450,4995711,0
22451,4995711,0
22452,4996586,18
22453,4996586,18
22454,4996003,6
22455,4995711,0
22456,4996003,6
22457,4997023,27
22458,4997023,27
22459,4996003,6
22460,4996440,15
22461,4996586,18
22462,4995711,0
22463,4996440,15
22464,4996003,6
22465,4996440,15
22466,4997169,30
22467,4996003,6
22468,4997169,30
22469,4997169,30
22470,4996586,18
22471,4997169,30
22472,4997751,42
22473,4996003,6
22474,4995711,0
22475,4995711,0
22476,4996003,6
22477,5005190,195
22478,4995711,0
22479,4995711,0
22480,4998189,51
22481,4996003,6
22482,4996586,18
22483,4996003,6
22484,4996586,18
22485,4996440,15
22486,4996440,15
22487,4996003,6
22488,4996440,15
22489,4995711,0
22490,4995711,0
22491,4996586,18
22492,4996586,18
22493,5002709,144
22494,4996440,15
22495,4995711,0
22496,4995711,0
22497,4996003,6
22498,4996003,6
22499,4996586,18
22500,4995711,0
22501,4996586,18
22502,4995711,0
22503,5001105,111
22504,5000521,99
22505,4995711,0
22506,4996586,18
22507,4996003,6
22508,4996003,6
22509,4995711,0
22510,4996440,15
22511,4996003,6
22512,4996003,6
22513,4997023,27
22514,5010886,312
22515,4995711,0
22516,4995711,0
22517,4996003,6
22518,5042403,957
22519,4995711,0
22520,4995711,0
22521,4996003,6
22522,5186473,3855
22523,4995711,0
22524,4995711,0
22525,4995711,0
22526,4995711,0
22527,4997897,45
22528,4996586,18
22529,4997169,30
22530,4996003,6
22531,4996003,6
22532,5006066,213
22533,4996440,15
22534,4996586,18
22535,4995711,0
22536,4995711,0
22537,4996003,6
22538,4996003,6
22539,4995711,0
22540,4997460,36
22541,4996440,15
22542,5000084,90
22543,4995711,0
22544,4995711,0
22545,4995711,0
22546,5002709,144
22547,4996003,6
22548,4996586,18
22549,4997169,30
22550,4996586,18
22551,4996586,18
22552,5000084,90
22553,4995711,0
22554,4996003,6
22555,4997169,30
22556,4995711,0
22557,5039904,906
22558,4996586,18
22559,5000084,90
22560,4996003,6
22561,4996440,15
22562,4996003,6
22563,4998189,51
22564,4996440,15
22565,4996003,6
22566,4995711,0
22567,4996003,6
22568,4996586,18
22569,4995711,0
22570,4996003,6
22571,5002709,144
22572,4995711,0
22573,4995711,0
22574,4995711,0
22575,4995711,0
22576,4996003,6
22577,4996003,6
22578,4996003,6
22579,5000084,90
22580,4995711,0
22581,4996586,18
22582,4996003,6
22583,4996440,15
22584,4997897,45
22585,4996003,6
22586,4997897,45
22587,4996586,18
22588,4996440,15
22589,4995711,0
22590,4996003,6
22591,4997897,45
22592,5024934,600
22593,4995711,0
22594,4995711,0
22595,4995711,0
22596,4995711,0
22597,4996586,18
22598,4996003,6
22599,4995711,0
22600,4996586,18
22601,4995711,0
22602,4996003,6
22603,4995711,0
22604,4997897,45
22605,4995711,0
22606,4996003,6
22607,4995711,0
22608,4995711,0
22609,4997023,27
22610,4996003,6
22611,5003293,156
22612,4995711,0
22613,4995711,0
22614,5000521,99
22615,4996003,6
22616,4995711,0
22617,4996586,18
22618,4995711,0
22619,4997169,30
22620,4996003,6
22621,5005190,195
22622,4995711,0
22623,4995711,0
22624,4998189,51
22625,4996003,6
22626,4996586,18
22627,4995711,0
22628,4996003,6
22629,4996586,18
22630,4995711,0
22631,5000084,90
22632,4995711,0
22633,4995711,0
22634,4995711,0
22635,4996003,6
22636,4997169,30
22637,4996003,6
22638,4997023,27
22639,4996586,18
22640,4996003,6
22641,5000084,90
22642,4996003,6
22643,4997023,27
22644,4997460,36
22645,4995711,0
22646,4997169,30
22647,4996003,6
22648,4996003,6
22649,4995711,0
22650,4997169,30
22651,4995711,0
22652,4996003,6
22653,5000084,90
22654,4997169,30
22655,4998043,48
22656,4995711,0
22657,4995711,0
22658,4995711,0
22659,4995711,0
22660,4995711,0
22661,4996003,6
22662,4996003,6
22663,4996440,15
22664,4995711,0
22665,4995711,0
22666,4996003,6
22667,4996586,18
22668,4995711,0
22669,4995711,0
22670,4996440,15
22671,4996003,6
22672,4995711,0
22673,4995711,0
22674,4996586,18
22675,4996586,18
22676,5003293,156
22677,4996440,15
22678,4996003,6
22679,4996003,6
22680,5003293,156
22681,4997023,27
22682,4996003,6
22683,4996003,6
22684,4999209,72
22685,4995711,0
22686,4996003,6
22687,4996003,6
22688,4996003,6
22689,4995711,0
22690,4996003,6
22691,4995711,0
22692,4996003,6
22693,4995711,0
22694,4995711,0
22695,4995711,0
22696,4996003,6
22697,4995711,0
22698,4996003,6
22699,4997169,30
22700,4996003,6
22701,4996586,18
22702,4996440,15
22703,4996003,6
22704,4996003,6
22705,4996440,15
22706,5000084,90
22707,4995711,0
22708,4995711,0
22709,4996003,6
22710,4995711,0
22711,4995711,0
22712,4996586,18
22713,5003293,156
22714,5000084,90
22715,4996440,15
22716,4997460,36
22717,4997897,45
22718,4996586,18
22719,4995711,0
22720,4998772,63
22721,5006066,213
22722,4996003,6
22723,4995711,0
22724,4995711,0
22725,4996003,6
22726,5004023,171
22727,4995711,0
22728,4996003,6
22729,4996003,6
22730,4996003,6
22731,4996440,15
22732,4997023,27
22733,4996003,6
22734,4996003,6
22735,4997023,27
22736,4996586,18
22737,4995711,0
22738,4995711,0
22739,5002709,144
22740,4995711,0
22741,4997897,45
22742,5003147,153
22743,4996003,6
22744,4995711,0
22745,4997169,30
22746,4996003,6
22747,4996586,18
22748,4997169,30
22749,4995711,0
22750,4996003,6
22751,4997460,36
22752,4995711,0
22753,4997169,30
22754,4995711,0
22755,4995711,0
22756,4996003,6
22757,4996586,18
22758,4996586,18
22759,4996003,6
22760,4995711,0
22761,5000521,99
22762,5000521,99
22763,5000521,99
22764,4996003,6
22765,5005628,204
22766,4995711,0
22767,4996440,15
22768,4996586,18
22769,4996003,6
22770,4996440,15
22771,4995711,0
22772,4996586,18
22773,4995711,0
22774,4996003,6
22775,4995711,0
22776,5002709,144
22777,4996440,15
22778,5009863,291
22779,5000521,99
22780,4995711,0
22781,4997169,30
22782,4996003,6
22783,4995711,0
22784,4995711,0
22785,4995711,0
22786,5002709,144
22787,5002709,144
22788,4997023,27
22789,4997169,30
22790,4995711,0
22791,4998918,66
22792,4995711,0
22793,4995711,0
22794,4997169,30
22795,4995711,0
22796,4996003,6
22797,4997023,27
22798,4996003,6
22799,4996586,18
22800,4996003,6
22801,4995711,0
22802,4996586,18
22803,4996003,6
22804,4996440,15
22805,4997023,27
22806,4996003,6
22807,4996586,18
22808,4997169,30
22809,4995711,0
22810,4995711,0
22811,4996003,6
22812,4999063,69
22813,4997897,45
22814,4997460,36
22815,4995711,0
22816,4997169,30
22817,4996003,6
22818,4996003,6
22819,4996003,6
22820,4996003,6
22821,4996003,6
22822,4995711,0
22823,4996003,6
22824,4996440,15
22825,4996003,6
22826,4997169,30
22827,4996003,6
22828,4996003,6
22829,4995711,0
22830,4995711,0
22831,4996440,15
22832,4996440,15
22833,4995711,0
22834,4996586,18
22835,4997169,30
22836,4996003,6
22837,4995711,0
22838,4996003,6
22839,4996003,6
22840,4996003,6
22841,4995711,0
22842,5003293,156
22843,4996586,18
22844,4995711,0
22845,4996586,18
22846,4997169,30
22847,4995711,0
22848,4995711,0
22849,4995711,0
22850,4995711,0
22851,4996003,6
22852,4997169,30
22853,4996003,6
22854,4996003,6
22855,4995711,0
22856,4997897,45
22857,4997169,30
22858,4995711,0
22859,4997897,45
22860,4996003,6
22861,4996003,6
22862,4996586,18
22863,4996586,18
22864,5000084,90
22865,4996003,6
22866,4996586,18
22867,4995711,0
22868,5008110,255
22869,4997460,36
22870,4995711,0
22871,5000084,90
22872,4995711,0
22873,4995711,0
22874,4995711,0
22875,4997897,45
22876,4995711,0
22877,4996003,6
22878,4995711,0
22879,4997023,27
22880,4996003,6
22881,6756278,31056
22882,4996003,6
22883,4995711,0
22884,4996003,6
22885,4996586,18
22886,5025374,609
22887,5002855,147
22888,4997023,27
22889,4996586,18
22890,4995711,0
22891,4996586,18
22892,4996003,6
22893,4995711,0
22894,4995711,0
22895,4997169,30
22896,4996003,6
22897,4995711,0
22898,4996586,18
22899,4996003,6
22900,4997169,30
22901,4997897,45
22902,4996586,18
22903,4995711,0
22904,4995711,0
22905,4995711,0
22906,4995711,0
22907,4996003,6
22908,4996586,18
22909,4996003,6
22910,4997169,30
22911,5005190,195
22912,4995711,0
22913,4996586,18
22914,4995711,0
22915,5001251,114
22916,4997460,36
22917,4996003,6
22918,4996586,18
22919,4996003,6
22920,4995711,0
22921,4996586,18
22922,5001251,114
22923,4995711,0
22924,4995711,0
22925,4995711,0
22926,5132307,2775
22927,4996003,6
22928,4996003,6
22929,5000521,99
22930,4995711,0
22931,4996003,6
22932,5000084,90
22933,4995711,0
22934,4996440,15
22935,4996003,6
22936,4996003,6
22937,4996003,6
22938,4996586,18
22939,4996586,18
22940,4996440,15
22941,4996003,6
22942,4996003,6
22943,4998772,63
22944,4996440,15
22945,4996440,15
22946,4997751,42
22947,4996003,6
22948,4998918,66
22949,4996003,6
22950,4995711,0
22951,4997169,30
22952,4996003,6
22953,4996003,6
22954,4996003,6
22955,4998189,51
22956,4996440,15
22957,4997169,30
22958,4996440,15
22959,4996440,15
22960,4996586,18
22961,4996003,6
22962,4997169,30
22963,4995711,0
22964,4996003,6
22965,4997169,30
22966,4995711,0
22967,4997897,45
22968,4996440,15
22969,4997169,30
22970,4995711,0
22971,4996003,6
22972,4995711,0
22973,4995711,0
22974,4997169,30
22975,4997460,36
22976,4995711,0
22977,4996003,6
22978,4996003,6
22979,4996003,6
22980,4997023,27
22981,4996586,18
22982,4996586,18
22983,4996586,18
22984,4995711,0
22985,4995711,0
22986,5000521,99
22987,4995711,0
22988,4995711,0
22989,5002709,144
22990,4998626,60
22991,4996586,18
22992,4996003,6
22993,4996003,6
22994,4996440,15
22995,4997169,30
22996,4996003,6
22997,4997897,45
22998,5024934,600
22999,5011471,324
23000,5003293,156
23001,4995711,0
23002,4995711,0
23003,4996003,6
23004,4997169,30
23005,4995711,0
23006,5000521,99
23007,4998189,51
23008,4996440,15
23009,4996003,6
23010,4996003,6
23011,4996003,6
23012,4997897,45
23013,5000084,90
23014,4995711,0
23015,4995711,0
23016,4995711,0
23017,4996586,18
23018,4996003,6
23019,4996003,6
23020,4996003,6
23021,4996003,6
23022,4997169,30
23023,4996003,6
23024,4995711,0
23025,4997897,45
23026,4996003,6
23027,4996586,18
23028,4996003,6
23029,4996003,6
23030,4995711,0
23031,4996003,6
23032,4996586,18
23033,4996586,18
23034,5004023,171
23035,4996003,6
23036,4997460,36
23037,4996003,6
23038,4996003,6
23039,4996003,6
23040,4996003,6
23041,4995711,0
23042,4996003,6
23043,4995711,0
23044,4995711,0
23045,4996003,6
23046,4996003,6
23047,4996586,18
23048,4996003,6
23049,4996003,6
23050,4996440,15
23051,4996003,6
23052,4996003,6
23053,4996003,6
23054,4995711,0
23055,4996586,18
23056,4996003,6
23057,4996440,15
23058,4995711,0
23059,4998189,51
23060,4998626,60
23061,4996003,6
23062,4996003,6
23063,5000084,90
23064,4996440,15
23065,4997169,30
23066,4996586,18
23067,4996003,6
23068,4996003,6
23069,4996003,6
23070,4996003,6
23071,5002709,144
23072,4995711,0
23073,4995711,0
23074,4997023,27
23075,4997897,45
23076,4995711,0
23077,4995711,0
23078,4996003,6
23079,4995711,0
23080,4995711,0
23081,5024934,600
23082,4996003,6
23083,4996440,15
23084,4995711,0
23085,4996586,18
23086,4996586,18
23087,4996003,6
23088,4996003,6
23089,4997897,45
23090,4995711,0
23091,5008402,261
23092,4995711,0
23093,4996003,6
23094,5011032,315
23095,4996586,18
23096,4995711,0
23097,4995711,0
23098,4996003,6
23099,4996440,15
23100,4995711,0
23101,4996003,6
23102,4998918,66
23103,4996003,6
23104,4995711,0
23105,4995711,0
23106,4996003,6
23107,4995711,0
23108,4996003,6
23109,4995711,0
23110,4996440,15
23111,5026107,624
23112,4996586,18
23113,4996003,6
23114,4996003,6
23115,4997169,30
23116,4996586,18
23117,4997169,30
23118,4997023,27
23119,4996003,6
23120,4995711,0
23121,4997897,45
23122,4996003,6
23123,4996586,18
23124,5003293,156
23125,4996440,15
23126,4996586,18
23127,4996003,6
23128,5001105,111
23129,4995711,0
23130,4996003,6
23131,4996003,6
23132,5007672,246
23133,4995711,0
23134,4995711,0
23135,4996440,15
23136,4995711,0
23137,4995711,0
23138,4998189,51
23139,4996003,6
23140,4996586,18
23141,4995711,0
23142,4996003,6
23143,4995711,0
23144,4996586,18
23145,4996003,6
23146,4996003,6
23147,5000084,90
23148,4997169,30
23149,4995711,0
23150,4996003,6
23151,4996586,18
23152,4995711,0
23153,4995711,0
23154,4995711,0
23155,4996003,6
23156,4996440,15
23157,4996586,18
23158,4996440,15
23159,4995711,0
23160,4996003,6
23161,4995711,0
23162,4995711,0
23163,5000084,90
23164,4995711,0
23165,4995711,0
23166,4997751,42
23167,4995711,0
23168,4996003,6
23169,4997169,30
23170,4996003,6
23171,4995711,0
23172,4996003,6
23173,4995711,0
23174,4996003,6
23175,4997169,30
23176,4996003,6
23177,4995711,0
23178,5000084,90
23179,4997023,27
23180,4996586,18
23181,4997169,30
23182,4996003,6
23183,4996586,18
23184,4996003,6
23185,4996003,6
23186,4996003,6
23187,4995711,0
23188,4995711,0
23189,4996440,15
23190,4996440,15
23191,5003293,156
23192,4996586,18
23193,4998043,48
23194,4996003,6
23195,4996440,15
23196,4995711,0
23197,4995711,0
23198,4996003,6
23199,4996003,6
23200,5014541,387
23201,4997460,36
23202,4996003,6
23203,4997169,30
23204,5005044,192
23205,4996003,6
23206,4996003,6
23207,4995711,0
23208,4996003,6
23209,4997169,30
23210,4996003,6
23211,4995711,0
23212,5000084,90
23213,4996003,6
23214,4995711,0
23215,5000084,90
23216,4996440,15
23217,4995711,0
23218,4996003,6
23219,4996003,6
23220,4996440,15
23221,5003293,156
23222,4996003,6
23223,4996440,15
23224,4996003,6
23225,5001251,114
23226,4997460,36
23227,4996440,15
23228,4995711,0
23229,4996003,6
23230,4996003,6
23231,4996586,18
23232,4996003,6
23233,4995711,0
23234,4995711,0
23235,4995711,0
23236,4996586,18
23237,4996003,6
23238,4996440,15
23239,4996003,6
23240,5002563,141
23241,4996586,18
23242,4996440,15
23243,4996003,6
23244,4997023,27
23245,4996003,6
23246,4996586,18
23247,4995711,0
23248,5002709,144
23249,4995711,0
23250,4995711,0
23251,5002709,144
23252,4995711,0
23253,4996003,6
23254,4996440,15
23255,4995711,0
23256,4996003,6
23257,4996586,18
23258,4997460,36
23259,4997023,27
23260,4998772,63
23261,4997897,45
23262,4996003,6
23263,4997023,27
23264,4996440,15
23265,4997169,30
23266,4996003,6
23267,4996440,15
23268,4996586,18
23269,5000084,90
23270,4996003,6
23271,4996003,6
23272,4997023,27
23273,4996003,6
23274,4996003,6
23275,4996586,18
23276,5024934,600
23277,4996440,15
23278,4996003,6
23279,4996440,15
23280,4996003,6
23281,4995711,0
23282,4996586,18
23283,4996003,6
23284,4996003,6
23285,4997897,45
23286,4996586,18
23287,4997023,27
23288,4996440,15
23289,4995711,0
23290,4996003,6
23291,4995711,0
23292,4996003,6
23293,4996440,15
23294,4996003,6
23295,4995711,0
23296,4997897,45
23297,4998189,51
23298,4995711,0
23299,4996003,6
23300,4996003,6
23301,5002709,144
23302,4996003,6
23303,4997169,30
23304,5005628,204
23305,4995711,0
23306,4997169,30
23307,4995711,0
23308,4996440,15
23309,4995711,0
23310,4995711,0
23311,4996003,6
23312,4996003,6
23313,4995711,0
23314,4996440,15
23315,4996003,6
23316,4996586,18
23317,4995711,0
23318,4996003,6
23319,4995711,0
23320,5001105,111
23321,5000521,99
23322,5002709,144
23323,4996003,6
23324,5000084,90
23325,4996003,6
23326,4996003,6
23327,4995711,0
23328,4996003,6
23329,4996003,6
23330,4996586,18
23331,4996586,18
23332,5006212,216
23333,4997169,30
23334,4996440,15
23335,4995711,0
23336,4995711,0
23337,4995711,0
23338,4995711,0
23339,4995711,0
23340,4996586,18
23341,4996003,6
23342,4995711,0
23343,5002709,144
23344,4995711,0
23345,4995711,0
23346,4996440,15
23347,5025960,621
23348,4996003,6
23349,4995711,0
23350,4996440,15
23351,5003293,156
23352,5001834,126
23353,4996586,18
23354,4995711,0
23355,4996440,15
23356,4996003,6
23357,4996003,6
23358,4997460,36
23359,4997169,30
23360,4996003,6
23361,5000521,99
23362,4996003,6
23363,4996003,6
23364,4997169,30
23365,4996440,15
23366,4996003,6
23367,4995711,0
23368,4997169,30
23369,4996003,6
23370,4996003,6
23371,6022269,19225
23372,5003293,156
23373,4995711,0
23374,4996440,15
23375,4997169,30
23376,4996586,18
23377,4999792,84
23378,4997169,30
23379,4996440,15
23380,4996440,15
23381,4997169,30
23382,4996440,15
23383,4995711,0
23384,4995711,0
23385,4997023,27
23386,5003293,156
23387,5008987,273
23388,4995711,0
23389,4995711,0
23390,4996440,15
23391,4996003,6
23392,4998918,66
23393,4996440,15
23394,4996440,15
23395,4996003,6
23396,4996586,18
23397,4997169,30
23398,4996003,6
23399,4995711,0
23400,4996586,18
23401,4996003,6
23402,4996003,6
23403,4995711,0
23404,4997169,30
23405,4997169,30
23406,4995711,0
23407,4996003,6
23408,4996586,18
23409,4995711,0
23410,4995711,0
23411,4995711,0
23412,4997023,27
23413,4998772,63
23414,4997169,30
23415,4996003,6
23416,5004169,174
23417,4996003,6
23418,4996586,18
23419,4996440,15
23420,4996003,6
23421,5004023,171
23422,5003293,156
23423,4995711,0
23424,4995711,0
23425,5000084,90
23426,4995711,0
23427,4996440,15
23428,4996440,15
23429,4997169,30
23430,4996003,6
23431,5003293,156
23432,4996003,6
23433,4996003,6
23434,4997169,30
23435,4996003,6
23436,4995711,0
23437,4996003,6
23438,4996003,6
23439,5003293,156
23440,4995711,0
23441,4996586,18
23442,4996440,15
23443,4996586,18
23444,4996003,6
23445,4996003,6
23446,5002709,144
23447,4995711,0
23448,4996440,15
23449,5000084,90
23450,4996586,18
23451,4995711,0
23452,4999938,87
23453,4995711,0
23454,5002709,144
23455,4995711,0
23456,5001105,111
23457,4995711,0
23458,4996586,18
23459,4996586,18
23460,4997169,30
23461,4996440,15
23462,5025960,621
23463,4996586,18
23464,4997169,30
23465,4995711,0
23466,5014248,381
23467,4995711,0
23468,4995711,0
23469,4996440,15
23470,4999063,69
23471,4996003,6
23472,5000521,99
23473,5000084,90
23474,4996003,6
23475,4996440,15
23476,4995711,0
23477,4996003,6
23478,4996003,6
23479,4996440,15
23480,4996003,6
23481,4997897,45
23482,4998918,66
23483,4995711,0
23484,4997751,42
23485,4997169,30
23486,5000521,99
23487,4996440,15
23488,4996003,6
23489,4996586,18
23490,4996440,15
23491,4997169,30
23492,4998043,48
23493,4996586,18
23494,4996440,15
23495,4996003,6
23496,5003293,156
23497,4996586,18
23498,4995711,0
23499,4995711,0
23500,4997169,30
23501,4996440,15
23502,4995711,0
23503,4996440,15
23504,5008110,255
23505,4997169,30
23506,4996440,15
23507,4995711,0
23508,4996003,6
23509,4996586,18
23510,4995711,0
23511,4996440,15
23512,4997460,36
23513,4996003,6
23514,4997169,30
23515,4995711,0
23516,4995711,0
23517,4996003,6
23518,5003293,156
23519,4996586,18
23520,4996003,6
23521,4995711,0
23522,4995711,0
23523,4995711,0
23524,4995711,0
23525,4996003,6
23526,4996003,6
23527,5004023,171
23528,4996586,18
23529,4996003,6
23530,4995711,0
23531,4996003,6
23532,4995711,0
23533,4997460,36
23534,4996586,18
23535,4995711,0
23536,4995711,0
23537,4995711,0
23538,4997169,30
23539,4997169,30
23540,4998918,66
23541,4995711,0
23542,4995711,0
23543,4997169,30
23544,4996003,6
23545,4995711,0
23546,4996440,15
23547,4995711,0
23548,4996440,15
23549,4996003,6
23550,4995711,0
23551,4996440,15
23552,4996003,6
23553,4996003,6
23554,4996003,6
23555,4996440,15
23556,4996586,18
23557,4995711,0
23558,4996003,6
23559,4995711,0
23560,4996003,6
23561,4996003,6
23562,4996003,6
23563,5000521,99
23564,5003293,156
23565,4995711,0
23566,4996003,6
23567,4996440,15
23568,4996003,6
23569,4995711,0
23570,4996586,18
23571,4996586,18
23572,4996003,6
23573,4996586,18
23574,4996003,6
23575,4997169,30
23576,5902413,17157
23577,5011178,318
23578,4995711,0
23579,4995711,0
23580,5001251,114
23581,4997169,30
23582,4997460,36
23583,4995711,0
23584,5000084,90
23585,4996003,6
23586,4996586,18
23587,4995711,0
23588,4995711,0
23589,4995711,0
23590,5014248,381
23591,4996440,15
23592,4996003,6
23593,4995711,0
23594,4996440,15
23595,4996003,6
23596,4997460,36
23597,4995711,0
23598,5000521,99
23599,4996003,6
23600,4996586,18
23601,4995711,0
23602,4996003,6
23603,4995711,0
23604,4996003,6
23605,4997023,27
23606,5004169,174
23607,4995711,0
23608,4996003,6
23609,5000084,90
23610,4996003,6
23611,4996003,6
23612,5002709,144
23613,4995711,0
23614,4997169,30
23615,4996003,6
23616,4997460,36
23617,4996003,6
23618,4996586,18
23619,4996003,6
23620,5004023,171
23621,4996003,6
23622,4995711,0
23623,4996003,6
23624,4995711,0
23625,4995711,0
23626,4996003,6
23627,4997023,27
23628,4996003,6
23629,5002709,144
23630,4995711,0
23631,4995711,0
23632,4996440,15
23633,4996003,6
23634,4995711,0
23635,4996003,6
23636,4996586,18
23637,4996003,6
23638,4995711,0
23639,4996003,6
23640,4996003,6
23641,4996586,18
23642,4996003,6
23643,5002709,144
23644,4996003,6
23645,4996586,18
23646,4996440,15
23647,4995711,0
23648,4996003,6
23649,4996586,18
23650,4996003,6
23651,4996003,6
23652,4998626,60
23653,4997169,30
23654,5000521,99
23655,4996003,6
23656,4996586,18
23657,4995711,0
23658,4996003,6
23659,4996440,15
23660,4998189,51
23661,4997169,30
23662,4996003,6
23663,4995711,0
23664,5003293,156
23665,4996003,6
23666,4996003,6
23667,4995711,0
23668,4996003,6
23669,4997897,45
23670,4997169,30
23671,4996003,6
23672,4996003,6
23673,4997460,36
23674,4996003,6
23675,4995711,0
23676,4996003,6
23677,4996003,6
23678,4996586,18
23679,4996003,6
23680,5000084,90
23681,4996586,18
23682,4996003,6
23683,4996003,6
23684,4996440,15
23685,4996003,6
23686,4995711,0
23687,5011178,318
23688,4996003,6
23689,4996003,6
23690,4995711,0
23691,5000521,99
23692,4996586,18
23693,4999063,69
23694,4996003,6
23695,4996003,6
23696,4995711,0
23697,4995711,0
23698,4995711,0
23699,5000084,90
23700,4996003,6
23701,4995711,0
23702,4996440,15
23703,4996003,6
23704,4995711,0
23705,4995711,0
23706,4996586,18
23707,4996586,18
23708,4995711,0
23709,4996003,6
23710,4995711,0
23711,4995711,0
23712,4996586,18
23713,4996440,15
23714,4997169,30
23715,4995711,0
23716,4996003,6
23717,4996586,18
23718,4995711,0
23719,4996586,18
23720,5000521,99
23721,5016588,429
23722,4996003,6
23723,4996003,6
23724,5000084,90
23725,4996003,6
23726,4996003,6
23727,5000521,99
23728,5004169,174
23729,4995711,0
23730,4996586,18
23731,4996003,6
23732,4996586,18
23733,5002709,144
23734,4996003,6
23735,4995711,0
23736,4996003,6
23737,4995711,0
23738,4995711,0
23739,4996586,18
23740,4996003,6
23741,4995711,0
23742,4996003,6
23743,4995711,0
23744,4995711,0
23745,4996003,6
23746,4995711,0
23747,5002709,144
23748,4996003,6
23749,4996003,6
23750,4996586,18
23751,4996586,18
23752,4996440,15
23753,5000521,99
23754,4995711,0
23755,4996586,18
23756,4996586,18
23757,4996586,18
23758,4997897,45
23759,4995711,0
23760,4996586,18
23761,5006066,213
23762,5002855,147
23763,4995711,0
23764,4996003,6
23765,5000521,99
23766,5002709,144
23767,4996003,6
23768,4997169,30
23769,5002709,144
23770,4996586,18
23771,4997023,27
23772,4996586,18
23773,4996003,6
23774,4996003,6
23775,4996003,6
23776,4996440,15
23777,4995711,0
23778,4997897,45
23779,4996003,6
23780,4995711,0
23781,4995711,0
23782,4996003,6
23783,4996003,6
23784,4997023,27
23785,4995711,0
23786,4997460,36
23787,4996586,18
23788,4996003,6
23789,4996003,6
23790,4996440,15
23791,4997169,30
23792,4996003,6
23793,4995711,0
23794,4995711,0
23795,4995711,0
23796,4996003,6
23797,4995711,0
23798,4996003,6
23799,5000084,90
23800,4997897,45
23801,4997023,27
23802,4995711,0
23803,4996003,6
23804,4996003,6
23805,4996003,6
23806,4995711,0
23807,4996003,6
23808,4996003,6
23809,4995711,0
23810,4996003,6
23811,4996003,6
23812,4995711,0
23813,4996586,18
23814,4995711,0
23815,4996440,15
23816,4996003,6
23817,4995711,0
23818,4995711,0
23819,4996586,18
23820,4995711,0
23821,4995711,0
23822,4996003,6
23823,4995711,0
23824,4996586,18
23825,4996440,15
23826,4995711,0
23827,4995711,0
23828,4997169,30
23829,4996586,18
23830,5002709,144
23831,4997169,30
23832,4996003,6
23833,4996003,6
23834,5024934,600
23835,5000084,90
23836,4995711,0
23837,5000521,99
23838,4997897,45
23839,4997460,36
23840,4995711,0
23841,4996586,18
23842,4996003,6
23843,5006066,213
23844,4995711,0
23845,4996003,6
23846,4996586,18
23847,4995711,0
23848,4996003,6
23849,5000084,90
23850,4996003,6
23851,4996440,15
23852,4997169,30
23853,4997169,30
23854,4996003,6
23855,4996003,6
23856,5000084,90
23857,4997023,27
23858,4996003,6
23859,4996003,6
23860,4997169,30
23861,4996586,18
23862,4995711,0
23863,4997751,42
23864,4995711,0
23865,4997897,45
23866,4995711,0
23867,4995711,0
23868,4997169,30
23869,4995711,0
23870,4995711,0
23871,4996586,18
23872,4995711,0
23873,4996440,15
23874,4995711,0
23875,4995711,0
23876,5000084,90
23877,4996003,6
23878,4995711,0
23879,4998918,66
23880,4996586,18
23881,4995711,0
23882,5006358,219
23883,5009863,291
23884,4996003,6
23885,4996003,6
23886,4997897,45
23887,4997023,27
23888,4997897,45
23889,4995711,0
23890,4995711,0
23891,4997897,45
23892,5000521,99
23893,4996586,18
23894,4996440,15
23895,4995711,0
23896,4996003,6
23897,4997751,42
23898,4995711,0
23899,4996003,6
23900,4996003,6
23901,4996003,6
23902,4995711,0
23903,4996440,15
23904,4995711,0
23905,4995711,0
23906,4997169,30
23907,4996003,6
23908,4995711,0
23909,4997169,30
23910,4996003,6
23911,4995711,0
23912,4995711,0
23913,4996003,6
23914,4996440,15
23915,4996586,18
23916,4996003,6
23917,4995711,0
23918,4996003,6
23919,4996003,6
23920,4995711,0
23921,4996586,18
23922,4995711,0
23923,4997460,36
23924,4995711,0
23925,4995711,0
23926,4996440,15
23927,4996586,18
23928,5010886,312
23929,4996003,6
23930,4996003,6
23931,4996003,6
23932,4995711,0
23933,4996003,6
23934,4996003,6
23935,4997169,30
23936,4996003,6
23937,4996586,18
23938,4995711,0
23939,5002709,144
23940,4996586,18
23941,4995711,0
23942,4996440,15
23943,4995711,0
23944,4996586,18
23945,4996586,18
23946,4996586,18
23947,4995711,0
23948,4996586,18
23949,4995711,0
23950,4995711,0
23951,5000084,90
23952,4996003,6
23953,4995711,0
23954,4995711,0
23955,4996003,6
23956,4997169,30
23957,4995711,0
23958,4995711,0
23959,4996440,15
23960,4996003,6
23961,5055212,1218
23962,4995711,0
23963,4996440,15
23964,4995711,0
23965,4996003,6
23966,4995711,0
23967,4996440,15
23968,5002709,144
23969,4996003,6
23970,4996003,6
23971,4996003,6
23972,4996586,18
23973,5019369,486
23974,4995711,0
23975,4996003,6
23976,4997023,27
23977,4996003,6
23978,4996003,6
23979,4996003,6
23980,4997169,30
23981,4996440,15
23982,5006066,213
23983,4995711,0
23984,4996003,6
23985,4996003,6
23986,4996440,15
23987,4995711,0
23988,4996586,18
23989,4998189,51
23990,4996003,6
23991,5000084,90
23992,4996003,6
23993,4995711,0
23994,4995711,0
23995,5011471,324
23996,4996003,6
23997,4996003,6
23998,4997751,42
23999,4996003,6
24000,4995711,0
24001,4995711,0
24002,5011032,315
24003,4996586,18
24004,4996003,6
24005,4997023,27
24006,4996003,6
24007,4996003,6
24008,4996003,6
24009,4996003,6
24010,4997897,45
24011,4996586,18
24012,4998918,66
24013,4996003,6
24014,4995711,0
24015,4995711,0
24016,4995711,0
24017,5012348,342
24018,4996003,6
24019,4996003,6
24020,4995711,0
24021,4995711,0
24022,5020394,507
24023,4995711,0
24024,4995711,0
24025,4996586,18
24026,4996440,15
24027,4997023,27
24028,5002563,141
24029,4996586,18
24030,4996003,6
24031,4997169,30
24032,4995711,0
24033,4995711,0
24034,4996003,6
24035,4995711,0
24036,4996003,6
24037,5007234,237
24038,4995711,0
24039,4996003,6
24040,5025374,609
24041,4997897,45
24042,4995711,0
24043,5003293,156
24044,4997023,27
24045,4995711,0
24046,4997169,30
24047,4995711,0
24048,4996586,18
24049,4996003,6
24050,4996586,18
24051,4997169,30
24052,4996003,6
24053,4995711,0
24054,5001251,114
24055,4996440,15
24056,5024934,600
24057,4996586,18
24058,4996003,6
24059,4996003,6
24060,4996003,6
24061,4996003,6
24062,4996003,6
24063,4997897,45
24064,4997169,30
24065,5006066,213
24066,4995711,0
24067,4995711,0
24068,5014833,393
24069,4996586,18
24070,4998189,51
24071,4996003,6
24072,4995711,0
24073,4996440,15
24074,4996003,6
24075,4996003,6
24076,4996003,6
24077,4996586,18
24078,4995711,0
24079,4995711,0
24080,4995711,0
24081,5760588,14655
24082,4995711,0
24083,4997897,45
24084,4995711,0
24085,4996003,6
24086,4995711,0
24087,4996440,15
24088,4996003,6
24089,4997169,30
24090,5005336,198
24091,4996586,18
24092,4995711,0
24093,4995711,0
24094,4996003,6
24095,4996003,6
24096,4995711,0
24097,5000521,99
24098,5000084,90
24099,4996003,6
24100,4996440,15
24101,4995711,0
24102,4995711,0
24103,4997169,30
24104,4996003,6
24105,4997023,27
24106,4996586,18
24107,4996003,6
24108,4996003,6
24109,4997460,36
24110,4996003,6
24111,4996440,15
24112,4996586,18
24113,5000084,90
24114,4995711,0
24115,4997023,27
24116,4996003,6
24117,4996003,6
24118,4996586,18
24119,4997023,27
24120,5001251,114
24121,4995711,0
24122,4996003,6
24123,5006066,213
24124,4996003,6
24125,4996003,6
24126,4996003,6
24127,4997169,30
24128,4996586,18
24129,4996440,15
24130,4996586,18
24131,4997460,36
24132,4996003,6
24133,4996003,6
24134,4996003,6
24135,5000084,90
24136,4996003,6
24137,4996003,6
24138,4995711,0
24139,4995711,0
24140,4999209,72
24141,4996440,15
24142,4995711,0
24143,4996003,6
24144,4996003,6
24145,4995711,0
24146,4996003,6
24147,4995711,0
24148,4995711,0
24149,4995711,0
24150,4996440,15
24151,4996003,6
24152,4996003,6
24153,4995711,0
24154,5005628,204
24155,4996003,6
24156,4995711,0
24157,4996440,15
24158,5000230,93
24159,5002563,141
24160,4996003,6
24161,5002709,144
24162,4996440,15
24163,4996003,6
24164,4996440,15
24165,4995711,0
24166,4996003,6
24167,4997023,27
24168,4996440,15
24169,4996440,15
24170,4995711,0
24171,4997169,30
24172,4996003,6
24173,4997023,27
24174,4996440,15
24175,5002709,144
24176,4997751,42
24177,4995711,0
24178,4998626,60
24179,4996003,6
24180,4996586,18
24181,4996003,6
24182,4997897,45
24183,4996003,6
24184,4996586,18
24185,4997897,45
24186,4995711,0
24187,4996440,15
24188,4997460,36
24189,5002709,144
24190,4996586,18
24191,4996003,6
24192,4995711,0
24193,4995711,0
24194,4996586,18
24195,4996003,6
24196,4997169,30
24197,4996003,6
24198,5000084,90
24199,5010886,312
24200,4996003,6
24201,4996003,6
24202,4996003,6
24203,4996003,6
24204,4995711,0
24205,4995711,0
24206,4996440,15
24207,4996003,6
24208,4996440,15
24209,4996440,15
24210,4995711,0
24211,4996586,18
24212,4995711,0
24213,4995711,0
24214,4996003,6
24215,4996003,6
24216,4997897,45
24217,4996586,18
24218,4996586,18
24219,4997169,30
24220,4996440,15
24221,5011032,315
24222,5003147,153
24223,4995711,0
24224,4995711,0
24225,4996003,6
24226,4996440,15
24227,4995711,0
24228,4996003,6
24229,4996440,15
24230,4996586,18
24231,4996003,6
24232,4997023,27
24233,4998626,60
24234,4996003,6
24235,4996003,6
24236,4996586,18
24237,4995711,0
24238,4996003,6
24239,4996003,6
24240,5011471,324
24241,4996440,15
24242,4996003,6
24243,4996440,15
24244,5015126,399
24245,4996440,15
24246,4996586,18
24247,4996003,6
24248,5002563,141
24249,4996440,15
24250,4995711,0
24251,4995711,0
24252,4995711,0
24253,4996003,6
24254,4997169,30
24255,4996003,6
24256,4995711,0
24257,4995711,0
24258,5002709,144
24259,4996003,6
24260,5014541,387
24261,4996586,18
24262,4996003,6
24263,4996586,18
24264,4996003,6
24265,4995711,0
24266,4995711,0
24267,4996003,6
24268,4995711,0
24269,4995711,0
24270,4996003,6
24271,5004023,171
24272,4995711,0
24273,4996003,6
24274,4996003,6
24275,4996003,6
24276,4996440,15
24277,4996003,6
24278,4995711,0
24279,4995711,0
24280,4995711,0
24281,4996003,6
24282,4996440,15
24283,4995711,0
24284,4996003,6
24285,4996440,15
24286,4996003,6
24287,4996440,15
24288,4997897,45
24289,5008110,255
24290,4995711,0
24291,4997460,36
24292,4996440,15
24293,4995711,0
24294,4996003,6
24295,4995711,0
24296,4996586,18
24297,4995711,0
24298,4997023,27
24299,4996003,6
24300,4996003,6
24301,4996003,6
24302,4996440,15
24303,4996003,6
24304,4995711,0
24305,4995711,0
24306,4995711,0
24307,4996440,15
24308,5017174,441
24309,5005190,195
24310,4996003,6
24311,4998918,66
24312,4995711,0
24313,4996003,6
24314,4995711,0
24315,4996003,6
24316,4996440,15
24317,4995711,0
24318,4997169,30
24319,5004169,174
24320,4996003,6
24321,4997169,30
24322,4996003,6
24323,4995711,0
24324,5004898,189
24325,4995711,0
24326,4995711,0
24327,4996003,6
24328,4996586,18
24329,4996003,6
24330,4996003,6
24331,4996003,6
24332,4996440,15
24333,5000521,99
24334,4995711,0
24335,4996003,6
24336,4996440,15
24337,4996003,6
24338,4995711,0
24339,4997023,27
24340,4997460,36
24341,4997169,30
24342,4996440,15
24343,4996440,15
24344,4995711,0
24345,4995711,0
24346,4996586,18
24347,4996586,18
24348,5001105,111
24349,4995711,0
24350,4995711,0
24351,4995711,0
24352,4997169,30
24353,4996586,18
24354,5003293,156
24355,4996586,18
24356,4997460,36
24357,4996003,6
24358,4995711,0
24359,5006650,225
24360,4996003,6
24361,4996003,6
24362,4997751,42
24363,4997897,45
24364,4996003,6
24365,4996440,15
24366,5000521,99
24367,4995711,0
24368,4996003,6
24369,4996586,18
24370,4996440,15
24371,5001251,114
24372,4995711,0
24373,4996003,6
24374,4995711,0
24375,4996003,6
24376,5002709,144
24377,4995711,0
24378,4996586,18
24379,4995711,0
24380,4997897,45
24381,4996440,15
24382,4996003,6
24383,4996003,6
24384,4996003,6
24385,4995711,0
24386,4997023,27
24387,5005336,198
24388,4996003,6
24389,4996003,6
24390,4995711,0
24391,4998189,51
24392,4995711,0
24393,4995711,0
24394,4996440,15
24395,4996586,18
24396,4996003,6
24397,4996003,6
24398,4995711,0
24399,4995711,0
24400,4997897,45
24401,4996586,18
24402,4995711,0
24403,5000084,90
24404,4996003,6
24405,4996003,6
24406,4996586,18
24407,4996440,15
24408,4996003,6
24409,4995711,0
24410,4996003,6
24411,5000084,90
24412,5462015,9180
24413,4995711,0
24414,4996586,18
24415,5003293,156
24416,4997169,30
24417,4997023,27
24418,4996003,6
24419,4996440,15
24420,4996586,18
24421,5000084,90
24422,5015126,399
24423,4995711,0
24424,4998918,66
24425,4996440,15
24426,5005336,198
24427,5002563,141
24428,5000084,90
24429,4996440,15
24430,4996586,18
24431,4996003,6
24432,4997023,27
24433,4997751,42
24434,4998626,60
24435,4996003,6
24436,4995711,0
24437,4995711,0
24438,4997169,30
24439,4995711,0
24440,4996003,6
24441,5001251,114
24442,4997023,27
24443,4995711,0
24444,4996440,15
24445,4996003,6
24446,5005628,204
24447,4996586,18
24448,4996586,18
24449,4996003,6
24450,4995711,0
24451,4995711,0
24452,4996586,18
24453,4996003,6
24454,4996003,6
24455,4996586,18
24456,4995711,0
24457,4997169,30
24458,4997169,30
24459,4996440,15
24460,4997169,30
24461,4996003,6
24462,5002272,135
24463,4996003,6
24464,4996440,15
24465,4996586,18
24466,4995711,0
24467,4996003,6
24468,5034322,792
24469,4999938,87
24470,4996003,6
24471,4995711,0
24472,4996003,6
24473,4996003,6
24474,4996003,6
24475,4996440,15
24476,4996440,15
24477,4995711,0
24478,4995711,0
24479,4996003,6
24480,4995711,0
24481,4996003,6
24482,4995711,0
24483,5000084,90
24484,4995711,0
24485,4996003,6
24486,5002709,144
24487,4996586,18
24488,4996440,15
24489,4995711,0
24490,4996440,15
24491,4996003,6
24492,4996586,18
24493,4996586,18
24494,4995711,0
24495,4995711,0
24496,4995711,0
24497,4996003,6
24498,4996586,18
24499,4996003,6
24500,4996003,6
24501,4996003,6
24502,4996440,15
24503,4996003,6
24504,5000084,90
24505,5000084,90
24506,4996003,6
24507,4997460,36
24508,4996003,6
24509,4997751,42
24510,4996440,15
24511,4996440,15
24512,5002709,144
24513,6146232,21321
24514,4996586,18
24515,4996003,6
24516,4996003,6
24517,4997023,27
24518,4996586,18
24519,4995711,0
24520,4996586,18
24521,4995711,0
24522,4996586,18
24523,4996586,18
24524,4996586,18
24525,4996440,15
24526,4996003,6
24527,4996003,6
24528,4995711,0
24529,5001980,129
24530,4996003,6
24531,4995711,0
24532,4995711,0
24533,4996003,6
24534,4997169,30
24535,4995711,0
24536,4996003,6
24537,4996440,15
24538,4995711,0
24539,4996440,15
24540,4995711,0
24541,4995711,0
24542,4996586,18
24543,4996440,15
24544,4997897,45
24545,4995711,0
24546,5009425,282
24547,4996003,6
24548,4996003,6
24549,4996003,6
24550,4995711,0
24551,4995711,0
24552,4996586,18
24553,4996003,6
24554,4995711,0
24555,4995711,0
24556,4997023,27
24557,4997023,27
24558,4996003,6
24559,4995711,0
24560,4996003,6
24561,4996586,18
24562,4996586,18
24563,4996003,6
24564,5002563,141
24565,4996003,6
24566,4996003,6
24567,4996003,6
24568,4996586,18
24569,4995711,0
24570,4995711,0
24571,4997023,27
24572,4997897,45
24573,4995711,0
24574,4996440,15
24575,4997460,36
24576,4997897,45
24577,5174085,3609
24578,4996003,6
24579,5006358,219
24580,4996003,6
24581,4996003,6
24582,4997169,30
24583,4996003,6
24584,4996440,15
24585,5017466,447
24586,4995711,0
24587,4997169,30
24588,4997023,27
24589,4996003,6
24590,4995711,0
24591,4996586,18
24592,4996440,15
24593,4996003,6
24594,4996003,6
24595,4996440,15
24596,4995711,0
24597,4995711,0
24598,5001251,114
24599,4995711,0
24600,4997169,30
24601,5002709,144
24602,4995711,0
24603,4997460,36
24604,5005336,198
24605,4996003,6
24606,4996586,18
24607,4996586,18
24608,4996003,6
24609,4996440,15
24610,4996440,15
24611,4996440,15
24612,4996003,6
24613,4995711,0
24614,4997023,27
24615,4995711,0
24616,4995711,0
24617,4996586,18
24618,4995711,0
24619,4997169,30
24620,4996586,18
24621,4996003,6
24622,4996003,6
24623,4995711,0
24624,4995711,0
24625,4996440,15
24626,4995711,0
24627,4996003,6
24628,5005190,195
24629,4995711,0
24630,4996440,15
24631,4996586,18
24632,4997460,36
24633,4996586,18
24634,4999792,84
24635,4996003,6
24636,4995711,0
24637,4996586,18
24638,5007234,237
24639,4995711,0
24640,4997897,45
24641,4996003,6
24642,4998626,60
24643,4996586,18
24644,5008402,261
24645,4996003,6
24646,4996440,15
24647,5002709,144
24648,5004898,189
24649,4996003,6
24650,4995711,0
24651,4996586,18
24652,5000084,90
24653,4998918,66
24654,4996586,18
24655,4995711,0
24656,4995711,0
24657,5010009,294
24658,4996586,18
24659,4995711,0
24660,5002563,141
24661,5017759,453
24662,4995711,0
24663,4996003,6
24664,4996586,18
24665,4997897,45
24666,4997169,30
24667,4996440,15
24668,4995711,0
24669,4996003,6
24670,4996586,18
24671,4995711,0
24672,4996586,18
24673,4996440,15
24674,4997169,30
24675,4995711,0
24676,4996003,6
24677,4996003,6
24678,4996003,6
24679,4995711,0
24680,4996003,6
24681,5003147,153
24682,4996586,18
24683,4996003,6
24684,5000521,99
24685,5011324,321
24686,5025960,621
24687,4996003,6
24688,4996440,15
24689,4996440,15
24690,4996003,6
24691,4996586,18
24692,4996003,6
24693,4996586,18
24694,4996440,15
24695,4997897,45
24696,4996586,18
24697,4996003,6
24698,4995711,0
24699,4995711,0
24700,4995711,0
24701,4997169,30
24702,4996003,6
24703,4996440,15
24704,4995711,0
24705,5003293,156
24706,4996003,6
24707,4995711,0
24708,4995711,0
24709,4996003,6
24710,4995711,0
24711,4995711,0
24712,4996586,18
24713,4996003,6
24714,4996003,6
24715,4997169,30
24716,4995711,0
24717,4997023,27
24718,4997023,27
24719,5350240,7053
24720,4996586,18
24721,4995711,0
24722,4995711,0
24723,4996003,6
24724,4995711,0
24725,4996003,6
24726,4998626,60
24727,4995711,0
24728,4998043,48
24729,4996003,6
24730,4995711,0
24731,4996586,18
24732,4996440,15
24733,4996003,6
24734,4995711,0
24735,4996003,6
24736,4996003,6
24737,4996003,6
24738,4995711,0
24739,4997169,30
24740,4996586,18
24741,4996586,18
24742,4995711,0
24743,4996440,15
24744,5005628,204
24745,4995711,0
24746,4996003,6
24747,4996003,6
24748,4996586,18
24749,4995711,0
24750,4997023,27
24751,4995711,0
24752,4996003,6
24753,4997169,30
24754,4996440,15
24755,4996440,15
24756,4996440,15
24757,5001105,111
24758,4995711,0
24759,4996440,15
24760,4996440,15
24761,4998189,51
24762,5003293,156
24763,5272331,5544
24764,4999063,69
24765,4995711,0
24766,4996440,15
24767,4995711,0
24768,4997169,30
24769,4996003,6
24770,4996440,15
24771,5003293,156
24772,4996440,15
24773,4996003,6
24774,4996440,15
24775,4996003,6
24776,4997897,45
24777,4997897,45
24778,4996003,6
24779,4995711,0
24780,4995711,0
24781,4996003,6
24782,4996003,6
24783,4996586,18
24784,4996003,6
24785,4996586,18
24786,5267874,5457
24787,4995711,0
24788,4996586,18
24789,4996003,6
24790,4996003,6
24791,4997897,45
24792,4998626,60
24793,4996003,6
24794,4996003,6
24795,4999063,69
24796,4995711,0
24797,4995711,0
24798,4995711,0
24799,4997169,30
24800,4996586,18
24801,4995711,0
24802,4995711,0
24803,4995711,0
24804,4995711,0
24805,4996586,18
24806,4996586,18
24807,4995711,0
24808,4996003,6
24809,4995711,0
24810,4995711,0
24811,4995711,0
24812,4996586,18
24813,4997169,30
24814,4996586,18
24815,5001397,117
24816,4995711,0
24817,4995711,0
24818,4996003,6
24819,4996003,6
24820,5003293,156
24821,4996003,6
24822,5000084,90
24823,4995711,0
24824,4995711,0
24825,4995711,0
24826,4996003,6
24827,4996440,15
24828,4996440,15
24829,4996586,18
24830,4996440,15
24831,5040639,921
24832,4996440,15
24833,4998772,63
24834,4996003,6
24835,4995711,0
24836,4996586,18
24837,4997460,36
24838,4997023,27
24839,4995711,0
24840,4996003,6
24841,4996440,15
24842,4996003,6
24843,4996003,6
24844,4995711,0
24845,4996440,15
24846,4997023,27
24847,4996440,15
24848,4995711,0
24849,4995711,0
24850,5005190,195
24851,4996003,6
24852,4996003,6
24853,4996003,6
24854,4996003,6
24855,5015418,405
24856,4996003,6
24857,5000084,90
24858,4996003,6
24859,4995711,0
24860,4997023,27
24861,4997897,45
24862,4995711,0
24863,4997169,30
24864,4995711,0
24865,4996003,6
24866,5024934,600
24867,4995711,0
24868,4996440,15
24869,4995711,0
24870,4997169,30
24871,5024934,600
24872,4995711,0
24873,5000084,90
24874,4995711,0
24875,5001105,111
24876,5002709,144
24877,4996003,6
24878,4995711,0
24879,4996586,18
24880,4995711,0
24881,4995711,0
24882,4995711,0
24883,4996003,6
24884,4996003,6
24885,4997169,30
24886,4995711,0
24887,5004169,174
24888,4996440,15
24889,4995711,0
24890,4996440,15
24891,4995711,0
24892,4995711,0
24893,4995711,0
24894,4997169,30
24895,4995711,0
24896,5000521,99
24897,4996003,6
24898,4995711,0
24899,4996586,18
24900,4995711,0
24901,4997023,27
24902,4995711,0
24903,4996003,6
24904,4996440,15
24905,4996586,18
24906,4996003,6
24907,4995711,0
24908,4996003,6
24909,4996440,15
24910,4996003,6
24911,4995711,0
24912,4996586,18
24913,4996003,6
24914,4997169,30
24915,4997169,30
24916,4996003,6
24917,4996003,6
24918,5000521,99
24919,4996440,15
24920,4996003,6
24921,4995711,0
24922,4998772,63
24923,5007380,240
24924,5139047,2910
24925,4995711,0
24926,4995711,0
24927,4996586,18
24928,4996003,6
24929,4996586,18
24930,4995711,0
24931,4996003,6
24932,4995711,0
24933,4999792,84
24934,4996586,18
24935,4996003,6
24936,5026693,636
24937,4996003,6
24938,4995711,0
24939,4996586,18
24940,4996003,6
24941,4995711,0
24942,4995711,0
24943,4996586,18
24944,4996003,6
24945,4995711,0
24946,4995711,0
24947,4999209,72
24948,4995711,0
24949,4997023,27
24950,5001105,111
24951,4996003,6
24952,4995711,0
24953,4995711,0
24954,4995711,0
24955,4995711,0
24956,4996440,15
24957,4996003,6
24958,4995711,0
24959,4997169,30
24960,4996440,15
24961,4995711,0
24962,4995711,0
24963,4996003,6
24964,4996440,15
24965,4995711,0
24966,4996003,6
24967,4995711,0
24968,4996586,18
24969,4996003,6
24970,4995711,0
24971,4996003,6
24972,4996003,6
24973,4995711,0
24974,4996003,6
24975,4997169,30
24976,4996440,15
24977,4996440,15
24978,5024934,600
24979,4998043,48
24980,4996003,6
24981,4995711,0
24982,4996586,18
24983,4995711,0
24984,4995711,0
24985,4996003,6
24986,4996003,6
24987,4996586,18
24988,4999501,78
24989,4995711,0
24990,4996586,18
24991,4995711,0
24992,4995711,0
24993,4996003,6
24994,4997169,30
24995,4996003,6
24996,4996003,6
24997,4996003,6
24998,4997751,42
24999,4996440,15
25000,5138298,2895
25001,4997897,45
25002,4996586,18
25003,4995711,0
25004,4995711,0
25005,4995711,0
25006,4996440,15
25007,4996003,6
25008,5003293,156
25009,4995711,0
25010,4997023,27
25011,4997023,27
25012,4996440,15
25013,4995711,0
25014,4996586,18
25015,4996003,6
25016,4995711,0
25017,4995711,0
25018,4996586,18
25019,5024934,600
25020,4996586,18
25021,4995711,0
25022,4995711,0
25023,4995711,0
25024,4996003,6
25025,5005336,198
25026,4997169,30
25027,4997169,30
25028,4996003,6
25029,4996003,6
25030,4995711,0
25031,4995711,0
25032,4995711,0
25033,4995711,0
25034,4995711,0
25035,5001251,114
25036,4995711,0
25037,4995711,0
25038,4996003,6
25039,5000084,90
25040,4996440,15
25041,5000521,99
25042,4996003,6
25043,4997023,27
25044,4996003,6
25045,4995711,0
25046,5000521,99
25047,4996440,15
25048,4996440,15
25049,4996003,6
25050,4996003,6
25051,4996003,6
25052,4995711,0
25053,4997023,27
25054,4996003,6
25055,4996003,6
25056,4996003,6
25057,4996586,18
25058,4997169,30
25059,4998189,51
25060,5006358,219
25061,5024934,600
25062,4996003,6
25063,4996003,6
25064,5000084,90
25065,4996003,6
25066,5005920,210
25067,4996586,18
25068,4997169,30
25069,4996440,15
25070,4995711,0
25071,4997460,36
25072,4996586,18
25073,4996003,6
25074,4996003,6
25075,4997023,27
25076,4996003,6
25077,4996586,18
25078,5000084,90
25079,4995711,0
25080,4997897,45
25081,4997460,36
25082,5003877,168
25083,4996003,6
25084,4996440,15
25085,4995711,0
25086,4997169,30
25087,4996003,6
25088,4995711,0
25089,4997169,30
25090,5000084,90
25091,4996003,6
25092,4997460,36
25093,4995711,0
25094,4996440,15
25095,5000084,90
25096,4996003,6
25097,4997169,30
25098,4995711,0
25099,4995711,0
25100,5000084,90
25101,5040051,909
25102,4996586,18
25103,4995711,0
25104,4996003,6
25105,4995711,0
25106,4995711,0
25107,5000084,90
25108,4996003,6
25109,5005628,204
25110,4997023,27
25111,4996003,6
25112,4995711,0
25113,4996440,15
25114,4995711,0
25115,5025960,621
25116,4995711,0
25117,4995711,0
25118,4996003,6
25119,4996440,15
25120,4995711,0
25121,4996003,6
25122,4996003,6
25123,4996440,15
25124,5000084,90
25125,5000521,99
25126,4995711,0
25127,4997169,30
25128,4996586,18
25129,4996586,18
25130,4996003,6
25131,4996003,6
25132,4997023,27
25133,4996440,15
25134,4996586,18
25135,4996440,15
25136,4997751,42
25137,4995711,0
25138,5000084,90
25139,4995711,0
25140,4996003,6
25141,4999792,84
25142,5000521,99
25143,4996440,15
25144,4996003,6
25145,4995711,0
25146,4997169,30
25147,4995711,0
25148,4996440,15
25149,4995711,0
25150,4997169,30
25151,4995711,0
25152,5009279,279
25153,4996586,18
25154,4997897,45
25155,4995711,0
25156,4995711,0
25157,4998189,51
25158,4996003,6
25159,4997169,30
25160,4995711,0
25161,4996440,15
25162,4995711,0
25163,4995711,0
25164,5002709,144
25165,4997169,30
25166,4996586,18
25167,4995711,0
25168,4995711,0
25169,4996003,6
25170,4997897,45
25171,4995711,0
25172,4996440,15
25173,4995711,0
25174,4996586,18
25175,4996586,18
25176,4996586,18
25177,4997169,30
25178,4996003,6
25179,4996003,6
25180,4996586,18
25181,4995711,0
25182,4997169,30
25183,4996003,6
25184,4996440,15
25185,5003293,156
25186,4995711,0
25187,4996003,6
25188,4996003,6
25189,4996003,6
25190,5014833,393
25191,4996003,6
25192,4996440,15
25193,4997169,30
25194,4996003,6
25195,4995711,0
25196,4995711,0
25197,4995711,0
25198,4996586,18
25199,4995711,0
25200,5001105,111
25201,4996586,18
25202,4996440,15
25203,4995711,0
25204,5650772,12675
25205,4996003,6
25206,5002709,144
25207,4996003,6
25208,4996586,18
25209,4995711,0
25210,4996440,15
25211,4996586,18
25212,4996440,15
25213,4995711,0
25214,4995711,0
25215,4995711,0
25216,4995711,0
25217,4997169,30
25218,4996586,18
25219,4996440,15
25220,4996003,6
25221,4996003,6
25222,4996440,15
25223,4995711,0
25224,4995711,0
25225,4995711,0
25226,4997460,36
25227,4995711,0
25228,4996440,15
25229,4995711,0
25230,4995711,0
25231,4995711,0
25232,5000521,99
25233,4998189,51
25234,4995711,0
25235,4996440,15
25236,5004169,174
25237,4995711,0
25238,4998918,66
25239,4997460,36
25240,4996003,6
25241,4996440,15
25242,4995711,0
25243,4996003,6
25244,4996440,15
25245,4996586,18
25246,4996003,6
25247,4996003,6
25248,4997169,30
25249,4996586,18
25250,4996003,6
25251,4995711,0
25252,4996003,6
25253,4995711,0
25254,4996586,18
25255,4996003,6
25256,4996003,6
25257,4996440,15
25258,4995711,0
25259,4995711,0
25260,4996003,6
25261,4996003,6
25262,4996003,6
25263,5002709,144
25264,4996440,15
25265,5011471,324
25266,4995711,0
25267,4998189,51
25268,5000084,90
25269,5004898,189
25270,4997169,30
25271,4997897,45
25272,5002709,144
25273,4997023,27
25274,4996586,18
25275,5003293,156
25276,4996003,6
25277,5011032,315
25278,5025960,621
25279,4996003,6
25280,4995711,0
25281,4995711,0
25282,4995711,0
25283,4995711,0
25284,4996586,18
25285,4996003,6
25286,4998189,51
25287,4996003,6
25288,4995711,0
25289,4996003,6
25290,4997169,30
25291,4996586,18
25292,4995711,0
25293,4996003,6
25294,4995711,0
25295,4995711,0
25296,4996003,6
25297,4995711,0
25298,5002709,144
25299,4997169,30
25300,4995711,0
25301,4997897,45
25302,4995711,0
25303,4996003,6
25304,4996586,18
25305,4996440,15
25306,4995711,0
25307,4996440,15
25308,4996003,6
25309,5024641,594
25310,5001251,114
25311,4996586,18
25312,4996003,6
25313,4996440,15
25314,4997169,30
25315,4996003,6
25316,4996003,6
25317,4995711,0
25318,4996586,18
25319,4997169,30
25320,4995711,0
25321,4996003,6
25322,4995711,0
25323,4997169,30
25324,5000084,90
25325,4996586,18
25326,4996003,6
25327,4996586,18
25328,4995711,0
25329,4996003,6
25330,4996586,18
25331,4995711,0
25332,4996003,6
25333,4996003,6
25334,4996003,6
25335,4996586,18
25336,4995711,0
25337,4996003,6
25338,4996586,18
25339,4995711,0
25340,4996003,6
25341,4997169,30
25342,4995711,0
25343,5001251,114
25344,4996440,15
25345,5015272,402
25346,4996003,6
25347,4996003,6
25348,4996003,6
25349,4995711,0
25350,4996003,6
25351,4996003,6
25352,5003293,156
25353,4995711,0
25354,4995711,0
25355,4997023,27
25356,4996440,15
25357,4996440,15
25358,4996003,6
25359,5001105,111
25360,4997169,30
25361,4996586,18
25362,4996003,6
25363,4996003,6
25364,4995711,0
25365,4997460,36
25366,4996586,18
25367,4996440,15
25368,4996003,6
25369,5024934,600
25370,4996003,6
25371,4996586,18
25372,4995711,0
25373,4996003,6
25374,4995711,0
25375,4997169,30
25376,4995711,0
25377,4996003,6
25378,4995711,0
25379,4996440,15
25380,4995711,0
25381,4997460,36
25382,4997023,27
25383,4996003,6
25384,4997169,30
25385,4996003,6
25386,4997169,30
25387,4995711,0
25388,4996586,18
25389,4996003,6
25390,4996586,18
25391,4996003,6
25392,4995711,0
25393,4997751,42
25394,4997169,30
25395,4995711,0
25396,4995711,0
25397,4996440,15
25398,4998043,48
25399,4995711,0
25400,4995711,0
25401,4996586,18
25402,4995711,0
25403,4995711,0
25404,4995711,0
25405,4996003,6
25406,4997460,36
25407,4997751,42
25408,4996440,15
25409,4995711,0
25410,4996440,15
25411,4995711,0
25412,4995711,0
25413,4995711,0
25414,5001834,126
25415,4995711,0
25416,4996440,15
25417,4995711,0
25418,4995711,0
25419,4997169,30
25420,4996440,15
25421,5000084,90
25422,4996003,6
25423,4996003,6
25424,4995711,0
25425,4996586,18
25426,4996586,18
25427,4995711,0
25428,4995711,0
25429,4996003,6
25430,4997897,45
25431,4996003,6
25432,5002709,144
25433,5000521,99
25434,4995711,0
25435,4995711,0
25436,4996003,6
25437,4996586,18
25438,5004898,189
25439,4996586,18
25440,4996586,18
25441,4996586,18
25442,4996003,6
25443,5010155,297
25444,4997169,30
25445,4995711,0
25446,4996586,18
25447,4996440,15
25448,5084190,1806
25449,4996586,18
25450,4996003,6
25451,4996003,6
25452,4995711,0
25453,4995711,0
25454,4995711,0
25455,4997460,36
25456,4995711,0
25457,4996440,15
25458,5002709,144
25459,4999209,72
25460,4996003,6
25461,4997169,30
25462,5000521,99
25463,4996003,6
25464,4996003,6
25465,4996440,15
25466,4995711,0
25467,4995711,0
25468,4995711,0
25469,4996003,6
25470,4996440,15
25471,4997169,30
25472,4995711,0
25473,4997897,45
25474,5000084,90
25475,4996003,6
25476,4996440,15
25477,4996440,15
25478,4997169,30
25479,5000084,90
25480,4997023,27
25481,4995711,0
25482,4996440,15
25483,4996003,6
25484,4996440,15
25485,4996440,15
25486,4998189,51
25487,5001251,114
25488,4996586,18
25489,5005628,204
25490,4996003,6
25491,4996003,6
25492,4995711,0
25493,4996003,6
25494,4995711,0
25495,4995711,0
25496,4996586,18
25497,4995711,0
25498,5000084,90
25499,4996003,6
25500,5002709,144
25501,4995711,0
25502,4996586,18
25503,4995711,0
25504,5011324,321
25505,4996003,6
25506,4995711,0
25507,4997169,30
25508,4996003,6
25509,4998043,48
25510,4996586,18
25511,4996003,6
25512,4996440,15
25513,4996003,6
25514,4996586,18
25515,4996440,15
25516,5005336,198
25517,4996586,18
25518,4996003,6
25519,4995711,0
25520,4997169,30
25521,4996003,6
25522,4995711,0
25523,4996440,15
25524,4997169,30
25525,4996003,6
25526,4996586,18
25527,4997169,30
25528,4997169,30
25529,4997023,27
25530,4996003,6
25531,4996003,6
25532,4996003,6
25533,5003293,156
25534,4995711,0
25535,4997169,30
25536,4996586,18
25537,4997169,30
25538,4995711,0
25539,4995711,0
25540,4997169,30
25541,4996003,6
25542,4996003,6
25543,4997169,30
25544,4995711,0
25545,4996003,6
25546,4996003,6
25547,4997460,36
25548,4997169,30
25549,4996003,6
25550,4996003,6
25551,5002709,144
25552,4996586,18
25553,4996003,6
25554,5008256,258
25555,4995711,0
25556,4997169,30
25557,4996003,6
25558,4995711,0
25559,4998626,60
25560,5000521,99
25561,4997169,30
25562,4996003,6
25563,4996440,15
25564,5009425,282
25565,4995711,0
25566,4997169,30
25567,4995711,0
25568,4995711,0
25569,4995711,0
25570,4996003,6
25571,4995711,0
25572,4995711,0
25573,4995711,0
25574,4996586,18
25575,4995711,0
25576,5000521,99
25577,4996440,15
25578,4996586,18
25579,4995711,0
25580,4996003,6
25581,4996586,18
25582,5000084,90
25583,4995711,0
25584,4995711,0
25585,4996003,6
25586,4996586,18
25587,5006066,213
25588,4995711,0
25589,4996003,6
25590,4995711,0
25591,4995711,0
25592,5003293,156
25593,4997460,36
25594,4996586,18
25595,4996586,18
25596,4995711,0
25597,5022151,543
25598,4996586,18
25599,4996003,6
25600,4997169,30
25601,5005336,198
25602,4996440,15
25603,5002563,141
25604,5003293,156
25605,4996003,6
25606,4996003,6
25607,5000084,90
25608,5002709,144
25609,4995711,0
25610,4996586,18
25611,4996003,6
25612,4995711,0
25613,4997897,45
25614,4996440,15
25615,4996003,6
25616,4996440,15
25617,4996003,6
25618,4996003,6
25619,5002709,144
25620,4995711,0
25621,4996003,6
25622,4996586,18
25623,4996003,6
25624,4996003,6
25625,4995711,0
25626,5005190,195
25627,4997169,30
25628,4996586,18
25629,4996003,6
25630,4996003,6
25631,4996003,6
25632,4996003,6
25633,4995711,0
25634,4996003,6
25635,4995711,0
25636,4995711,0
25637,4995711,0
25638,4996586,18
25639,4996003,6
25640,4996003,6
25641,4997169,30
25642,4996003,6
25643,4995711,0
25644,4996586,18
25645,4995711,0
25646,4996003,6
25647,5001251,114
25648,4996440,15
25649,4996440,15
25650,5001105,111
25651,4996586,18
25652,4996003,6
25653,4995711,0
25654,5000084,90
25655,4996003,6
25656,4996440,15
25657,4995711,0
25658,4996586,18
25659,5000084,90
25660,4996440,15
25661,4995711,0
25662,4996003,6
25663,4996003,6
25664,4996440,15
25665,4995711,0
25666,4996003,6
25667,4996003,6
25668,5000084,90
25669,5000521,99
25670,5000084,90
25671,4997897,45
25672,4996586,18
25673,4996003,6
25674,4996586,18
25675,4996003,6
25676,5001105,111
25677,4995711,0
25678,4996003,6
25679,4995711,0
25680,4996003,6
25681,4997169,30
25682,4996440,15
25683,5003293,156
25684,4996003,6
25685,4996003,6
25686,4996003,6
25687,4996586,18
25688,4997169,30
25689,4995711,0
25690,4996003,6
25691,4995711,0
25692,4995711,0
25693,4996003,6
25694,4996003,6
25695,4998043,48
25696,4995711,0
25697,4996003,6
25698,4995711,0
25699,4996003,6
25700,5011032,315
25701,4995711,0
25702,4996003,6
25703,4995711,0
25704,4996003,6
25705,4995711,0
25706,4996003,6
25707,4995711,0
25708,4996003,6
25709,4996440,15
25710,5006066,213
25711,5051676,1146
25712,4996586,18
25713,4997169,30
25714,4995711,0
25715,4995711,0
25716,4997751,42
25717,4996003,6
25718,4995711,0
25719,4995711,0
25720,5000084,90
25721,4996003,6
25722,5000521,99
25723,4996003,6
25724,4996003,6
25725,4996003,6
25726,4996003,6
25727,4996003,6
25728,4996440,15
25729,4996003,6
25730,5007380,240
25731,4998189,51
25732,4996003,6
25733,4996440,15
25734,4998189,51
25735,4997169,30
25736,4996003,6
25737,4996003,6
25738,4997897,45
25739,4996440,15
25740,4996440,15
25741,4996003,6
25742,4996003,6
25743,4996440,15
25744,5000521,99
25745,4995711,0
25746,4996440,15
25747,4997169,30
25748,4997023,27
25749,4996003,6
25750,4996003,6
25751,4997169,30
25752,4997169,30
25753,4998918,66
25754,4999063,69
25755,4996440,15
25756,4995711,0
25757,4997169,30
25758,4996440,15
25759,5003147,153
25760,4995711,0
25761,4995711,0
25762,4995711,0
25763,4996003,6
25764,5002709,144
25765,4996003,6
25766,4997169,30
25767,4995711,0
25768,4996440,15
25769,4995711,0
25770,4996586,18
25771,4996003,6
25772,4996440,15
25773,5000084,90
25774,4996003,6
25775,4995711,0
25776,4996003,6
25777,4996003,6
25778,4996003,6
25779,4995711,0
25780,4996003,6
25781,4998772,63
25782,4996440,15
25783,4995711,0
25784,4995711,0
25785,4996003,6
25786,4996586,18
25787,4995711,0
25788,5011178,318
25789,4996003,6
25790,5001105,111
25791,4995711,0
25792,4996003,6
25793,5011032,315
25794,4996440,15
25795,4999209,72
25796,4996003,6
25797,4996003,6
25798,5005628,204
25799,4996440,15
25800,4996003,6
25801,4996440,15
25802,4996003,6
25803,5004169,174
25804,4995711,0
25805,4996586,18
25806,4996003,6
25807,4996440,15
25808,4995711,0
25809,4996586,18
25810,4996440,15
25811,4996586,18
25812,4996003,6
25813,4995711,0
25814,4996440,15
25815,5151802,3165
25816,4995711,0
25817,4996003,6
25818,4996586,18
25819,4995711,0
25820,4996003,6
25821,4996586,18
25822,4997460,36
25823,4997169,30
25824,5002709,144
25825,4996440,15
25826,4995711,0
25827,4996003,6
25828,4996003,6
25829,4997169,30
25830,4996440,15
25831,4995711,0
25832,4995711,0
25833,4995711,0
25834,4998043,48
25835,4995711,0
25836,5005628,204
25837,4996003,6
25838,5000084,90
25839,4996003,6
25840,5002709,144
25841,4997169,30
25842,4996003,6
25843,4995711,0
25844,4996440,15
25845,5002709,144
25846,4996440,15
25847,4996003,6
25848,4995711,0
25849,4995711,0
25850,4996440,15
25851,5000084,90
25852,4996003,6
25853,4996003,6
25854,4996440,15
25855,4996586,18
25856,4998918,66
25857,4996586,18
25858,4996003,6
25859,4995711,0
25860,4995711,0
25861,4995711,0
25862,4997023,27
25863,4996003,6
25864,4996003,6
25865,4995711,0
25866,4996440,15
25867,4995711,0
25868,4996003,6
25869,4995711,0
25870,4995711,0
25871,4997169,30
25872,4995711,0
25873,4996003,6
25874,4996003,6
25875,4995711,0
25876,5000521,99
25877,4996003,6
25878,4997169,30
25879,4995711,0
25880,4995711,0
25881,4995711,0
25882,4996440,15
25883,4996003,6
25884,5000084,90
25885,4995711,0
25886,4996003,6
25887,4998043,48
25888,4996003,6
25889,4996003,6
25890,4996586,18
25891,4996440,15
25892,4997023,27
25893,4996586,18
25894,4995711,0
25895,4996003,6
25896,4996003,6
25897,4995711,0
25898,4997169,30
25899,4996003,6
25900,4996003,6
25901,5008110,255
25902,4996003,6
25903,4996586,18
25904,4996586,18
25905,4996003,6
25906,4998189,51
25907,4996586,18
25908,4995711,0
25909,4996003,6
25910,4997460,36
25911,4996440,15
25912,4995711,0
25913,4995711,0
25914,4996440,15
25915,4996440,15
25916,5004023,171
25917,4996003,6
25918,4995711,0
25919,4996003,6
25920,4995711,0
25921,4996003,6
25922,4997169,30
25923,4995711,0
25924,4995711,0
25925,5000521,99
25926,4995711,0
25927,4995711,0
25928,4997169,30
25929,4997169,30
25930,4996003,6
25931,5005190,195
25932,5009133,276
25933,4996003,6
25934,4996003,6
25935,4997460,36
25936,4996003,6
25937,4996586,18
25938,4997023,27
25939,4996586,18
25940,4996586,18
25941,4995711,0
25942,4996586,18
25943,4996440,15
25944,4995711,0
25945,4995711,0
25946,4995711,0
25947,4995711,0
25948,4996003,6
25949,4995711,0
25950,4995711,0
25951,4996440,15
25952,4995711,0
25953,5000084,90
25954,4995711,0
25955,4996440,15
25956,4996586,18
25957,4996586,18
25958,4995711,0
25959,4995711,0
25960,4995711,0
25961,4995711,0
25962,4998189,51
25963,4996003,6
25964,4995711,0
25965,4996003,6
25966,4996003,6
25967,4996586,18
25968,4996003,6
25969,4996440,15
25970,4996586,18
25971,4995711,0
25972,4996586,18
25973,4995711,0
25974,4997460,36
25975,4996586,18
25976,4996586,18
25977,4997169,30
25978,4996003,6
25979,5006650,225
25980,4996003,6
25981,4996003,6
25982,4996003,6
25983,4995711,0
25984,4996003,6
25985,4997169,30
25986,4995711,0
25987,4996586,18
25988,4996003,6
25989,4996003,6
25990,4996586,18
25991,5003293,156
25992,4996003,6
25993,4995711,0
25994,4995711,0
25995,4995711,0
25996,4996003,6
25997,4997897,45
25998,4995711,0
25999,4995711,0
26000,4996003,6
26001,4998189,51
26002,4995711,0
26003,5024934,600
26004,4996003,6
26005,4995711,0
26006,4996003,6
26007,4996440,15
26008,5008402,261
26009,4996586,18
26010,5000521,99
26011,4996003,6
26012,4996003,6
26013,4996003,6
26014,4997460,36
26015,4995711,0
26016,4995711,0
26017,4996586,18
26018,4995711,0
26019,4995711,0
26020,4996003,6
26021,4996586,18
26022,4995711,0
26023,4996003,6
26024,4996003,6
26025,4996003,6
26026,4996440,15
26027,4995711,0
26028,5000084,90
26029,4995711,0
26030,4996003,6
26031,4995711,0
26032,5000084,90
26033,4996003,6
26034,4995711,0
26035,4995711,0
26036,4996003,6
26037,4997169,30
26038,4995711,0
26039,4996003,6
26040,4997169,30
26041,4998772,63
26042,5000521,99
26043,4996586,18
26044,4997897,45
26045,4995711,0
26046,4996003,6
26047,4996440,15
26048,4996586,18
26049,4997169,30
26050,4995711,0
26051,4996003,6
26052,4997023,27
26053,4996440,15
26054,5006358,219
26055,4996003,6
26056,4997023,27
26057,5013225,360
26058,5000084,90
26059,4996003,6
26060,4996003,6
26061,4996586,18
26062,4995711,0
26063,4996586,18
26064,5000084,90
26065,4996440,15
26066,4996003,6
26067,4995711,0
26068,4998189,51
26069,4996003,6
26070,4996003,6
26071,4998918,66
26072,4995711,0
26073,4996003,6
26074,4996003,6
26075,4995711,0
26076,4996003,6
26077,4995711,0
26078,4995711,0
26079,4995711,0
26080,5078855,1698
26081,5000521,99
26082,4997023,27
26083,4995711,0
26084,4997169,30
26085,4995711,0
26086,4996003,6
26087,4996440,15
26088,4996586,18
26089,4996003,6
26090,4996003,6
26091,4995711,0
26092,4996586,18
26093,4995711,0
26094,4995711,0
26095,4995711,0
26096,4996440,15
26097,4996586,18
26098,4996003,6
26099,4996003,6
26100,4996003,6
26101,5003293,156
26102,5002709,144
26103,4995711,0
26104,4996440,15
26105,4996586,18
26106,4996586,18
26107,4996003,6
26108,4995711,0
26109,4996440,15
26110,5002563,141
26111,4996586,18
26112,4997460,36
26113,4997460,36
26114,4996440,15
26115,4996586,18
26116,4995711,0
26117,4996003,6
26118,4995711,0
26119,4996586,18
26120,4999647,81
26121,4996003,6
26122,4996586,18
26123,4995711,0
26124,5008110,255
26125,4995711,0
26126,4995711,0
26127,4996003,6
26128,4995711,0
26129,4996003,6
26130,4995711,0
26131,4996003,6
26132,4995711,0
26133,4996440,15
26134,5251155,5130
26135,4995711,0
26136,4998189,51
26137,4996003,6
26138,4996003,6
26139,4996003,6
26140,4995711,0
26141,4995711,0
26142,4996003,6
26143,4995711,0
26144,5000084,90
26145,4995711,0
26146,4997023,27
26147,4996003,6
26148,5000521,99
26149,4996003,6
26150,5000084,90
26151,4995711,0
26152,4996003,6
26153,4996003,6
26154,4996586,18
26155,4995711,0
26156,4996003,6
26157,4996440,15
26158,5003293,156
26159,4996003,6
26160,5000084,90
26161,4996003,6
26162,4995711,0
26163,4997169,30
26164,4996003,6
26165,4996003,6
26166,4996440,15
26167,4995711,0
26168,4996003,6
26169,4996586,18
26170,4996003,6
26171,4996003,6
26172,4995711,0
26173,4996003,6
26174,4997169,30
26175,4997460,36
26176,5025960,621
26177,4996003,6
26178,4996440,15
26179,4996003,6
26180,4996003,6
26181,4995711,0
26182,4996003,6
26183,4996003,6
26184,4996003,6
26185,4996003,6
26186,4996003,6
26187,4996003,6
26188,4995711,0
26189,4996586,18
26190,4995711,0
26191,4996003,6
26192,4995711,0
26193,4997023,27
26194,4996003,6
26195,4995711,0
26196,4996003,6
26197,4998189,51
26198,4996003,6
26199,4996586,18
26200,4996003,6
26201,4995711,0
26202,4997460,36
26203,4997169,30
26204,4996003,6
26205,4995711,0
26206,4996003,6
26207,4997023,27
26208,4998043,48
26209,4997169,30
26210,4996586,18
26211,4995711,0
26212,4996003,6
26213,5044462,999
26214,4997169,30
26215,4996003,6
26216,5024934,600
26217,4996440,15
26218,4996003,6
26219,4997897,45
26220,4996586,18
26221,4995711,0
26222,4996003,6
26223,5002709,144
26224,4995711,0
26225,4996003,6
26226,5000084,90
26227,4996003,6
26228,5003147,153
26229,4996003,6
26230,4997023,27
26231,4996003,6
26232,5000084,90
26233,4996003,6
26234,4996003,6
26235,4996440,15
26236,4996586,18
26237,4996003,6
26238,4995711,0
26239,4995711,0
26240,5001251,114
26241,4996003,6
26242,4997897,45
26243,4996003,6
26244,4996440,15
26245,4996003,6
26246,4996003,6
26247,4996003,6
26248,4996440,15
26249,4995711,0
26250,4996003,6
26251,4995711,0
26252,4996440,15
26253,4995711,0
26254,4995711,0
26255,4995711,0
26256,5000084,90
26257,4996003,6
26258,4996440,15
26259,4996003,6
26260,4996586,18
26261,4996003,6
26262,4995711,0
26263,4995711,0
26264,4998772,63
26265,4996586,18
26266,4996586,18
26267,4996586,18
26268,4996003,6
26269,4996003,6
26270,4997897,45
26271,5002709,144
26272,4996440,15
26273,4996003,6
26274,5006650,225
26275,4996440,15
26276,4996003,6
26277,5006942,231
26278,4996003,6
26279,4997023,27
26280,4996003,6
26281,4996440,15
26282,4996003,6
26283,4995711,0
26284,4995711,0
26285,4995711,0
26286,4995711,0
26287,4997169,30
26288,5000521,99
26289,4997897,45
26290,4996003,6
26291,4995711,0
26292,4996003,6
26293,4995711,0
26294,4997169,30
26295,4996003,6
26296,5006650,225
26297,4996003,6
26298,4996440,15
26299,5040051,909
26300,4996003,6
26301,4996003,6
26302,4995711,0
26303,4996586,18
26304,4995711,0
26305,4996440,15
26306,4997169,30
26307,4996003,6
26308,4998043,48
26309,4997897,45
26310,4996003,6
26311,4996003,6
26312,4996003,6
26313,4996003,6
26314,4996003,6
26315,4997023,27
26316,4996003,6
26317,5002709,144
26318,4995711,0
26319,4995711,0
26320,4995711,0
26321,4996003,6
26322,4996003,6
26323,4995711,0
26324,4995711,0
26325,5006066,213
26326,4996003,6
26327,4996586,18
26328,4996003,6
26329,4995711,0
26330,4996003,6
26331,4996003,6
26332,4996003,6
26333,4996003,6
26334,4995711,0
26335,4996003,6
26336,5000084,90
26337,4995711,0
26338,4995711,0
26339,4998772,63
26340,4996003,6
26341,4997460,36
26342,4997169,30
26343,4998772,63
26344,4997169,30
26345,4995711,0
26346,4997169,30
26347,4999209,72
26348,4996003,6
26349,4997897,45
26350,4996003,6
26351,4996003,6
26352,5000084,90
26353,5025374,609
26354,4997169,30
26355,4996586,18
26356,4995711,0
26357,4997169,30
26358,4995711,0
26359,5000521,99
26360,4996003,6
26361,4996440,15
26362,4995711,0
26363,4996586,18
26364,4996003,6
26365,4996003,6
26366,4996003,6
26367,4996003,6
26368,5000084,90
26369,4996003,6
26370,4996003,6
26371,5004169,174
26372,4996003,6
26373,5006066,213
26374,4998189,51
26375,4996003,6
26376,4996003,6
26377,5003293,156
26378,4996440,15
26379,4996003,6
26380,4995711,0
26381,4996003,6
26382,4996003,6
26383,4996003,6
26384,4995711,0
26385,4996586,18
26386,4996003,6
26387,4995711,0
26388,5000521,99
26389,4995711,0
26390,5534973,10545
26391,4996003,6
26392,4997169,30
26393,4996586,18
26394,4996586,18
26395,4995711,0
26396,4997023,27
26397,4996003,6
26398,4996440,15
26399,4996003,6
26400,4997897,45
26401,4995711,0
26402,4997023,27
26403,4996003,6
26404,5042403,957
26405,4997751,42
26406,4996003,6
26407,4996440,15
26408,4996003,6
26409,4996003,6
26410,4996586,18
26411,4996003,6
26412,4996003,6
26413,4996440,15
26414,4997169,30
26415,4995711,0
26416,4995711,0
26417,4995711,0
26418,4996003,6
26419,4995711,0
26420,4995711,0
26421,4998043,48
26422,4997169,30
26423,4996586,18
26424,4995711,0
26425,4996586,18
26426,4996003,6
26427,4995711,0
26428,4996003,6
26429,4996003,6
26430,4996003,6
26431,4996586,18
26432,4997460,36
26433,4996003,6
26434,4996003,6
26435,4996003,6
26436,4995711,0
26437,4997460,36
26438,5002563,141
26439,4995711,0
26440,4997169,30
26441,4996440,15
26442,4995711,0
26443,4996003,6
26444,4995711,0
26445,4996440,15
26446,5253453,5175
26447,4996586,18
26448,4997023,27
26449,4996003,6
26450,4997023,27
26451,4997897,45
26452,4996003,6
26453,4996440,15
26454,4995711,0
26455,5000084,90
26456,4995711,0
26457,4995711,0
26458,4995711,0
26459,5000521,99
26460,4996586,18
26461,4995711,0
26462,4996003,6
26463,4995711,0
26464,4997169,30
26465,4996586,18
26466,4996003,6
26467,4995711,0
26468,5000521,99
26469,4995711,0
26470,4996003,6
26471,4996003,6
26472,5000084,90
26473,4995711,0
26474,4996586,18
26475,4997023,27
26476,4996003,6
26477,4996003,6
26478,4995711,0
26479,4996003,6
26480,4995711,0
26481,4997023,27
26482,4996440,15
26483,4995711,0
26484,4996003,6
26485,4995711,0
26486,4996003,6
26487,4997169,30
26488,4996003,6
26489,5000084,90
26490,4996586,18
26491,4998189,51
26492,4996003,6
26493,4996003,6
26494,4996003,6
26495,4996003,6
26496,5003293,156
26497,4996003,6
26498,4996586,18
26499,4995711,0
26500,5000084,90
26501,4996003,6
26502,4996003,6
26503,4996586,18
26504,4996003,6
26505,4996003,6
26506,4996440,15
26507,4997169,30
26508,5004169,174
26509,4996003,6
26510,4996003,6
26511,4996440,15
26512,4996003,6
26513,4995711,0
26514,4997897,45
26515,4996586,18
26516,4995711,0
26517,5015418,405
26518,5000521,99
26519,4995711,0
26520,4997897,45
26521,4995711,0
26522,4995711,0
26523,4996003,6
26524,4996440,15
26525,4995711,0
26526,5003293,156
26527,4995711,0
26528,4996440,15
26529,5000521,99
26530,4996440,15
26531,4995711,0
26532,4996440,15
26533,4995711,0
26534,4996003,6
26535,4996003,6
26536,4995711,0
26537,4995711,0
26538,4997169,30
26539,4998918,66
26540,4996003,6
26541,4995711,0
26542,4996586,18
26543,4996440,15
26544,4999647,81
26545,4996003,6
26546,4995711,0
26547,4996440,15
26548,4996440,15
26549,4996003,6
26550,4998189,51
26551,4996003,6
26552,4997023,27
26553,4995711,0
26554,4995711,0
26555,4996003,6
26556,4995711,0
26557,4996586,18
26558,4996003,6
26559,4996003,6
26560,4999938,87
26561,4996586,18
26562,4995711,0
26563,4996440,15
26564,4995711,0
26565,4995711,0
26566,4997460,36
26567,4995711,0
26568,4997897,45
26569,4996003,6
26570,4996003,6
26571,4995711,0
26572,4996003,6
26573,4995711,0
26574,4995711,0
26575,4995711,0
26576,4996003,6
26577,4995711,0
26578,4997460,36
26579,4996440,15
26580,4995711,0
26581,5026107,624
26582,4996003,6
26583,4995711,0
26584,5406705,8133
26585,5001980,129
26586,4996003,6
26587,4996003,6
26588,4995711,0
26589,4997169,30
26590,4995711,0
26591,4996586,18
26592,4996003,6
26593,4996003,6
26594,4997169,30
26595,4996003,6
26596,4996003,6
26597,4996003,6
26598,4996586,18
26599,4996003,6
26600,4995711,0
26601,4996003,6
26602,4996003,6
26603,4995711,0
26604,4996003,6
26605,5000084,90
26606,5039904,906
26607,4996003,6
26608,4996440,15
26609,4995711,0
26610,4996003,6
26611,4996440,15
26612,5000084,90
26613,4997460,36
26614,5001834,126
26615,4996003,6
26616,4996003,6
26617,4996003,6
26618,4996003,6
26619,4995711,0
26620,4996586,18
26621,4997169,30
26622,4995711,0
26623,5020979,519
26624,4995711,0
26625,4996003,6
26626,4996003,6
26627,4996440,15
26628,4996003,6
26629,4996003,6
26630,4997460,36
26631,4996003,6
26632,4995711,0
26633,4998043,48
26634,4996003,6
26635,4997460,36
26636,4996003,6
26637,4996003,6
26638,5002709,144
26639,4997169,30
26640,4996440,15
26641,4997023,27
26642,4995711,0
26643,4996003,6
26644,4997023,27
26645,4996003,6
26646,4995711,0
26647,4996586,18
26648,4996586,18
26649,4996003,6
26650,4996440,15
26651,5515959,10191
26652,4996586,18
26653,4997460,36
26654,4996003,6
26655,4995711,0
26656,4995711,0
26657,4996586,18
26658,4995711,0
26659,4996003,6
26660,4996003,6
26661,4996586,18
26662,4996003,6
26663,5006650,225
26664,4996003,6
26665,4996003,6
26666,4996003,6
26667,5000084,90
26668,4995711,0
26669,4996003,6
26670,4996440,15
26671,4996003,6
26672,4995711,0
26673,4996003,6
26674,4996003,6
26675,4996586,18
26676,4995711,0
26677,5006066,213
26678,5000667,102
26679,4996440,15
26680,5002709,144
26681,4995711,0
26682,4996003,6
26683,5002709,144
26684,4995711,0
26685,4995711,0
26686,4996003,6
26687,4996003,6
26688,4996003,6
26689,5018783,474
26690,4996003,6
26691,4997169,30
26692,4996003,6
26693,4996003,6
26694,5014541,387
26695,4996586,18
26696,4996003,6
26697,5000084,90
26698,4996586,18
26699,4996440,15
26700,4997169,30
26701,4998189,51
26702,4996003,6
26703,4995711,0
26704,4996003,6
26705,4997169,30
26706,4996003,6
26707,4996003,6
26708,4995711,0
26709,4995711,0
26710,4996440,15
26711,4995711,0
26712,4996586,18
26713,4996440,15
26714,4996003,6
26715,4996003,6
26716,5011471,324
26717,5020686,513
26718,4996586,18
26719,4995711,0
26720,4996003,6
26721,4996003,6
26722,4996003,6
26723,4997169,30
26724,4996586,18
26725,4997023,27
26726,4996586,18
26727,4996003,6
26728,4997169,30
26729,4996586,18
26730,4995711,0
26731,4996003,6
26732,4995711,0
26733,4997169,30
26734,4997169,30
26735,4996003,6
26736,4995711,0
26737,4995711,0
26738,4999501,78
26739,4996003,6
26740,4995711,0
26741,4996003,6
26742,4997169,30
26743,4995711,0
26744,4995711,0
26745,4995711,0
26746,4997897,45
26747,4995711,0
26748,4997460,36
26749,4996586,18
26750,4997169,30
26751,4997460,36
26752,5001251,114
26753,4995711,0
26754,4998189,51
26755,4996003,6
26756,4995711,0
26757,4996586,18
26758,4997169,30
26759,5001105,111
26760,4995711,0
26761,4996440,15
26762,4996003,6
26763,4996440,15
26764,5010886,312
26765,4998189,51
26766,4996440,15
26767,4995711,0
26768,4997169,30
26769,4998772,63
26770,4995711,0
26771,4995711,0
26772,4996440,15
26773,4996440,15
26774,4996003,6
26775,4995711,0
26776,4997751,42
26777,4996586,18
26778,4995711,0
26779,5014248,381
26780,4997023,27
26781,4995711,0
26782,4996003,6
26783,4995711,0
26784,5000084,90
26785,4996003,6
26786,4996003,6
26787,4997897,45
26788,4997460,36
26789,4995711,0
26790,4996003,6
26791,4997169,30
26792,5001834,126
26793,4995711,0
26794,4996586,18
26795,4996586,18
26796,4997169,30
26797,5011324,321
26798,4996003,6
26799,4996003,6
26800,4995711,0
26801,4996440,15
26802,5014248,381
26803,4995711,0
26804,4996440,15
26805,4996003,6
26806,4995711,0
26807,4996440,15
26808,4996003,6
26809,4996586,18
26810,4996003,6
26811,5024934,600
26812,4995711,0
26813,4996003,6
26814,4996586,18
26815,4995711,0
26816,4996586,18
26817,4996003,6
26818,5000084,90
26819,4996003,6
26820,4995711,0
26821,5002855,147
26822,4995711,0
26823,4995711,0
26824,5002709,144
26825,4996440,15
26826,4996586,18
26827,4996440,15
26828,4997169,30
26829,4996440,15
26830,4996003,6
26831,5004169,174
26832,4996586,18
26833,4996003,6
26834,4997897,45
26835,4996003,6
26836,4995711,0
26837,4996440,15
26838,4996003,6
26839,4996440,15
26840,4997751,42
26841,4997169,30
26842,5002709,144
26843,4996003,6
26844,4995711,0
26845,4998189,51
26846,4995711,0
26847,4996440,15
26848,5003293,156
26849,4996586,18
26850,4995711,0
26851,4996003,6
26852,4996003,6
26853,4996586,18
26854,4996440,15
26855,4996003,6
26856,4995711,0
26857,4996003,6
26858,4995711,0
26859,4996003,6
26860,4995711,0
26861,4995711,0
26862,4996003,6
26863,5004169,174
26864,4995711,0
26865,4995711,0
26866,4995711,0
26867,4995711,0
26868,4996586,18
26869,4996586,18
26870,4995711,0
26871,4996003,6
26872,4996003,6
26873,4997169,30
26874,4996440,15
26875,4998189,51
26876,4995711,0
26877,4997169,30
26878,4996003,6
26879,4998918,66
26880,4996586,18
26881,4996003,6
26882,4996440,15
26883,4995711,0
26884,4996003,6
26885,4995711,0
26886,5025374,609
26887,4995711,0
26888,5184810,3822
26889,4996003,6
26890,4996586,18
26891,4996586,18
26892,4997169,30
26893,5000084,90
26894,4995711,0
26895,5001105,111
26896,4996440,15
26897,4996003,6
26898,5002563,141
26899,4996586,18
26900,4996003,6
26901,4995711,0
26902,4996003,6
26903,4997169,30
26904,4996586,18
26905,4995711,0
26906,4995711,0
26907,4995711,0
26908,4996003,6
26909,4996440,15
26910,4996003,6
26911,4996003,6
26912,4996440,15
26913,4996586,18
26914,4997023,27
26915,4996003,6
26916,4995711,0
26917,5008110,255
26918,4995711,0
26919,4998772,63
26920,4996003,6
26921,4996586,18
26922,4996003,6
26923,4996586,18
26924,5000084,90
26925,4996003,6
26926,5003293,156
26927,4996003,6
26928,4997023,27
26929,4998189,51
26930,4996440,15
26931,4995711,0
26932,5024934,600
26933,4995711,0
26934,5002709,144
26935,4995711,0
26936,4995711,0
26937,4996586,18
26938,4996003,6
26939,4996003,6
26940,5000084,90
26941,4998043,48
26942,4996003,6
26943,4995711,0
26944,4996003,6
26945,4996003,6
26946,4997897,45
26947,4996003,6
26948,4996003,6
26949,4996003,6
26950,4996440,15
26951,4996003,6
26952,4998043,48
26953,4996003,6
26954,4995711,0
26955,4997897,45
26956,5000521,99
26957,4996003,6
26958,4996440,15
26959,4995711,0
26960,4996003,6
26961,4995711,0
26962,4996003,6
26963,5002709,144
26964,4995711,0
26965,4995711,0
26966,4996586,18
26967,4996003,6
26968,4996003,6
26969,4997169,30
26970,4996003,6
26971,4996003,6
26972,4996003,6
26973,4996586,18
26974,5006650,225
26975,4995711,0
26976,4996586,18
26977,4996003,6
26978,4996003,6
26979,4995711,0
26980,4996003,6
26981,5007380,240
26982,4996003,6
26983,4996003,6
26984,4996586,18
26985,4995711,0
26986,4997169,30
26987,5000521,99
26988,4995711,0
26989,4995711,0
26990,4995711,0
26991,4997023,27
26992,4995711,0
26993,4996003,6
26994,5005628,204
26995,4995711,0
26996,4997169,30
26997,4995711,0
26998,4996440,15
26999,4995711,0
27000,4997169,30
27001,4996586,18
27002,4996003,6
27003,4995711,0
27004,4995711,0
27005,4995711,0
27006,5002709,144
27007,4996003,6
27008,4997751,42
27009,4995711,0
27010,4998772,63
27011,4996586,18
27012,5065543,1428
27013,4996003,6
27014,4995711,0
27015,4995711,0
27016,4997023,27
27017,4997023,27
27018,4996003,6
27019,4995711,0
27020,4997023,27
27021,4995711,0
27022,4997460,36
27023,4995711,0
27024,4995711,0
27025,4997169,30
27026,4998043,48
27027,4995711,0
27028,4996003,6
27029,4996003,6
27030,4995711,0
27031,5004898,189
27032,4996440,15
27033,4996003,6
27034,4995711,0
27035,4996586,18
27036,4996003,6
27037,4995711,0
27038,4996003,6
27039,4995711,0
27040,4995711,0
27041,4996003,6
27042,4996003,6
27043,4995711,0
27044,4995711,0
27045,4997751,42
27046,4995711,0
27047,4995711,0
27048,4996586,18
27049,4996440,15
27050,4996440,15
27051,4996003,6
27052,4996586,18
27053,4996003,6
27054,4997169,30
27055,5003293,156
27056,4996003,6
27057,5014394,384
27058,4995711,0
27059,4996586,18
27060,4997751,42
27061,4996440,15
27062,4996586,18
27063,4996003,6
27064,4995711,0
27065,5002709,144
27066,4996003,6
27067,4997169,30
27068,4996440,15
27069,4996440,15
27070,4996003,6
27071,4996440,15
27072,4996440,15
27073,4995711,0
27074,4996440,15
27075,5002709,144
27076,4996003,6
27077,4997169,30
27078,4995711,0
27079,5002709,144
27080,4996440,15
27081,4996003,6
27082,4997169,30
27083,4997751,42
27084,4995711,0
27085,4996586,18
27086,4996586,18
27087,4997023,27
27088,4996003,6
27089,4995711,0
27090,5000084,90
27091,4996003,6
27092,4995711,0
27093,4996003,6
27094,4997897,45
27095,4995711,0
27096,4996003,6
27097,5001105,111
27098,4996586,18
27099,4996003,6
27100,4995711,0
27101,4996003,6
27102,4996440,15
27103,4995711,0
27104,5000084,90
27105,4996440,15
27106,4996440,15
27107,4996586,18
27108,4996003,6
27109,5000084,90
27110,4996003,6
27111,4996003,6
27112,5042256,954
27113,4996003,6
27114,4996003,6
27115,4997169,30
27116,5009279,279
27117,4996003,6
27118,4995711,0
27119,4995711,0
27120,4996440,15
27121,4996003,6
27122,4997023,27
27123,4996440,15
27124,4996586,18
27125,4995711,0
27126,4996003,6
27127,4996440,15
27128,4996440,15
27129,5000084,90
27130,4995711,0
27131,4996003,6
27132,5000521,99
27133,4997169,30
27134,4997169,30
27135,4996586,18
27136,4995711,0
27137,4996586,18
27138,4995711,0
27139,4996003,6
27140,4996003,6
27141,4995711,0
27142,4997460,36
27143,4995711,0
27144,4996586,18
27145,4998189,51
27146,4996586,18
27147,4997169,30
27148,4995711,0
27149,4996003,6
27150,4995711,0
27151,4995711,0
27152,4995711,0
27153,4996003,6
27154,4996586,18
27155,4996003,6
27156,4995711,0
27157,4995711,0
27158,4996003,6
27159,4996003,6
27160,4996003,6
27161,4996003,6
27162,4997169,30
27163,4997169,30
27164,4996586,18
27165,4996586,18
27166,4995711,0
27167,4996586,18
27168,4998626,60
27169,4996586,18
27170,4998918,66
27171,4996586,18
27172,4996003,6
27173,4996003,6
27174,4995711,0
27175,4995711,0
27176,5002709,144
27177,4995711,0
27178,4996586,18
27179,4996003,6
27180,4996003,6
27181,4995711,0
27182,4997169,30
27183,4995711,0
27184,5014248,381
27185,4995711,0
27186,4996586,18
27187,4996003,6
27188,4997460,36
27189,4995711,0
27190,4995711,0
27191,4996586,18
27192,4996440,15
27193,4996440,15
27194,4995711,0
27195,4995711,0
27196,4995711,0
27197,4996003,6
27198,4996586,18
27199,4996440,15
27200,4995711,0
27201,4995711,0
27202,4996586,18
27203,4996586,18
27204,4996440,15
27205,4995711,0
27206,4997460,36
27207,4997897,45
27208,4996440,15
27209,4995711,0
27210,4995711,0
27211,5000521,99
27212,4997169,30
27213,4995711,0
27214,4995711,0
27215,4995711,0
27216,4996003,6
27217,4995711,0
27218,4996440,15
27219,4996586,18
27220,4996586,18
27221,4996003,6
27222,5001105,111
27223,4997023,27
27224,4996586,18
27225,4997169,30
27226,4995711,0
27227,4995711,0
27228,4996440,15
27229,4996003,6
27230,4996440,15
27231,4996003,6
27232,4995711,0
27233,4996586,18
27234,4996003,6
27235,4997169,30
27236,4996003,6
27237,4997169,30
27238,4997169,30
27239,4997169,30
27240,4996003,6
27241,4995711,0
27242,4996003,6
27243,5011471,324
27244,4995711,0
27245,4995711,0
27246,4996003,6
27247,4995711,0
27248,4996003,6
27249,4997897,45
27250,4997169,30
27251,4996003,6
27252,4995711,0
27253,4996003,6
27254,4996003,6
27255,4995711,0
27256,4996440,15
27257,4995711,0
27258,4997169,30
27259,4995711,0
27260,4996003,6
27261,4997169,30
27262,4995711,0
27263,4997023,27
27264,5002709,144
27265,4997460,36
27266,4996003,6
27267,4996440,15
27268,4997169,30
27269,4996003,6
27270,4995711,0
27271,4995711,0
27272,5000084,90
27273,4996586,18
27274,5036818,843
27275,5008402,261
27276,5015272,402
27277,5011032,315
27278,4995711,0
27279,4996003,6
27280,4996003,6
27281,4995711,0
27282,4996003,6
27283,4996586,18
27284,4996003,6
27285,4996003,6
27286,4996003,6
27287,4997023,27
27288,4995711,0
27289,5010155,297
27290,4996440,15
27291,4995711,0
27292,5009571,285
27293,4996003,6
27294,4996003,6
27295,4995711,0
27296,4998918,66
27297,4996586,18
27298,4995711,0
27299,4996440,15
27300,4995711,0
27301,4996003,6
27302,4996003,6
27303,4996440,15
27304,4995711,0
27305,4995711,0
27306,4996440,15
27307,5002709,144
27308,5000084,90
27309,4996440,15
27310,4996003,6
27311,4995711,0
27312,5001105,111
27313,4995711,0
27314,5003293,156
27315,5025374,609
27316,4996003,6
27317,4997460,36
27318,4995711,0
27319,4995711,0
27320,5008110,255
27321,5001251,114
27322,4996003,6
27323,5002563,141
27324,4996586,18
27325,4998626,60
27326,4995711,0
27327,5162179,3372
27328,4995711,0
27329,4995711,0
27330,4996003,6
27331,4996003,6
27332,4995711,0
27333,4996003,6
27334,4996003,6
27335,4997460,36
27336,4995711,0
27337,4999792,84
27338,4996003,6
27339,4996003,6
27340,4997169,30
27341,4996586,18
27342,4996440,15
27343,4995711,0
27344,5002709,144
27345,4995711,0
27346,4996440,15
27347,5002709,144
27348,4996003,6
27349,4995711,0
27350,4997169,30
27351,4995711,0
27352,4995711,0
27353,4995711,0
27354,4996440,15
27355,4995711,0
27356,4995711,0
27357,4996003,6
27358,4995711,0
27359,4995711,0
27360,4997460,36
27361,4996003,6
27362,4996003,6
27363,4996003,6
27364,4996003,6
27365,4996003,6
27366,4996440,15
27367,4996003,6
27368,4997169,30
27369,4995711,0
27370,4995711,0
27371,4996440,15
27372,4996586,18
27373,4996440,15
27374,4997169,30
27375,4998043,48
27376,4995711,0
27377,4996003,6
27378,4996003,6
27379,4997169,30
27380,4997169,30
27381,4997169,30
27382,5000084,90
27383,4995711,0
27384,4996003,6
27385,4995711,0
27386,4996586,18
27387,4996003,6
27388,5014102,378
27389,4996003,6
27390,4995711,0
27391,4996586,18
27392,4995711,0
27393,4995711,0
27394,4996003,6
27395,4995711,0
27396,5002709,144
27397,4995711,0
27398,5000084,90
27399,4995711,0
27400,4996003,6
27401,4995711,0
27402,4995711,0
27403,4995711,0
27404,4998626,60
27405,4995711,0
27406,4996440,15
27407,4996440,15
27408,4997751,42
27409,4995711,0
27410,4997169,30
27411,5008110,255
27412,4995711,0
27413,4995711,0
27414,4996003,6
27415,4996586,18
27416,4996586,18
27417,4996586,18
27418,4995711,0
27419,4996586,18
27420,4996440,15
27421,4995711,0
27422,4995711,0
27423,5000084,90
27424,4996586,18
27425,5187381,3873
27426,4995711,0
27427,4996440,15
27428,4997023,27
27429,4996003,6
27430,4995711,0
27431,4996440,15
27432,4996003,6
27433,4996003,6
27434,4996003,6
27435,4995711,0
27436,4995711,0
27437,4996003,6
27438,4995711,0
27439,4996003,6
27440,4996003,6
27441,4996003,6
27442,4997169,30
27443,4997460,36
27444,4995711,0
27445,4996003,6
27446,4995711,0
27447,4996003,6
27448,4996440,15
27449,4996003,6
27450,4997169,30
27451,4995711,0
27452,4996440,15
27453,4996003,6
27454,4996440,15
27455,5015418,405
27456,4996003,6
27457,4996440,15
27458,4996586,18
27459,4995711,0
27460,4995711,0
27461,4997169,30
27462,4996440,15
27463,4995711,0
27464,4996440,15
27465,4995711,0
27466,4996003,6
27467,4997169,30
27468,4996003,6
27469,4996440,15
27470,4996440,15
27471,4996586,18
27472,4996586,18
27473,4995711,0
27474,4997169,30
27475,4996003,6
27476,4996003,6
27477,4996586,18
27478,4996440,15
27479,5004023,171
27480,4996003,6
27481,5017905,456
27482,4996003,6
27483,5000084,90
27484,4996586,18
27485,4996003,6
27486,4996586,18
27487,4995711,0
27488,4996440,15
27489,4996440,15
27490,4996003,6
27491,4995711,0
27492,4995711,0
27493,4997897,45
27494,4995711,0
27495,4996440,15
27496,4996003,6
27497,4995711,0
27498,4996003,6
27499,4996586,18
27500,4997460,36
27501,4995711,0
27502,4995711,0
27503,4995711,0
27504,4995711,0
27505,4997169,30
27506,4995711,0
27507,4996586,18
27508,4996003,6
27509,4996003,6
27510,4996003,6
27511,4995711,0
27512,4995711,0
27513,4996003,6
27514,5000521,99
27515,4995711,0
27516,4996003,6
27517,4997023,27
27518,4996586,18
27519,4997169,30
27520,4996003,6
27521,4995711,0
27522,4996003,6
27523,5000084,90
27524,4996003,6
27525,4996440,15
27526,4997751,42
27527,4997169,30
27528,4996586,18
27529,5025374,609
27530,4996440,15
27531,4996003,6
27532,4997169,30
27533,4997023,27
27534,4996003,6
27535,4995711,0
27536,4996003,6
27537,4995711,0
27538,4997169,30
27539,4996003,6
27540,5000521,99
27541,4995711,0
27542,4995711,0
27543,4996003,6
27544,5009717,288
27545,4996003,6
27546,4995711,0
27547,4997169,30
27548,4995711,0
27549,4996440,15
27550,5000084,90
27551,4996003,6
27552,5006066,213
27553,4996440,15
27554,4996003,6
27555,5000521,99
27556,5000084,90
27557,4997169,30
27558,4996586,18
27559,4996003,6
27560,4996003,6
27561,4995711,0
27562,5002709,144
27563,4997169,30
27564,4996003,6
27565,4996440,15
27566,4996586,18
27567,4995711,0
27568,4995711,0
27569,5159018,3309
27570,4996586,18
27571,4997169,30
27572,4996440,15
27573,4996003,6
27574,4996440,15
27575,4997169,30
27576,4996586,18
27577,4996003,6
27578,4998043,48
27579,5007234,237
27580,4995711,0
27581,4995711,0
27582,4996586,18
27583,4995711,0
27584,5000084,90
27585,5261579,5334
27586,4996440,15
27587,4996440,15
27588,4995711,0
27589,4996003,6
27590,4996586,18
27591,4996440,15
27592,4996003,6
27593,4996003,6
27594,4996003,6
27595,4996003,6
27596,4995711,0
27597,4996003,6
27598,4996003,6
27599,4996440,15
27600,4997169,30
27601,5017759,453
27602,4996440,15
27603,4997460,36
27604,4997169,30
27605,4995711,0
27606,4995711,0
27607,4996003,6
27608,4996003,6
27609,4996586,18
27610,5000521,99
27611,4996003,6
27612,4996586,18
27613,4995711,0
27614,4996003,6
27615,4995711,0
27616,4996586,18
27617,4995711,0
27618,4995711,0
27619,4996003,6
27620,4995711,0
27621,4995711,0
27622,4995711,0
27623,4996586,18
27624,4997023,27
27625,4995711,0
27626,5000084,90
27627,4996586,18
27628,4995711,0
27629,5005628,204
27630,4995711,0
27631,4997023,27
27632,4996003,6
27633,4996003,6
27634,5001105,111
27635,4996003,6
27636,4996003,6
27637,4996003,6
27638,4996440,15
27639,4995711,0
27640,4995711,0
27641,4995711,0
27642,4996003,6
27643,4995711,0
27644,4995711,0
27645,4996003,6
27646,4997897,45
27647,5003293,156
27648,4995711,0
27649,4995711,0
27650,4995711,0
27651,4996440,15
27652,4996586,18
27653,4995711,0
27654,5005628,204
27655,4995711,0
27656,4996003,6
27657,4996586,18
27658,4997169,30
27659,4996003,6
27660,5002709,144
27661,4996003,6
27662,4995711,0
27663,4996440,15
27664,5000084,90
27665,4995711,0
27666,4995711,0
27667,4996440,15
27668,4995711,0
27669,4996003,6
27670,4996440,15
27671,4996003,6
27672,4996003,6
27673,5006358,219
27674,4995711,0
27675,4996586,18
27676,4995711,0
27677,4997169,30
27678,4996003,6
27679,5024348,588
27680,4995711,0
27681,4995711,0
27682,5000084,90
27683,4996003,6
27684,4997460,36
27685,4996003,6
27686,4996003,6
27687,4997023,27
27688,4995711,0
27689,5000084,90
27690,4995711,0
27691,4996003,6
27692,4995711,0
27693,4997460,36
27694,4995711,0
27695,4996003,6
27696,4995711,0
27697,4996003,6
27698,4996003,6
27699,4997169,30
27700,4995711,0
27701,4998918,66
27702,4996003,6
27703,4996586,18
27704,4995711,0
27705,4996586,18
27706,4997169,30
27707,4995711,0
27708,4996586,18
27709,4996003,6
27710,4996440,15
27711,4997169,30
27712,5000084,90
27713,5002709,144
27714,4995711,0
27715,4998189,51
27716,5004169,174
27717,4995711,0
27718,4996440,15
27719,4996003,6
27720,4996003,6
27721,4995711,0
27722,4995711,0
27723,4996003,6
27724,4996003,6
27725,4996003,6
27726,4997023,27
27727,4996003,6
27728,4996003,6
27729,4996586,18
27730,4996440,15
27731,4996440,15
27732,4996003,6
27733,5006066,213
27734,5024934,600
27735,4995711,0
27736,4996586,18
27737,4996003,6
27738,4995711,0
27739,4997460,36
27740,4996003,6
27741,4996003,6
27742,4996440,15
27743,4996003,6
27744,5000084,90
27745,4996440,15
27746,4996586,18
27747,4995711,0
27748,4996586,18
27749,5778255,14970
27750,4996003,6
27751,4996003,6
27752,4995711,0
27753,4996003,6
27754,4997169,30
27755,4996003,6
27756,4996003,6
27757,4997460,36
27758,4996003,6
27759,4995711,0
27760,5005628,204
27761,4996440,15
27762,5002709,144
27763,4995711,0
27764,4996003,6
27765,4997460,36
27766,4995711,0
27767,4997169,30
27768,4995711,0
27769,4996440,15
27770,4996586,18
27771,4995711,0
27772,4996586,18
27773,4995711,0
27774,4995711,0
27775,4996440,15
27776,4996003,6
27777,4996003,6
27778,4995711,0
27779,4995711,0
27780,4996003,6
27781,4997897,45
27782,4996586,18
27783,4997897,45
27784,4996003,6
27785,4996003,6
27786,5021565,531
27787,5029039,684
27788,4996586,18
27789,4997023,27
27790,4996003,6
27791,4997169,30
27792,5000084,90
27793,5269256,5484
27794,4996003,6
27795,4995711,0
27796,4996440,15
27797,4995711,0
27798,4996586,18
27799,4997169,30
27800,4996003,6
27801,4996003,6
27802,4996586,18
27803,4996003,6
27804,4996586,18
27805,5004023,171
27806,4995711,0
27807,4998189,51
27808,4996003,6
27809,4996003,6
27810,4995711,0
27811,4996003,6
27812,4997169,30
27813,5002709,144
27814,4996003,6
27815,4995711,0
27816,4996003,6
27817,4996003,6
27818,4995711,0
27819,4996003,6
27820,4997460,36
27821,4995711,0
27822,4996003,6
27823,4996003,6
27824,4996003,6
27825,5015711,411
27826,4997169,30
27827,4996003,6
27828,4996586,18
27829,4996440,15
27830,4995711,0
27831,4997897,45
27832,4996003,6
27833,4995711,0
27834,4995711,0
27835,4995711,0
27836,4995711,0
27837,4996003,6
27838,4995711,0
27839,4996440,15
27840,4995711,0
27841,5011032,315
27842,4996586,18
27843,4998189,51
27844,4996003,6
27845,4995711,0
27846,4996586,18
27847,4997023,27
27848,4996586,18
27849,4996003,6
27850,4995711,0
27851,4995711,0
27852,4997169,30
27853,4995711,0
27854,4995711,0
27855,4996003,6
27856,4996440,15
27857,5000084,90
27858,4995711,0
27859,5003293,156
27860,5002709,144
27861,4995711,0
27862,4997023,27
27863,4998189,51
27864,4996003,6
27865,5003293,156
27866,4996440,15
27867,5003147,153
27868,4996003,6
27869,4996440,15
27870,4996440,15
27871,4996003,6
27872,4995711,0
27873,4996003,6
27874,4998043,48
27875,4998189,51
27876,4995711,0
27877,4997169,30
27878,4997169,30
27879,4999209,72
27880,4995711,0
27881,5373225,7494
27882,5378869,7602
27883,4996003,6
27884,4996003,6
27885,4995711,0
27886,4997169,30
27887,4997897,45
27888,4995711,0
27889,4996003,6
27890,4996003,6
27891,4995711,0
27892,4996586,18
27893,4995711,0
27894,4996440,15
27895,4997023,27
27896,4997460,36
27897,4995711,0
27898,4996003,6
27899,4997169,30
27900,4997460,36
27901,4996586,18
27902,4996003,6
27903,4996440,15
27904,4996003,6
27905,4995711,0
27906,5000084,90
27907,4997460,36
27908,4995711,0
27909,4995711,0
27910,4995711,0
27911,4995711,0
27912,4995711,0
27913,4996586,18
27914,4996586,18
27915,4996003,6
27916,4995711,0
27917,4995711,0
27918,4995711,0
27919,4995711,0
27920,4995711,0
27921,4996003,6
27922,4995711,0
27923,5001105,111
27924,4996586,18
27925,4995711,0
27926,4995711,0
27927,4996586,18
27928,4995711,0
27929,4998189,51
27930,4995711,0
27931,4996586,18
27932,4996003,6
27933,4997023,27
27934,4995711,0
27935,4996003,6
27936,4996003,6
27937,4996586,18
27938,4996003,6
27939,4997169,30
27940,4995711,0
27941,4995711,0
27942,4997897,45
27943,4996586,18
27944,4995711,0
27945,4996440,15
27946,4996003,6
27947,4996003,6
27948,4996440,15
27949,4995711,0
27950,4995711,0
27951,4996586,18
27952,4996440,15
27953,4997460,36
27954,4997023,27
27955,4996440,15
27956,4995711,0
27957,4996003,6
27958,5004023,171
27959,4998189,51
27960,4997460,36
27961,4995711,0
27962,5006650,225
27963,4995711,0
27964,4996003,6
27965,4997169,30
27966,4996003,6
27967,5411595,8226
27968,4997897,45
27969,4995711,0
27970,4996440,15
27971,4996003,6
27972,4996586,18
27973,4998189,51
27974,4995711,0
27975,4996440,15
27976,4996003,6
27977,4995711,0
27978,4996586,18
27979,4995711,0
27980,4996003,6
27981,4996003,6
27982,4996003,6
27983,4996586,18
27984,4995711,0
27985,4995711,0
27986,4996003,6
27987,4996003,6
27988,4996586,18
27989,4996003,6
27990,4996440,15
27991,4995711,0
27992,4995711,0
27993,5003293,156
27994,4996440,15
27995,4996586,18
27996,4995711,0
27997,4995711,0
27998,4996003,6
27999,4996586,18
28000,4996586,18
28001,4995711,0
28002,4996003,6
28003,4995711,0
28004,4997897,45
28005,4996440,15
28006,4996440,15
28007,4996003,6
28008,5011324,321
28009,4995711,0
28010,4995711,0
28011,4996586,18
28012,4996586,18
28013,4996586,18
28014,4995711,0
28015,4996440,15
28016,4997023,27
28017,4996003,6
28018,4996440,15
28019,4996586,18
28020,4996003,6
28021,4995711,0
28022,4996003,6
28023,4996440,15
28024,4995711,0
28025,4996003,6
28026,4996586,18
28027,4996003,6
28028,4996003,6
28029,5000084,90
28030,4995711,0
28031,4996003,6
28032,4995711,0
28033,4996003,6
28034,4995711,0
28035,4997023,27
28036,4996440,15
28037,4997897,45
28038,4996440,15
28039,4996440,15
28040,4996440,15
28041,4996440,15
28042,4996003,6
28043,4996003,6
28044,4996003,6
28045,4995711,0
28046,4996586,18
28047,4995711,0
28048,4996003,6
28049,4996003,6
28050,4995711,0
28051,4995711,0
28052,4995711,0
28053,4996003,6
28054,4997169,30
28055,4995711,0
28056,4995711,0
28057,4995711,0
28058,4996003,6
28059,4996003,6
28060,4996003,6
28061,5010155,297
28062,4997169,30
28063,4996003,6
28064,5147446,3078
28065,4996003,6
28066,4996440,15
28067,4995711,0
28068,4996003,6
28069,5042109,951
28070,4996003,6
28071,5014102,378
28072,4998626,60
28073,4997169,30
28074,4995711,0
28075,4995711,0
28076,4996003,6
28077,4995711,0
28078,4997169,30
28079,4996586,18
28080,4996003,6
28081,4996003,6
28082,4995711,0
28083,4995711,0
28084,4996003,6
28085,4996586,18
28086,4996003,6
28087,4995711,0
28088,5000521,99
28089,4999938,87
28090,4996003,6
28091,4996003,6
28092,4995711,0
28093,4997169,30
28094,4996440,15
28095,4996586,18
28096,4996586,18
28097,4996440,15
28098,4996003,6
28099,4996003,6
28100,4996003,6
28101,5000521,99
28102,4996440,15
28103,4995711,0
28104,4995711,0
28105,5012201,339
28106,4996003,6
28107,4995711,0
28108,5000084,90
28109,4996003,6
28110,4997169,30
28111,4996440,15
28112,4996003,6
28113,4997169,30
28114,4996586,18
28115,4998043,48
28116,4997023,27
28117,4996003,6
28118,4995711,0
28119,4995711,0
28120,4995711,0
28121,4996003,6
28122,4997460,36
28123,5001980,129
28124,4996440,15
28125,4996440,15
28126,4996586,18
28127,4997169,30
28128,4995711,0
28129,4995711,0
28130,4996003,6
28131,4995711,0
28132,4995711,0
28133,5000084,90
28134,4996003,6
28135,4996003,6
28136,4997169,30
28137,4995711,0
28138,4997169,30
28139,4996440,15
28140,4996003,6
28141,4996586,18
28142,4996003,6
28143,4998043,48
28144,4996003,6
28145,4996003,6
28146,4995711,0
28147,4995711,0
28148,4995711,0
28149,4995711,0
28150,4996586,18
28151,4996440,15
28152,4995711,0
28153,4995711,0
28154,4995711,0
28155,4996586,18
28156,4996003,6
28157,5005628,204
28158,5000521,99
28159,4996003,6
28160,4995711,0
28161,4996003,6
28162,4996586,18
28163,4996003,6
28164,5027279,648
28165,4995711,0
28166,4996003,6
28167,4995711,0
28168,4997169,30
28169,4996586,18
28170,4996440,15
28171,4995711,0
28172,4995711,0
28173,4996440,15
28174,4995711,0
28175,4997023,27
28176,4996003,6
28177,4996586,18
28178,4995711,0
28179,4995711,0
28180,4996003,6
28181,4996003,6
28182,5001105,111
28183,4996003,6
28184,4996440,15
28185,4997023,27
28186,4995711,0
28187,4995711,0
28188,5004169,174
28189,4997169,30
28190,4997169,30
28191,4995711,0
28192,4995711,0
28193,4995711,0
28194,4996003,6
28195,4996586,18
28196,4995711,0
28197,5001105,111
28198,5025374,609
28199,4996003,6
28200,4996440,15
28201,4996586,18
28202,5014394,384
28203,4996003,6
28204,4999501,78
28205,4996003,6
28206,4996003,6
28207,5003293,156
28208,4995711,0
28209,4997023,27
28210,4995711,0
28211,4995711,0
28212,4996440,15
28213,4997897,45
28214,4998189,51
28215,4996003,6
28216,4996003,6
28217,4995711,0
28218,4996003,6
28219,4995711,0
28220,4995711,0
28221,4995711,0
28222,4996003,6
28223,4995711,0
28224,5024934,600
28225,4996586,18
28226,4996003,6
28227,4996440,15
28228,4997460,36
28229,5004023,171
28230,5011178,318
28231,4996003,6
28232,4995711,0
28233,4996440,15
28234,4996586,18
28235,4995711,0
28236,5003293,156
28237,4997169,30
28238,4997169,30
28239,4996440,15
28240,4995711,0
28241,4996440,15
28242,4995711,0
28243,4995711,0
28244,4996003,6
28245,4996003,6
28246,4995711,0
28247,4995711,0
28248,4996440,15
28249,4996003,6
28250,4996440,15
28251,4995711,0
28252,4996586,18
28253,5011178,318
28254,4995711,0
28255,4996003,6
28256,4995711,0
28257,4997897,45
28258,4996003,6
28259,4996003,6
28260,4995711,0
28261,4996003,6
28262,4995711,0
28263,4996586,18
28264,4995711,0
28265,5000521,99
28266,4997023,27
28267,4996003,6
28268,4995711,0
28269,4995711,0
28270,4996440,15
28271,4995711,0
28272,4996003,6
28273,4995711,0
28274,4995711,0
28275,4996586,18
28276,4996003,6
28277,4995711,0
28278,4996003,6
28279,4996003,6
28280,4996440,15
28281,4996586,18
28282,4997169,30
28283,5000084,90
28284,4997460,36
28285,4996003,6
28286,5000084,90
28287,4998043,48
28288,4996003,6
28289,4996003,6
28290,4995711,0
28291,4995711,0
28292,4996586,18
28293,4995711,0
28294,4996003,6
28295,4996440,15
28296,5004169,174
28297,4996003,6
28298,4995711,0
28299,4996003,6
28300,4995711,0
28301,4996003,6
28302,4995711,0
28303,4996003,6
28304,4997169,30
28305,4997460,36
28306,4997897,45
28307,4997023,27
28308,4997169,30
28309,4995711,0
28310,4996003,6
28311,4995711,0
28312,4996003,6
28313,4996440,15
28314,5000521,99
28315,4996440,15
28316,4995711,0
28317,4996003,6
28318,5000084,90
28319,4995711,0
28320,4996003,6
28321,5002563,141
28322,4996003,6
28323,4996003,6
28324,4996003,6
28325,4995711,0
28326,5138747,2904
28327,4996003,6
28328,4996440,15
28329,4996440,15
28330,4996003,6
28331,4996003,6
28332,4996586,18
28333,4996003,6
28334,4996440,15
28335,5002563,141
28336,4997169,30
28337,4996586,18
28338,4996003,6
28339,4996003,6
28340,4996003,6
28341,4996003,6
28342,4997023,27
28343,4996586,18
28344,4997460,36
28345,5040051,909
28346,4995711,0
28347,4996440,15
28348,4995711,0
28349,5000084,90
28350,4996586,18
28351,4996003,6
28352,4997023,27
28353,4995711,0
28354,4996003,6
28355,4995711,0
28356,4995711,0
28357,4995711,0
28358,4996003,6
28359,4996586,18
28360,4995711,0
28361,4995711,0
28362,4995711,0
28363,4997169,30
28364,4995711,0
28365,4997169,30
28366,4998772,63
28367,4997169,30
28368,4996003,6
28369,4996003,6
28370,4996586,18
28371,4997169,30
28372,4997023,27
28373,4995711,0
28374,4996003,6
28375,4995711,0
28376,5000084,90
28377,5040639,921
28378,5001105,111
28379,4996440,15
28380,4997169,30
28381,4995711,0
28382,4996003,6
28383,4996003,6
28384,4996003,6
28385,4996003,6
28386,4997169,30
28387,5000521,99
28388,4996586,18
28389,5001105,111
28390,4996003,6
28391,4995711,0
28392,4996586,18
28393,4996003,6
28394,4996440,15
28395,5016003,417
28396,4996586,18
28397,4997751,42
28398,4996003,6
28399,4996003,6
28400,4995711,0
28401,4995711,0
28402,4995711,0
28403,4997897,45
28404,4996586,18
28405,4995711,0
28406,4996586,18
28407,4996003,6
28408,4995711,0
28409,4996003,6
28410,4996003,6
28411,4995711,0
28412,4996586,18
28413,4997169,30
28414,4996003,6
28415,5003293,156
28416,4996003,6
28417,4995711,0
28418,4996003,6
28419,4997169,30
28420,5002709,144
28421,4995711,0
28422,4996003,6
28423,4997169,30
28424,4998918,66
28425,4996003,6
28426,4996003,6
28427,4995711,0
28428,4995711,0
28429,4996003,6
28430,5027719,657
28431,4996003,6
28432,4996586,18
28433,4995711,0
28434,4996586,18
28435,4996440,15
28436,4996586,18
28437,4995711,0
28438,4995711,0
28439,4996440,15
28440,4996586,18
28441,4998189,51
28442,4996586,18
28443,4996003,6
28444,4997169,30
28445,4996003,6
28446,4996003,6
28447,4996586,18
28448,4995711,0
28449,4996003,6
28450,4996003,6
28451,4997169,30
28452,5001980,129
28453,5002709,144
28454,4997897,45
28455,4996586,18
28456,4996003,6
28457,4995711,0
28458,4996003,6
28459,4997023,27
28460,4995711,0
28461,5000521,99
28462,5002709,144
28463,4997897,45
28464,5002709,144
28465,4996440,15
28466,5001834,126
28467,5010155,297
28468,4996003,6
28469,4995711,0
28470,5000084,90
28471,5024934,600
28472,4996003,6
28473,4996586,18
28474,4997169,30
28475,4997023,27
28476,5018783,474
28477,4996586,18
28478,4995711,0
28479,4995711,0
28480,5000084,90
28481,4995711,0
28482,4996586,18
28483,5002563,141
28484,4997169,30
28485,4996003,6
28486,4997460,36
28487,4995711,0
28488,4996003,6
28489,4995711,0
28490,4996003,6
28491,5006650,225
28492,4995711,0
28493,4996440,15
28494,4996003,6
28495,4996003,6
28496,4996003,6
28497,4996586,18
28498,4996586,18
28499,4996586,18
28500,4996586,18
28501,5000084,90
28502,4996440,15
28503,5000521,99
28504,4995711,0
28505,4995711,0
28506,4996003,6
28507,5002709,144
28508,5000084,90
28509,4996003,6
28510,5002709,144
28511,4995711,0
28512,4997023,27
28513,5002709,144
28514,4995711,0
28515,4996586,18
28516,4997023,27
28517,4997169,30
28518,4995711,0
28519,4995711,0
28520,4997023,27
28521,4996003,6
28522,4996440,15
28523,4995711,0
28524,4995711,0
28525,4995711,0
28526,5003293,156
28527,4995711,0
28528,4995711,0
28529,4996440,15
28530,4996440,15
28531,4995711,0
28532,4995711,0
28533,4995711,0
28534,4995711,0
28535,4996003,6
28536,5000084,90
28537,4997023,27
28538,4996586,18
28539,4996003,6
28540,4995711,0
28541,4996003,6
28542,4996003,6
28543,4995711,0
28544,4996003,6
28545,4995711,0
28546,4996003,6
28547,5006650,225
28548,4995711,0
28549,4996003,6
28550,5008987,273
28551,4996586,18
28552,4996003,6
28553,4997897,45
28554,4996003,6
28555,4996440,15
28556,4996586,18
28557,4996003,6
28558,4996003,6
28559,4995711,0
28560,4998189,51
28561,4996003,6
28562,4996003,6
28563,4998189,51
28564,4995711,0
28565,4995711,0
28566,5001105,111
28567,4996440,15
28568,5001251,114
28569,4996003,6
28570,4996003,6
28571,4997023,27
28572,4995711,0
28573,4995711,0
28574,4996003,6
28575,4996440,15
28576,4997023,27
28577,4995711,0
28578,4996003,6
28579,4995711,0
28580,4996003,6
28581,4996003,6
28582,4995711,0
28583,4995711,0
28584,4996003,6
28585,4995711,0
28586,4995711,0
28587,4995711,0
28588,4997169,30
28589,4997169,30
28590,4996440,15
28591,4998189,51
28592,4996003,6
28593,4995711,0
28594,4995711,0
28595,4995711,0
28596,5000521,99
28597,4996586,18
28598,4997023,27
28599,4996586,18
28600,4995711,0
28601,4998189,51
28602,4996586,18
28603,4996003,6
28604,4996003,6
28605,4996440,15
28606,4996003,6
28607,4996003,6
28608,6159330,21540
28609,4995711,0
28610,4996586,18
28611,4996003,6
28612,4996440,15
28613,5002709,144
28614,4995711,0
28615,4996003,6
28616,4997169,30
28617,5005336,198
28618,4996003,6
28619,4995711,0
28620,4996440,15
28621,5040639,921
28622,4995711,0
28623,5011032,315
28624,4997169,30
28625,4995711,0
28626,4995711,0
28627,4996440,15
28628,4996440,15
28629,4995711,0
28630,5014102,378
28631,5005336,198
28632,4995711,0
28633,4996003,6
28634,4995711,0
28635,4995711,0
28636,4996003,6
28637,4996003,6
28638,4995711,0
28639,5027133,645
28640,4996003,6
28641,5026107,624
28642,4995711,0
28643,4997023,27
28644,4995711,0
28645,4997169,30
28646,4996003,6
28647,5003293,156
28648,4996003,6
28649,5024934,600
28650,4995711,0
28651,4995711,0
28652,4995711,0
28653,4996586,18
28654,4996586,18
28655,4996440,15
28656,4996586,18
28657,4997169,30
28658,4996003,6
28659,5000521,99
28660,5000521,99
28661,4996003,6
28662,4998189,51
28663,4997023,27
28664,4996440,15
28665,4995711,0
28666,4996440,15
28667,4996003,6
28668,4996003,6
28669,4996003,6
28670,4996003,6
28671,4996003,6
28672,4995711,0
28673,4995711,0
28674,4997169,30
28675,4998189,51
28676,4996003,6
28677,4996440,15
28678,4996003,6
28679,4996440,15
28680,4995711,0
28681,4996440,15
28682,4996003,6
28683,5206173,4245
28684,5002709,144
28685,4996003,6
28686,4996003,6
28687,5000084,90
28688,4995711,0
28689,4997460,36
28690,4995711,0
28691,4995711,0
28692,4996440,15
28693,4995711,0
28694,4998189,51
28695,4996003,6
28696,5004169,174
28697,5004023,171
28698,4996003,6
28699,4996003,6
28700,4997169,30
28701,4996003,6
28702,4996440,15
28703,4997169,30
28704,4996586,18
28705,4995711,0
28706,5000521,99
28707,4996003,6
28708,4996003,6
28709,4996003,6
28710,4996003,6
28711,4996003,6
28712,5009133,276
28713,4997169,30
28714,5003293,156
28715,4997169,30
28716,4995711,0
28717,4995711,0
28718,4996586,18
28719,4996003,6
28720,4996003,6
28721,4996586,18
28722,4996003,6
28723,4996003,6
28724,4996003,6
28725,4995711,0
28726,4997751,42
28727,4995711,0
28728,4995711,0
28729,5025374,609
28730,4996003,6
28731,4995711,0
28732,4995711,0
28733,4996003,6
28734,4995711,0
28735,4996586,18
28736,4996003,6
28737,4996003,6
28738,4996586,18
28739,4998189,51
28740,4996440,15
28741,4995711,0
28742,4996003,6
28743,4995711,0
28744,4996440,15
28745,4997751,42
28746,4997751,42
28747,4996003,6
28748,4996003,6
28749,4995711,0
28750,4997169,30
28751,4997169,30
28752,4996003,6
28753,4997751,42
28754,4997023,27
28755,4996586,18
28756,4995711,0
28757,4996003,6
28758,4996003,6
28759,4995711,0
28760,5048288,1077
28761,4996003,6
28762,4995711,0
28763,4996003,6
28764,4998043,48
28765,4995711,0
28766,4995711,0
28767,4997169,30
28768,4996440,15
28769,4996440,15
28770,4996003,6
28771,4996003,6
28772,4996586,18
28773,4996440,15
28774,4996440,15
28775,4997169,30
28776,4996003,6
28777,4996586,18
28778,4995711,0
28779,4996440,15
28780,4996003,6
28781,4997169,30
28782,4996003,6
28783,4996003,6
28784,4996003,6
28785,4996440,15
28786,4996003,6
28787,4996003,6
28788,4997169,30
28789,4995711,0
28790,4996586,18
28791,4996440,15
28792,4996003,6
28793,4996586,18
28794,4996440,15
28795,4996440,15
28796,4996440,15
28797,4996586,18
28798,4997023,27
28799,4996003,6
28800,4995711,0
28801,4996003,6
28802,4995711,0
28803,4995711,0
28804,4996003,6
28805,4995711,0
28806,4995711,0
28807,4995711,0
28808,4996003,6
28809,5000084,90
28810,4997169,30
28811,4996440,15
28812,4995711,0
28813,4996003,6
28814,5017905,456
28815,4996003,6
28816,4996003,6
28817,4995711,0
28818,4996003,6
28819,4995711,0
28820,4995711,0
28821,5025960,621
28822,4995711,0
28823,4996003,6
28824,4995711,0
28825,4996003,6
28826,4995711,0
28827,4995711,0
28828,4996586,18
28829,4996586,18
28830,4997169,30
28831,4996003,6
28832,4997751,42
28833,5005336,198
28834,4996003,6
28835,4997023,27
28836,4995711,0
28837,4996003,6
28838,4996003,6
28839,4996440,15
28840,4995711,0
28841,4998918,66
28842,4997169,30
28843,4996003,6
28844,4995711,0
28845,4997023,27
28846,4996003,6
28847,4995711,0
28848,5000084,90
28849,4995711,0
28850,4995711,0
28851,4996003,6
28852,4996003,6
28853,4996003,6
28854,5002709,144
28855,4995711,0
28856,4995711,0
28857,4995711,0
28858,4997169,30
28859,4996003,6
28860,4996440,15
28861,4997169,30
28862,5001105,111
28863,4996586,18
28864,4996440,15
28865,4996003,6
28866,4996003,6
28867,4996003,6
28868,5003293,156
28869,4998043,48
28870,4996586,18
28871,4997169,30
28872,4995711,0
28873,4996003,6
28874,4996440,15
28875,4996003,6
28876,4997169,30
28877,4996003,6
28878,4996003,6
28879,4997169,30
28880,4995711,0
28881,4996003,6
28882,4995711,0
28883,4996003,6
28884,4995711,0
28885,5002709,144
28886,4996003,6
28887,4995711,0
28888,4995711,0
28889,5000521,99
28890,4997460,36
28891,4997169,30
28892,4997023,27
28893,5000521,99
28894,4996003,6
28895,4995711,0
28896,4998918,66
28897,4996003,6
28898,4996586,18
28899,4996003,6
28900,4996586,18
28901,4996440,15
28902,4995711,0
28903,4996003,6
28904,4996440,15
28905,4995711,0
28906,5037553,858
28907,5000521,99
28908,4996003,6
28909,4996003,6
28910,4996003,6
28911,4996003,6
28912,4996586,18
28913,4996003,6
28914,4996003,6
28915,4995711,0
28916,5000084,90
28917,4997169,30
28918,4996003,6
28919,4996440,15
28920,4996440,15
28921,4997169,30
28922,5000084,90
28923,4995711,0
28924,4996003,6
28925,4996003,6
28926,4996003,6
28927,4997023,27
28928,4998043,48
28929,4996003,6
28930,4997169,30
28931,4995711,0
28932,4996003,6
28933,4996440,15
28934,4996003,6
28935,4995711,0
28936,4996003,6
28937,4999063,69
28938,4997897,45
28939,4996003,6
28940,5000521,99
28941,4996003,6
28942,4995711,0
28943,4995711,0
28944,4998043,48
28945,4996586,18
28946,4997460,36
28947,4998189,51
28948,4995711,0
28949,4996003,6
28950,4997169,30
28951,4995711,0
28952,4996440,15
28953,4996586,18
28954,4996003,6
28955,4996440,15
28956,4996003,6
28957,4996003,6
28958,4996440,15
28959,4996003,6
28960,4996003,6
28961,4996440,15
28962,4995711,0
28963,4996003,6
28964,4996003,6
28965,4996003,6
28966,5000084,90
28967,4996003,6
28968,4996003,6
28969,4995711,0
28970,4996003,6
28971,4996003,6
28972,5000084,90
28973,4995711,0
28974,4997169,30
28975,4995711,0
28976,4996586,18
28977,4997023,27
28978,4995711,0
28979,4996003,6
28980,4996586,18
28981,5002709,144
28982,4996003,6
28983,4995711,0
28984,4996003,6
28985,4995711,0
28986,4996586,18
28987,4996003,6
28988,4996586,18
28989,4995711,0
28990,4995711,0
28991,4996003,6
28992,4996003,6
28993,4996003,6
28994,4996003,6
28995,4996003,6
28996,4995711,0
28997,4996003,6
28998,4996586,18
28999,4996003,6
29000,4997169,30
29001,4996003,6
29002,5003293,156
29003,4995711,0
29004,4997897,45
29005,4995711,0
29006,4996003,6
29007,4996440,15
29008,4997169,30
29009,4995711,0
29010,4996003,6
29011,4995711,0
29012,4995711,0
29013,5005920,210
29014,4995711,0
29015,4998043,48
29016,4997023,27
29017,5011178,318
29018,5000084,90
29019,4996003,6
29020,4997460,36
29021,4996003,6
29022,5002709,144
29023,4996586,18
29024,4996003,6
29025,4996586,18
29026,4995711,0
29027,4996003,6
29028,5001105,111
29029,4996003,6
29030,4996003,6
29031,5006942,231
29032,4997023,27
29033,4995711,0
29034,4996586,18
29035,4995711,0
29036,4995711,0
29037,4995711,0
29038,4996440,15
29039,4996003,6
29040,4997751,42
29041,5010886,312
29042,5000084,90
29043,4995711,0
29044,4996586,18
29045,4996003,6
29046,4996003,6
29047,4995711,0
29048,4996440,15
29049,4996003,6
29050,4995711,0
29051,4996003,6
29052,4997023,27
29053,4997897,45
29054,4997169,30
29055,4996003,6
29056,4996586,18
29057,5001834,126
29058,5132607,2781
29059,4996003,6
29060,4995711,0
29061,4998189,51
29062,4996003,6
29063,4995711,0
29064,4995711,0
29065,4995711,0
29066,4995711,0
29067,4995711,0
29068,4996586,18
29069,5016588,429
29070,4996586,18
29071,5000521,99
29072,5001251,114
29073,4997169,30
29074,4995711,0
29075,4995711,0
29076,4995711,0
29077,4996440,15
29078,4996003,6
29079,4995711,0
29080,4996586,18
29081,4995711,0
29082,4996586,18
29083,4995711,0
29084,4996003,6
29085,4995711,0
29086,4996003,6
29087,4996003,6
29088,4995711,0
29089,4996586,18
29090,4996003,6
29091,4995711,0
29092,4996586,18
29093,5026107,624
29094,4996586,18
29095,4995711,0
29096,4996003,6
29097,4996440,15
29098,4995711,0
29099,4996440,15
29100,4997897,45
29101,5000084,90
29102,4996003,6
29103,4995711,0
29104,4995711,0
29105,4995711,0
29106,4996440,15
29107,4996003,6
29108,4996003,6
29109,4996003,6
29110,5001105,111
29111,4998918,66
29112,4996003,6
29113,4996440,15
29114,4998189,51
29115,4996586,18
29116,4995711,0
29117,4997023,27
29118,5024934,600
29119,4995711,0
29120,4995711,0
29121,4996440,15
29122,4996003,6
29123,4996003,6
29124,4996003,6
29125,4996003,6
29126,4995711,0
29127,4998626,60
29128,4995711,0
29129,5016735,432
29130,4996440,15
29131,5000084,90
29132,4997169,30
29133,5002563,141
29134,4996003,6
29135,4995711,0
29136,4996440,15
29137,4997023,27
29138,4995711,0
29139,4995711,0
29140,4995711,0
29141,4996003,6
29142,4996003,6
29143,4996003,6
29144,4996003,6
29145,4996003,6
29146,4996003,6
29147,4997169,30
29148,4996586,18
29149,4997169,30
29150,4996003,6
29151,4996003,6
29152,4996586,18
29153,4996003,6
29154,4996003,6
29155,4995711,0
29156,4995711,0
29157,4995711,0
29158,4995711,0
29159,4996003,6
29160,4995711,0
29161,5000084,90
29162,4996003,6
29163,4997751,42
29164,4996003,6
29165,4996003,6
29166,4996003,6
29167,4995711,0
29168,4997169,30
29169,4995711,0
29170,4996586,18
29171,4995711,0
29172,4996003,6
29173,4996586,18
29174,4996003,6
29175,4996003,6
29176,5000084,90
29177,4997023,27
29178,4995711,0
29179,4995711,0
29180,4996003,6
29181,4995711,0
29182,4996003,6
29183,4996003,6
29184,4996003,6
29185,4997169,30
29186,4995711,0
29187,5000521,99
29188,4996440,15
29189,4996003,6
29190,4997169,30
29191,4995711,0
29192,4997023,27
29193,4995711,0
29194,4996586,18
29195,4995711,0
29196,5001251,114
29197,4995711,0
29198,4996440,15
29199,4996440,15
29200,4996586,18
29201,4995711,0
29202,5000084,90
29203,5014541,387
29204,5010009,294
29205,4996586,18
29206,4996003,6
29207,4996003,6
29208,5000521,99
29209,4996003,6
29210,4995711,0
29211,4996586,18
29212,4996586,18
29213,4996440,15
29214,4996003,6
29215,4996586,18
29216,4995711,0
29217,4996003,6
29218,5006066,213
29219,4997460,36
29220,5016588,429
29221,4996003,6
29222,4996003,6
29223,4996003,6
29224,4996440,15
29225,4995711,0
29226,4996003,6
29227,4995711,0
29228,4996003,6
29229,4996586,18
29230,4996586,18
29231,4998189,51
29232,5004023,171
29233,4996440,15
29234,4995711,0
29235,5002709,144
29236,4996440,15
29237,4995711,0
29238,4996586,18
29239,4996003,6
29240,4995711,0
29241,4996003,6
29242,4996003,6
29243,4996440,15
29244,5002709,144
29245,4996440,15
29246,4995711,0
29247,4995711,0
29248,4996003,6
29249,4995711,0
29250,4996003,6
29251,4996003,6
29252,5000084,90
29253,4996440,15
29254,4995711,0
29255,4996003,6
29256,4996003,6
29257,4995711,0
29258,4996003,6
29259,4996003,6
29260,4996586,18
29261,4996586,18
29262,4995711,0
29263,4995711,0
29264,4995711,0
29265,4996586,18
29266,4995711,0
29267,4995711,0
29268,4996003,6
29269,4996586,18
29270,4996440,15
29271,4995711,0
29272,4996003,6
29273,4996586,18
29274,5000521,99
29275,4996003,6
29276,5004023,171
29277,5006796,228
29278,4995711,0
29279,4995711,0
29280,4996003,6
29281,4996003,6
29282,4995711,0
29283,4995711,0
29284,4995711,0
29285,4996003,6
29286,4996003,6
29287,4996003,6
29288,5037259,852
29289,4996003,6
29290,4996440,15
29291,4996003,6
29292,4995711,0
29293,4998043,48
29294,4997169,30
29295,4997169,30
29296,5000084,90
29297,5002709,144
29298,4996003,6
29299,4995711,0
29300,4997897,45
29301,4996586,18
29302,4997169,30
29303,4998918,66
29304,4995711,0
29305,4995711,0
29306,5024934,600
29307,4996586,18
29308,4995711,0
29309,5005190,195
29310,4995711,0
29311,5005628,204
29312,4997897,45
29313,4996003,6
29314,4997023,27
29315,4995711,0
29316,5000084,90
29317,4995711,0
29318,4997169,30
29319,4995711,0
29320,4995711,0
29321,4997169,30
29322,4996003,6
29323,4996003,6
29324,4997023,27
29325,4996586,18
29326,4996003,6
29327,5014394,384
29328,4995711,0
29329,5104693,2220
29330,4995711,0
29331,4996003,6
29332,4995711,0
29333,4996003,6
29334,4995711,0
29335,4995711,0
29336,4996440,15
29337,4998189,51
29338,4995711,0
29339,5004023,171
29340,4996440,15
29341,4996003,6
29342,4995711,0
29343,4995711,0
29344,4996586,18
29345,4996003,6
29346,5008256,258
29347,4995711,0
29348,4996003,6
29349,4995711,0
29350,5003293,156
29351,4997169,30
29352,4999063,69
29353,5006066,213
29354,4996586,18
29355,4997460,36
29356,4995711,0
29357,4996003,6
29358,4996003,6
29359,4996003,6
29360,4996440,15
29361,4995711,0
29362,4995711,0
29363,4996003,6
29364,4996586,18
29365,4997460,36
29366,4996003,6
29367,5011178,318
29368,4995711,0
29369,4996440,15
29370,4997169,30
29371,4997169,30
29372,4996003,6
29373,4995711,0
29374,4995711,0
29375,4996003,6
29376,4996440,15
29377,4996003,6
29378,4998043,48
29379,4996440,15
29380,5005044,192
29381,4995711,0
29382,4996586,18
29383,4996003,6
29384,4995711,0
29385,4996440,15
29386,4996586,18
29387,4995711,0
29388,4996586,18
29389,4997169,30
29390,4998043,48
29391,5002709,144
29392,4995711,0
29393,4996586,18
29394,4996003,6
29395,4995711,0
29396,4996440,15
29397,4996003,6
29398,4995711,0
29399,4996003,6
29400,4996003,6
29401,4995711,0
29402,4996003,6
29403,4996440,15
29404,5552272,10866
29405,4996440,15
29406,4996003,6
29407,4997897,45
29408,4996003,6
29409,4996440,15
29410,4995711,0
29411,4996003,6
29412,4997169,30
29413,4995711,0
29414,4997023,27
29415,4996003,6
29416,4997897,45
29417,4996003,6
29418,4996586,18
29419,4995711,0
29420,4996586,18
29421,4996440,15
29422,4995711,0
29423,4996440,15
29424,4995711,0
29425,4995711,0
29426,5093540,1995
29427,4995711,0
29428,4996586,18
29429,4996440,15
29430,4996003,6
29431,4996003,6
29432,4996003,6
29433,4996440,15
29434,4996003,6
29435,4996586,18
29436,4995711,0
29437,4996003,6
29438,4996003,6
29439,4996440,15
29440,4996003,6
29441,4995711,0
29442,4995711,0
29443,4995711,0
29444,4995711,0
29445,4995711,0
29446,5011178,318
29447,4996003,6
29448,4997169,30
29449,4995711,0
29450,4996586,18
29451,4995711,0
29452,4996003,6
29453,4995711,0
29454,4997169,30
29455,4996003,6
29456,5000084,90
29457,4995711,0
29458,5002563,141
29459,4995711,0
29460,4995711,0
29461,4997169,30
29462,5003293,156
29463,4995711,0
29464,4996003,6
29465,4997169,30
29466,5002709,144
29467,4996586,18
29468,4996003,6
29469,4996440,15
29470,4995711,0
29471,4995711,0
29472,4996440,15
29473,4996003,6
29474,4996003,6
29475,4996586,18
29476,4997169,30
29477,4997169,30
29478,4996003,6
29479,4995711,0
29480,5000084,90
29481,4995711,0
29482,4996003,6
29483,4996003,6
29484,4996440,15
29485,4997169,30
29486,4996003,6
29487,4996003,6
29488,4996440,15
29489,4995711,0
29490,4996003,6
29491,4996586,18
29492,4996440,15
29493,4996586,18
29494,4995711,0
29495,4996003,6
29496,4996003,6
29497,4996003,6
29498,5008110,255
29499,4997169,30
29500,4996440,15
29501,4996440,15
29502,4996003,6
29503,4995711,0
29504,4995711,0
29505,4995711,0
29506,4995711,0
29507,5000084,90
29508,4997169,30
29509,4996003,6
29510,4996440,15
29511,4995711,0
29512,4997897,45
29513,4996003,6
29514,4995711,0
29515,4995711,0
29516,4997751,42
29517,4996003,6
29518,4995711,0
29519,4997169,30
29520,4996586,18
29521,4995711,0
29522,4996003,6
29523,4995711,0
29524,4996586,18
29525,4998918,66
29526,4995711,0
29527,4997169,30
29528,4995711,0
29529,4995711,0
29530,4996003,6
29531,4997751,42
29532,4996003,6
29533,4996440,15
29534,4996003,6
29535,4997169,30
29536,4997169,30
29537,4996586,18
29538,4996003,6
29539,4996440,15
29540,4996003,6
29541,4996003,6
29542,4996003,6
29543,4996003,6
29544,4997460,36
29545,4995711,0
29546,4996003,6
29547,4995711,0
29548,4995711,0
29549,4996440,15
29550,4997460,36
29551,4995711,0
29552,4997169,30
29553,4996003,6
29554,4996586,18
29555,5011032,315
29556,4996003,6
29557,4997023,27
29558,4995711,0
29559,4995711,0
29560,5003293,156
29561,4996003,6
29562,4995711,0
29563,4995711,0
29564,4996586,18
29565,5001105,111
29566,4996003,6
29567,4995711,0
29568,4996003,6
29569,5006066,213
29570,4995711,0
29571,4998043,48
29572,4996003,6
29573,5000521,99
29574,4995711,0
29575,5000521,99
29576,4996440,15
29577,4996440,15
29578,4996586,18
29579,4995711,0
29580,4995711,0
29581,4995711,0
29582,5005628,204
29583,4996003,6
29584,4997023,27
29585,4995711,0
29586,4996003,6
29587,4998189,51
29588,4996003,6
29589,4995711,0
29590,4996003,6
29591,4997169,30
29592,5011178,318
29593,4995711,0
29594,4996003,6
29595,4997169,30
29596,4998772,63
29597,5002709,144
29598,4996003,6
29599,4995711,0
29600,4995711,0
29601,4995711,0
29602,4996440,15
29603,4996003,6
29604,5001105,111
29605,4996003,6
29606,4996003,6
29607,4995711,0
29608,4995711,0
29609,4996440,15
29610,4996003,6
29611,4995711,0
29612,4996003,6
29613,4996586,18
29614,4996440,15
29615,4998043,48
29616,4996003,6
29617,4995711,0
29618,4996003,6
29619,4996003,6
29620,4995711,0
29621,4995711,0
29622,4996003,6
29623,4995711,0
29624,5003293,156
29625,4996003,6
29626,4996003,6
29627,4995711,0
29628,5001980,129
29629,4995711,0
29630,4995711,0
29631,4995711,0
29632,4997023,27
29633,4996586,18
29634,4995711,0
29635,4997897,45
29636,4997023,27
29637,4998189,51
29638,4998189,51
29639,4997169,30
29640,4996003,6
29641,4996440,15
29642,4995711,0
29643,5002709,144
29644,5000084,90
29645,4998043,48
29646,4996586,18
29647,4996003,6
29648,4996440,15
29649,4996586,18
29650,4996586,18
29651,4995711,0
29652,4995711,0
29653,4998189,51
29654,4995711,0
29655,4995711,0
29656,4998189,51
29657,4997169,30
29658,4996003,6
29659,4997460,36
29660,4995711,0
29661,4995711,0
29662,4996003,6
29663,4996003,6
29664,4997169,30
29665,4996440,15
29666,4996586,18
29667,4996003,6
29668,5857316,16368
29669,4996586,18
29670,4997023,27
29671,4996586,18
29672,4995711,0
29673,5018783,474
29674,4996003,6
29675,4996003,6
29676,4996003,6
29677,4996003,6
29678,4996003,6
29679,4996003,6
29680,5000084,90
29681,4996003,6
29682,4995711,0
29683,5000521,99
29684,4996440,15
29685,4996440,15
29686,5000084,90
29687,4996003,6
29688,4996003,6
29689,4996003,6
29690,4996003,6
29691,4995711,0
29692,4995711,0
29693,4997169,30
29694,4996003,6
29695,4995711,0
29696,4995711,0
29697,4995711,0
29698,4996586,18
29699,4995711,0
29700,4997169,30
29701,4996003,6
29702,4995711,0
29703,5019076,480
29704,4995711,0
29705,4997897,45
29706,4995711,0
29707,4996440,15
29708,4995711,0
29709,4996003,6
29710,5005336,198
29711,4996003,6
29712,4996440,15
29713,4995711,0
29714,4995711,0
29715,4995711,0
29716,4996586,18
29717,4996586,18
29718,4996003,6
29719,4997460,36
29720,4996003,6
29721,4996003,6
29722,4996003,6
29723,4995711,0
29724,4995711,0
29725,4995711,0
29726,4997460,36
29727,4995711,0
29728,4998772,63
29729,4995711,0
29730,4995711,0
29731,4996003,6
29732,4997169,30
29733,4996003,6
29734,4996440,15
29735,4996586,18
29736,4997169,30
29737,4995711,0
29738,4995711,0
29739,4996586,18
29740,4996003,6
29741,4996440,15
29742,5001105,111
29743,4995711,0
29744,4996003,6
29745,4997169,30
29746,4995711,0
29747,4997897,45
29748,4996003,6
29749,4995711,0
29750,4996440,15
29751,4996440,15
29752,4996586,18
29753,4996586,18
29754,4995711,0
29755,4996440,15
29756,4995711,0
29757,4997169,30
29758,4996440,15
29759,5000521,99
29760,4996003,6
29761,4996586,18
29762,4997023,27
29763,4995711,0
29764,5012494,345
29765,4996440,15
29766,4995711,0
29767,4997169,30
29768,4996003,6
29769,4997897,45
29770,4996003,6
29771,4996440,15
29772,4996003,6
29773,4999792,84
29774,4995711,0
29775,4995711,0
29776,4996003,6
29777,4996440,15
29778,4995711,0
29779,4995711,0
29780,4995711,0
29781,4996003,6
29782,4997023,27
29783,4995711,0
29784,4996440,15
29785,4995711,0
29786,5014102,378
29787,4995711,0
29788,4996440,15
29789,4995711,0
29790,4996003,6
29791,4995711,0
29792,4997460,36
29793,4995711,0
29794,4996440,15
29795,5021126,522
29796,4996586,18
29797,4996003,6
29798,4996440,15
29799,4995711,0
29800,4995711,0
29801,4995711,0
29802,4996003,6
29803,4995711,0
29804,4995711,0
29805,4997169,30
29806,4996003,6
29807,4995711,0
29808,5021272,525
29809,4995711,0
29810,4998918,66
29811,4995711,0
29812,4996586,18
29813,4996003,6
29814,4995711,0
29815,4995711,0
29816,4995711,0
29817,4996003,6
29818,5149248,3114
29819,4997460,36
29820,4996586,18
29821,4995711,0
29822,4996003,6
29823,4998043,48
29824,4996440,15
29825,4995711,0
29826,4996003,6
29827,4996440,15
29828,4996003,6
29829,5026840,639
29830,4996003,6
29831,4996586,18
29832,4995711,0
29833,5000084,90
29834,4996003,6
29835,4997023,27
29836,4995711,0
29837,4997169,30
29838,4998043,48
29839,4996003,6
29840,4996003,6
29841,4995711,0
29842,5004023,171
29843,4996003,6
29844,4995711,0
29845,4996440,15
29846,4996003,6
29847,4996440,15
29848,4997169,30
29849,4998189,51
29850,4997169,30
29851,4996440,15
29852,4995711,0
29853,4996003,6
29854,4996440,15
29855,5010448,303
29856,4996586,18
29857,4996003,6
29858,4997751,42
29859,4995711,0
29860,4995711,0
29861,5000521,99
29862,4997169,30
29863,5025374,609
29864,4996586,18
29865,4996440,15
29866,4996003,6
29867,4996003,6
29868,4996003,6
29869,4997169,30
29870,4995711,0
29871,4997460,36
29872,4996440,15
29873,4995711,0
29874,4997460,36
29875,5000521,99
29876,4997169,30
29877,4995711,0
29878,4997169,30
29879,4995711,0
29880,5015418,405
29881,4996440,15
29882,4995711,0
29883,4996003,6
29884,4996003,6
29885,4996003,6
29886,4996440,15
29887,5000084,90
29888,4997023,27
29889,4998626,60
29890,4996586,18
29891,4996003,6
29892,4996003,6
29893,4996440,15
29894,4996003,6
29895,4999209,72
29896,4997897,45
29897,5018637,471
29898,4995711,0
29899,4995711,0
29900,4995711,0
29901,4996003,6
29902,4997023,27
29903,4996586,18
29904,4997751,42
29905,4995711,0
29906,4995711,0
29907,4998189,51
29908,4996003,6
29909,4995711,0
29910,4995711,0
29911,4996003,6
29912,4996440,15
29913,4996440,15
29914,4998043,48
29915,4995711,0
29916,5002272,135
29917,5000084,90
29918,4996003,6
29919,4995711,0
29920,4996440,15
29921,4996003,6
29922,4995711,0
29923,4995711,0
29924,4996003,6
29925,4997023,27
29926,4997169,30
29927,4996003,6
29928,5005628,204
29929,4996003,6
29930,4995711,0
29931,4996440,15
29932,4996440,15
29933,5014394,384
29934,4995711,0
29935,4996003,6
29936,4995711,0
29937,4996003,6
29938,4997460,36
29939,5014541,387
29940,5000521,99
29941,5000521,99
29942,4995711,0
29943,4996003,6
29944,4995711,0
29945,5001251,114
29946,4996440,15
29947,4996003,6
29948,4996440,15
29949,4996003,6
29950,4997169,30
29951,4996586,18
29952,4996586,18
29953,4996003,6
29954,4995711,0
29955,4996440,15
29956,4995711,0
29957,4996003,6
29958,4996003,6
29959,5000084,90
29960,4996440,15
29961,4996440,15
29962,4997023,27
29963,4997023,27
29964,4996003,6
29965,4999501,78
29966,4995711,0
29967,4996003,6
29968,4996003,6
29969,4997897,45
29970,4996586,18
29971,4995711,0
29972,4995711,0
29973,5002709,144
29974,4995711,0
29975,4995711,0
29976,4996440,15
29977,4996586,18
29978,4996586,18
29979,4996003,6
29980,4996003,6
29981,4996003,6
29982,4996003,6
29983,4997169,30
29984,4996586,18
29985,4996003,6
29986,4996003,6
29987,4996003,6
29988,4995711,0
29989,4996003,6
29990,4995711,0
29991,4996003,6
29992,4996440,15
29993,4996586,18
29994,4996003,6
29995,5000084,90
29996,4995711,0
29997,4995711,0
29998,4996586,18
29999,4995711,0
30000,5000521,99
30001,10000,1500000
30002,10000,1500000
30003,10000,1500000
30004,10000,1500000
30005,10000,1500000
30006,10000,1500000
30007,10000,1500000
30008,10000,1500000
30009,10000,1500000
30010,10000,1500000
30011,10000,1500000
30012,10000,1500000
30013,10000,1500000
30014,10000,1500000
30015,10000,1500000
30016,10000,1500000
30017,10000,1500000
30018,10000,1500000
30019,10000,1500000
30020,10000,1500000
30021,10000,1500000
30022,10000,1500000
30023,10000,1500000
30024,10000,1500000
30025,10000,1500000
30026,10000,1500000
30027,10000,1500000
30028,10000,1500000
30029,10000,1500000
30030,10000,1500000
