1,3333154,135
2,3334255,24
3,3334107,39
4,3334494,0
5,3333154,135
6,3332618,189
7,3334494,0
8,3334494,0
9,3333035,147
10,3334404,9
11,3334136,36
12,3334494,0
13,3334404,9
14,3333719,78
15,3334404,9
16,3334404,9
17,3334404,9
18,3333035,147
19,3333154,135
20,3334255,24
21,3334404,9
22,3334404,9
23,3332588,192
24,3334285,21
25,3334285,21
26,3334404,9
27,3332856,165
28,3333154,135
29,3333154,135
30,3334494,0
31,3334494,0
32,3334494,0
33,3329376,516
34,3333928,57
35,3334255,24
36,3334494,0
37,3334285,21
38,3334404,9
39,3334136,36
40,3334404,9
41,3334494,0
42,3334494,0
43,3334494,0
44,3334107,39
45,3334404,9
46,3334494,0
47,3334494,0
48,3334404,9
49,3334107,39
50,3334404,9
51,3334494,0
52,3325454,912
53,3334255,24
54,3334494,0
55,3334285,21
56,3333898,60
57,3334255,24
58,3333928,57
59,3334404,9
60,3334255,24
61,3333035,147
62,3334107,39
63,3334255,24
64,3334404,9
65,3334107,39
66,3334047,45
67,3334404,9
68,3334107,39
69,3332231,228
70,3334255,24
71,3334494,0
72,3334494,0
73,3334494,0
74,3334494,0
75,3334404,9
76,3334494,0
77,3334494,0
78,3334255,24
79,3334494,0
80,3334285,21
81,3334404,9
82,3334404,9
83,3330744,378
84,3334285,21
85,3334404,9
86,3334494,0
87,3334107,39
88,3333958,54
89,3334494,0
90,3334107,39
91,3333928,57
92,3334494,0
93,3334494,0
94,3334494,0
95,3334107,39
96,3334285,21
97,3334404,9
98,3334494,0
99,3334494,0
100,3334255,24
101,3334285,21
102,3322159,1245
103,3334494,0
104,3334494,0
105,3334404,9
106,3334404,9
107,3334404,9
108,3333928,57
109,3334404,9
110,3334494,0
111,3334285,21
112,3334255,24
113,3334255,24
114,3334255,24
115,3333630,87
116,3333154,135
117,3334285,21
118,3334285,21
119,3334136,36
120,3334047,45
121,3334047,45
122,3334404,9
123,3334255,24
124,3334285,21
125,3333868,63
126,3334404,9
127,3334494,0
128,3334255,24
129,3334285,21
130,3334404,9
131,3334404,9
132,3334404,9
133,3333749,75
134,3332588,192
135,3333690,81
136,3334494,0
137,3329733,480
138,3334494,0
139,3334494,0
140,3334404,9
141,3334107,39
142,3334404,9
143,3334494,0
144,3334494,0
145,3334494,0
146,3334404,9
147,3334136,36
148,3334136,36
149,3332618,189
150,3334404,9
151,3334494,0
152,3333154,135
153,3334404,9
154,3334494,0
155,3334285,21
156,3334494,0
157,3334285,21
158,3334404,9
159,3334494,0
160,3297215,3777
161,3334285,21
162,3334255,24
163,3334404,9
164,3332856,165
165,3334494,0
166,3332440,207
167,3334404,9
168,3330803,372
169,3334285,21
170,3334404,9
171,3334255,24
172,3333868,63
173,3334404,9
174,3330952,357
175,3334255,24
176,3333154,135
177,3334285,21
178,3333898,60
179,3334255,24
180,3334285,21
181,3333928,57
182,3334285,21
183,3334494,0
184,3334285,21
185,3333868,63
186,3333630,87
187,3332440,207
188,3334404,9
189,3334255,24
190,3334404,9
191,3334107,39
192,3334494,0
193,3334285,21
194,3330803,372
195,3334404,9
196,3334494,0
197,3334494,0
198,3334255,24
199,3333868,63
200,3333035,147
201,3334494,0
202,3334494,0
203,3334404,9
204,3334404,9
205,3334494,0
206,3333154,135
207,3334136,36
208,3334404,9
209,3334107,39
210,3334255,24
211,3334404,9
212,3334494,0
213,3334404,9
214,3334494,0
215,3334404,9
216,3332588,192
217,3334404,9
218,3334255,24
219,3334404,9
220,3334047,45
221,3334404,9
222,3334404,9
223,3334404,9
224,3329346,519
225,3334404,9
226,3334404,9
227,3334404,9
228,3333392,111
229,3334285,21
230,3334404,9
231,3334404,9
232,3334285,21
233,3334494,0
234,3334494,0
235,3334404,9
236,3334404,9
237,3333898,60
238,3334285,21
239,3334494,0
240,3334404,9
241,3332023,249
242,3334404,9
243,3334404,9
244,3334285,21
245,3334255,24
246,3334404,9
247,3334255,24
248,3329703,483
249,3331458,306
250,3334404,9
251,3332469,204
252,3334285,21
253,3325276,930
254,3334494,0
255,3333928,57
256,3334285,21
257,3332469,204
258,3333035,147
259,3334494,0
260,3334404,9
261,3333868,63
262,3334404,9
263,3333154,135
264,3333928,57
265,3333868,63
266,3332023,249
267,3334404,9
268,3334404,9
269,3334285,21
270,3334404,9
271,3334285,21
272,3334404,9
273,3334494,0
274,3334255,24
275,3334404,9
276,3333898,60
277,3334404,9
278,3334285,21
279,3334404,9
280,3334494,0
281,3334494,0
282,3334404,9
283,3334494,0
284,3334136,36
285,3334404,9
286,3332678,183
287,3334255,24
288,3334494,0
289,3333154,135
290,3334404,9
291,3334404,9
292,3334494,0
293,3333660,84
294,3334255,24
295,3334494,0
296,3330774,375
297,3334404,9
298,3334494,0
299,3334255,24
300,3334404,9
301,3334404,9
302,3333868,63
303,3334404,9
304,3334494,0
305,3334136,36
306,3333928,57
307,3334404,9
308,3334107,39
309,3334494,0
310,3325454,912
311,3334404,9
312,3332588,192
313,3333868,63
314,3334285,21
315,3334494,0
316,3334107,39
317,3334404,9
318,3334494,0
319,3334494,0
320,3334047,45
321,3334404,9
322,3334494,0
323,3333928,57
324,3334404,9
325,3334285,21
326,3334494,0
327,3334404,9
328,3334494,0
329,3334404,9
330,3334494,0
331,3334285,21
332,3333898,60
333,3334404,9
334,3332440,207
335,3334494,0
336,3334107,39
337,3334285,21
338,3334404,9
339,3334494,0
340,3334404,9
341,3334404,9
342,3333928,57
343,3334285,21
344,3333928,57
345,3334494,0
346,3334494,0
347,3334107,39
348,3334107,39
349,3334107,39
350,3334255,24
351,3334107,39
352,3334285,21
353,3334255,24
354,3334494,0
355,3334404,9
356,3325573,900
357,3334404,9
358,3334494,0
359,3334494,0
360,3333035,147
361,3334285,21
362,3334404,9
363,3290098,4503
364,3325573,900
365,3334404,9
366,3334404,9
367,3334255,24
368,3332588,192
369,3334404,9
370,3334255,24
371,3334285,21
372,3334494,0
373,3327682,687
374,3334494,0
375,3331547,297
376,3334285,21
377,3334255,24
378,3334255,24
379,3334404,9
380,3334494,0
381,3334494,0
382,3334255,24
383,3334404,9
384,3334404,9
385,3334404,9
386,3334494,0
387,3334404,9
388,3334494,0
389,3334494,0
390,3334404,9
391,3334494,0
392,3334136,36
393,3334107,39
394,3334494,0
395,3333928,57
396,3334404,9
397,3334285,21
398,3334107,39
399,3334404,9
400,3334255,24
401,3334255,24
402,3334494,0
403,3334285,21
404,3334404,9
405,3333154,135
406,3334047,45
407,3334494,0
408,3334285,21
409,3334404,9
410,3334404,9
411,3334494,0
412,3334494,0
413,3334404,9
414,3334404,9
415,3333868,63
416,3334285,21
417,3334404,9
418,3334404,9
419,3333868,63
420,3334494,0
421,3334107,39
422,3333154,135
423,3334107,39
424,3334404,9
425,3330803,372
426,3333928,57
427,3334285,21
428,3334404,9
429,3334404,9
430,3334404,9
431,3334285,21
432,3334494,0
433,3334047,45
434,3334255,24
435,3334404,9
436,3334494,0
437,3334404,9
438,3334255,24
439,3334255,24
440,3334107,39
441,3333154,135
442,3334494,0
443,3333958,54
444,3334107,39
445,3332440,207
446,3334494,0
447,3334107,39
448,3334285,21
449,3334494,0
450,3334255,24
451,3334404,9
452,3334136,36
453,3325573,900
454,3334285,21
455,3334404,9
456,3334404,9
457,3334494,0
458,3334494,0
459,3334494,0
460,3330833,369
461,3333928,57
462,3334494,0
463,3334404,9
464,3333035,147
465,3334404,9
466,3334494,0
467,3334404,9
468,3334404,9
469,3334255,24
470,3334107,39
471,3334404,9
472,3334285,21
473,3334255,24
474,3334494,0
475,3334404,9
476,3334494,0
477,3334107,39
478,3334047,45
479,3334047,45
480,3334255,24
481,3334255,24
482,3334404,9
483,3334107,39
484,3334494,0
485,3334494,0
486,3334107,39
487,3334255,24
488,3334255,24
489,3334047,45
490,3332588,192
491,3334404,9
492,3334404,9
493,3334255,24
494,3334494,0
495,3334494,0
496,3333154,135
497,3334404,9
498,3334255,24
499,3334285,21
500,3330803,372
501,3334404,9
502,3333035,147
503,3334494,0
504,3334255,24
505,3334404,9
506,3334494,0
507,3334255,24
508,3334404,9
509,3334404,9
510,3334255,24
511,3334107,39
512,3334494,0
513,3333868,63
514,3334107,39
515,3334285,21
516,3334404,9
517,3334494,0
518,3333928,57
519,3334107,39
520,3333928,57
521,3334494,0
522,3334494,0
523,3334404,9
524,3333719,78
525,3334404,9
526,3334285,21
527,3334107,39
528,3334494,0
529,3334404,9
530,3334494,0
531,3334136,36
532,3334494,0
533,3334285,21
534,3334494,0
535,3334494,0
536,3334404,9
537,3334404,9
538,3334255,24
539,3332261,225
540,3331964,255
541,3334404,9
542,3334255,24
543,3334494,0
544,3334107,39
545,3297863,3711
546,3334404,9
547,3329287,525
548,3332707,180
549,3334494,0
550,3334494,0
551,3334255,24
552,3334494,0
553,3334255,24
554,3334404,9
555,3334494,0
556,3334285,21
557,3334404,9
558,3334404,9
559,3334285,21
560,3334285,21
561,3334404,9
562,3334285,21
563,3334136,36
564,3334404,9
565,3334404,9
566,3334255,24
567,3334404,9
568,3334494,0
569,3334494,0
570,3334404,9
571,3334404,9
572,3334494,0
573,3333154,135
574,3334136,36
575,3334494,0
576,3334494,0
577,3334285,21
578,3334255,24
579,3334255,24
580,3334494,0
581,3334404,9
582,3334255,24
583,3334404,9
584,3333928,57
585,3334255,24
586,3334494,0
587,3332023,249
588,3334494,0
589,3334494,0
590,3334255,24
591,3334494,0
592,3334494,0
593,3334285,21
594,3334404,9
595,3334404,9
596,3334494,0
597,3334136,36
598,3334404,9
599,3334494,0
600,3334494,0
601,3334404,9
602,3334494,0
603,3332886,162
604,3330149,438
605,3334494,0
606,3334285,21
607,3330357,417
608,3334404,9
609,3334404,9
610,3334494,0
611,3334107,39
612,3334404,9
613,3334494,0
614,3334494,0
615,3334107,39
616,3334494,0
617,3334404,9
618,3334404,9
619,3334404,9
620,3334107,39
621,3334404,9
622,3334404,9
623,3334404,9
624,3334494,0
625,3334494,0
626,3334255,24
627,3332588,192
628,3333928,57
629,3334404,9
630,3334494,0
631,3332588,192
632,3280885,5445
633,3334494,0
634,3334255,24
635,3334494,0
636,3334107,39
637,3334404,9
638,3334255,24
639,3334494,0
640,3334404,9
641,3334404,9
642,3334494,0
643,3334404,9
644,3334255,24
645,3334494,0
646,3334285,21
647,3334047,45
648,3333035,147
649,3334494,0
650,3334255,24
651,3334285,21
652,3334107,39
653,3332618,189
654,3334404,9
655,3334404,9
656,3334494,0
657,3334494,0
658,3334494,0
659,3334404,9
660,3334494,0
661,3333719,78
662,3334494,0
663,3334255,24
664,3334494,0
665,3334255,24
666,3334404,9
667,3334255,24
668,3334255,24
669,3334255,24
670,3334494,0
671,3334255,24
672,3334494,0
673,3333958,54
674,3334255,24
675,3334285,21
676,3334494,0
677,3334494,0
678,3334255,24
679,3334494,0
680,3334404,9
681,3334494,0
682,3334494,0
683,3332588,192
684,3334285,21
685,3334404,9
686,3334494,0
687,3334404,9
688,3334494,0
689,3334404,9
690,3334107,39
691,3332440,207
692,3334404,9
693,3334494,0
694,3334494,0
695,3334107,39
696,3334404,9
697,3334404,9
698,3334404,9
699,3334136,36
700,3332440,207
701,3332440,207
702,3326256,831
703,3334255,24
704,3332261,225
705,3333958,54
706,3332588,192
707,3334404,9
708,3334404,9
709,3334255,24
710,3334255,24
711,3334285,21
712,3334404,9
713,3334494,0
714,3334404,9
715,3333928,57
716,3333868,63
717,3334285,21
718,3333035,147
719,3334494,0
720,3328752,579
721,3334285,21
722,3334494,0
723,3334494,0
724,3334404,9
725,3334404,9
726,3333154,135
727,3334255,24
728,3334404,9
729,3334404,9
730,3334494,0
731,3334404,9
732,3333154,135
733,3334255,24
734,3334285,21
735,3332588,192
736,3333154,135
737,3334494,0
738,3334285,21
739,3334107,39
740,3334404,9
741,3334494,0
742,3334494,0
743,3334404,9
744,3334136,36
745,3334494,0
746,3333035,147
747,3322159,1245
748,3334404,9
749,3333898,60
750,3334255,24
751,3334494,0
752,3334255,24
753,3334404,9
754,3333154,135
755,3334285,21
756,3334285,21
757,3334404,9
758,3334494,0
759,3334255,24
760,3334107,39
761,3334255,24
762,3334494,0
763,3334494,0
764,3334107,39
765,3333868,63
766,3334404,9
767,3334494,0
768,3334285,21
769,3334404,9
770,3334494,0
771,3334255,24
772,3334047,45
773,3334255,24
774,3334107,39
775,3334494,0
776,3334494,0
777,3331220,330
778,3334494,0
779,3334494,0
780,3334404,9
781,3334136,36
782,3334404,9
783,3334494,0
784,3334404,9
785,3333928,57
786,3334494,0
787,3334255,24
788,3333035,147
789,3334494,0
790,3334494,0
791,3334404,9
792,3334494,0
793,3334255,24
794,3334107,39
795,3334404,9
796,3334047,45
797,3334404,9
798,3334404,9
799,3334494,0
800,3334107,39
801,3332588,192
802,3334494,0
803,3334494,0
804,3333154,135
805,3334404,9
806,3334494,0
807,3334255,24
808,3334494,0
809,3334107,39
810,3334404,9
811,3334107,39
812,3334404,9
813,3334494,0
814,3334047,45
815,3334404,9
816,3334494,0
817,3332291,222
818,3332678,183
819,3334404,9
820,3333154,135
821,3334285,21
822,3334494,0
823,3332588,192
824,3333154,135
825,3334107,39
826,3334494,0
827,3334255,24
828,3334107,39
829,3334494,0
830,3334494,0
831,3333868,63
832,3334404,9
833,3334285,21
834,3334494,0
835,3334404,9
836,3334404,9
837,3333868,63
838,3334404,9
839,3333154,135
840,3334136,36
841,3333928,57
842,3334404,9
843,3334494,0
844,3334107,39
845,3334107,39
846,3334404,9
847,3334494,0
848,3333154,135
849,3334136,36
850,3334255,24
851,3334494,0
852,3334404,9
853,3334404,9
854,3333690,81
855,3333690,81
856,3334404,9
857,3334255,24
858,3334494,0
859,3334255,24
860,3334494,0
861,3334255,24
862,3334494,0
863,3334285,21
864,3333154,135
865,3334494,0
866,3334255,24
867,3334494,0
868,3334255,24
869,3334255,24
870,3334494,0
871,3334285,21
872,3333035,147
873,3334404,9
874,3334107,39
875,3334107,39
876,3320113,1452
877,3334107,39
878,3333928,57
879,3334136,36
880,3333898,60
881,3334494,0
882,3334494,0
883,3334285,21
884,3334285,21
885,3334404,9
886,3334494,0
887,3334494,0
888,3334494,0
889,3334494,0
890,3334494,0
891,3322337,1227
892,3334285,21
893,3334404,9
894,3334494,0
895,3332678,183
896,3333035,147
897,3334404,9
898,3334107,39
899,3334494,0
900,3334404,9
901,3334404,9
902,3332469,204
903,3334404,9
904,3334255,24
905,3334494,0
906,3334494,0
907,3334404,9
908,3334404,9
909,3333928,57
910,3334494,0
911,3334255,24
912,3334404,9
913,3334494,0
914,3334494,0
915,3334107,39
916,3334404,9
917,3334404,9
918,3334404,9
919,3334255,24
920,3334494,0
921,3334494,0
922,3334494,0
923,3334494,0
924,3334494,0
925,3333690,81
926,3334285,21
927,3334285,21
928,3334404,9
929,3334136,36
930,3334107,39
931,3334285,21
932,3334404,9
933,3334255,24
934,3334107,39
935,3334404,9
936,3334404,9
937,3332618,189
938,3334404,9
939,3334285,21
940,3334404,9
941,3334255,24
942,3331369,315
943,3332886,162
944,3334404,9
945,3334404,9
946,3334494,0
947,3334255,24
948,3334255,24
949,3334107,39
950,3334404,9
951,3334494,0
952,3334255,24
953,3334285,21
954,3334255,24
955,3334404,9
956,3334494,0
957,3333035,147
958,3334494,0
959,3334255,24
960,3332588,192
961,3334255,24
962,3333154,135
963,3334404,9
964,3334107,39
965,3334047,45
966,3328663,588
967,3334494,0
968,3334136,36
969,3333035,147
970,3330833,369
971,3333928,57
972,3334404,9
973,3334404,9
974,3334404,9
975,3331964,255
976,3334494,0
977,3334494,0
978,3334494,0
979,3334404,9
980,3334255,24
981,3334404,9
982,3334494,0
983,3334494,0
984,3334404,9
985,3334107,39
986,3333898,60
987,3333928,57
988,3334494,0
989,3334404,9
990,3334285,21
991,3331964,255
992,3333928,57
993,3334494,0
994,3334494,0
995,3334404,9
996,3334404,9
997,3334404,9
998,3334494,0
999,3334255,24
1000,3334404,9
1001,3334285,21
1002,3334255,24
1003,3334107,39
1004,3334255,24
1005,3332856,165
1006,3334107,39
1007,3334494,0
1008,3334136,36
1009,3334136,36
1010,3334404,9
1011,3334285,21
1012,3334404,9
1013,3332588,192
1014,3334404,9
1015,3331220,330
1016,3334404,9
1017,3334404,9
1018,3334404,9
1019,3280827,5451
1020,3334136,36
1021,3334404,9
1022,3334404,9
1023,3332588,192
1024,3334285,21
1025,3334494,0
1026,3334494,0
1027,3334494,0
1028,3243714,9273
1029,3334494,0
1030,3331726,279
1031,3334404,9
1032,3334404,9
1033,3334494,0
1034,3332469,204
1035,3334404,9
1036,3334404,9
1037,3334404,9
1038,3334494,0
1039,3334107,39
1040,3334285,21
1041,3325573,900
1042,3334494,0
1043,3334255,24
1044,3334285,21
1045,3334285,21
1046,3334494,0
1047,3333154,135
1048,3334404,9
1049,3334494,0
1050,3334404,9
1051,3334494,0
1052,3334404,9
1053,3333868,63
1054,3334404,9
1055,3334404,9
1056,3334255,24
1057,3334404,9
1058,3334494,0
1059,3334107,39
1060,3334404,9
1061,3334494,0
1062,3332588,192
1063,3334285,21
1064,3334404,9
1065,3334494,0
1066,3334404,9
1067,3334494,0
1068,3334404,9
1069,3254652,8142
1070,3334404,9
1071,3332588,192
1072,3332440,207
1073,3334494,0
1074,3332588,192
1075,3334107,39
1076,3332261,225
1077,3334255,24
1078,3332618,189
1079,3334107,39
1080,3334404,9
1081,3334494,0
1082,3334494,0
1083,3334494,0
1084,3331874,264
1085,3334494,0
1086,3334494,0
1087,3334404,9
1088,3332886,162
1089,3334494,0
1090,3334404,9
1091,3334107,39
1092,3334494,0
1093,3332440,207
1094,3334494,0
1095,3334494,0
1096,3334404,9
1097,3334285,21
1098,3334494,0
1099,3334136,36
1100,3334404,9
1101,3333928,57
1102,3334285,21
1103,3334285,21
1104,3334404,9
1105,3334136,36
1106,3334107,39
1107,3334404,9
1108,3333958,54
1109,3334255,24
1110,3334285,21
1111,3332886,162
1112,3328663,588
1113,3333035,147
1114,3334255,24
1115,3334494,0
1116,3334404,9
1117,3334255,24
1118,3334107,39
1119,3334404,9
1120,3334404,9
1121,3334047,45
1122,3334404,9
1123,3334494,0
1124,3334404,9
1125,3334404,9
1126,3334494,0
1127,3334494,0
1128,3334107,39
1129,3332588,192
1130,3334404,9
1131,3334404,9
1132,3334255,24
1133,3334404,9
1134,3334404,9
1135,3334404,9
1136,3334494,0
1137,3334404,9
1138,3334255,24
1139,3334136,36
1140,3333154,135
1141,3334494,0
1142,3334404,9
1143,3334255,24
1144,3334494,0
1145,3334494,0
1146,3334285,21
1147,3334107,39
1148,3334107,39
1149,3334285,21
1150,3334285,21
1151,3334494,0
1152,3334494,0
1153,3333928,57
1154,3334404,9
1155,3334494,0
1156,3334404,9
1157,3327622,693
1158,3332440,207
1159,3334285,21
1160,3334285,21
1161,3334494,0
1162,3333928,57
1163,3332261,225
1164,3334404,9
1165,3333928,57
1166,3334494,0
1167,3334404,9
1168,3334404,9
1169,3334285,21
1170,3334404,9
1171,3334285,21
1172,3334404,9
1173,3334494,0
1174,3334404,9
1175,3334494,0
1176,3334494,0
1177,3334404,9
1178,3334107,39
1179,3334285,21
1180,3334285,21
1181,3333958,54
1182,3334494,0
1183,3334285,21
1184,3334404,9
1185,3334494,0
1186,3334494,0
1187,3333719,78
1188,3334404,9
1189,3334285,21
1190,3334255,24
1191,3334404,9
1192,3332440,207
1193,3334404,9
1194,3333154,135
1195,3334136,36
1196,3334494,0
1197,3285958,4926
1198,3334494,0
1199,3334285,21
1200,3334404,9
1201,3334404,9
1202,3334404,9
1203,3334404,9
1204,3334047,45
1205,3334404,9
1206,3334404,9
1207,3334136,36
1208,3334107,39
1209,3334494,0
1210,3334285,21
1211,3334494,0
1212,3334404,9
1213,3334494,0
1214,3334494,0
1215,3334404,9
1216,3334404,9
1217,3334404,9
1218,3334255,24
1219,3334494,0
1220,3334285,21
1221,3334255,24
1222,3334255,24
1223,3334404,9
1224,3334494,0
1225,3334255,24
1226,3334404,9
1227,3334404,9
1228,3334494,0
1229,3334404,9
1230,3334136,36
1231,3334404,9
1232,3334494,0
1233,3334107,39
1234,3331428,309
1235,3334494,0
1236,3334107,39
1237,3334285,21
1238,3334255,24
1239,3334255,24
1240,3334404,9
1241,3301369,3354
1242,3334404,9
1243,3334285,21
1244,3334494,0
1245,3334285,21
1246,3334494,0
1247,3334404,9
1248,3334255,24
1249,3334404,9
1250,3334107,39
1251,3334494,0
1252,3281325,5400
1253,3334255,24
1254,3334136,36
1255,3333035,147
1256,3334285,21
1257,3334494,0
1258,3334107,39
1259,3334285,21
1260,3334255,24
1261,3334404,9
1262,3334107,39
1263,3321863,1275
1264,3258433,7752
1265,3334404,9
1266,3334494,0
1267,3334494,0
1268,3334255,24
1269,3334404,9
1270,3334255,24
1271,3330357,417
1272,3334404,9
1273,3334404,9
1274,3334494,0
1275,3334404,9
1276,3334285,21
1277,3334285,21
1278,3334285,21
1279,3334107,39
1280,3334255,24
1281,3334404,9
1282,3334285,21
1283,3333660,84
1284,3334404,9
1285,3334404,9
1286,3334494,0
1287,3334285,21
1288,3333154,135
1289,3334285,21
1290,3334404,9
1291,3334404,9
1292,3334285,21
1293,3334255,24
1294,3334494,0
1295,3334285,21
1296,3334404,9
1297,3334404,9
1298,3334255,24
1299,3334494,0
1300,3334285,21
1301,3334404,9
1302,3333868,63
1303,3334285,21
1304,3334494,0
1305,3333154,135
1306,3334404,9
1307,3334404,9
1308,3334494,0
1309,3334136,36
1310,3334285,21
1311,3331220,330
1312,3334107,39
1313,3271611,6396
1314,3334404,9
1315,3334494,0
1316,3334404,9
1317,3334404,9
1318,3334285,21
1319,3333154,135
1320,3334285,21
1321,3334404,9
1322,3331845,267
1323,3330625,390
1324,3334136,36
1325,3334404,9
1326,3334047,45
1327,3334494,0
1328,3334494,0
1329,3334404,9
1330,3332618,189
1331,3332618,189
1332,3333154,135
1333,3334404,9
1334,3334494,0
1335,3334494,0
1336,3334404,9
1337,3333928,57
1338,3334404,9
1339,3334404,9
1340,3334494,0
1341,3333868,63
1342,3333035,147
1343,3334136,36
1344,3332261,225
1345,3334404,9
1346,3334136,36
1347,3334285,21
1348,3334494,0
1349,3321863,1275
1350,3334136,36
1351,3334494,0
1352,3334136,36
1353,3334494,0
1354,3333928,57
1355,3334404,9
1356,3334494,0
1357,3334404,9
1358,3334285,21
1359,3334494,0
1360,3334404,9
1361,3333154,135
1362,3334285,21
1363,3332588,192
1364,3334047,45
1365,3334494,0
1366,3334494,0
1367,3334494,0
1368,3334494,0
1369,3334255,24
1370,3328603,594
1371,3334494,0
1372,3334404,9
1373,3332053,246
1374,3334285,21
1375,3334494,0
1376,3334404,9
1377,3334285,21
1378,3334494,0
1379,3334494,0
1380,3330149,438
1381,3334404,9
1382,3334494,0
1383,3334494,0
1384,3334494,0
1385,3334404,9
1386,3334494,0
1387,3334107,39
1388,3334285,21
1389,3334107,39
1390,3334107,39
1391,3334404,9
1392,3333868,63
1393,3331964,255
1394,3334494,0
1395,3333898,60
1396,3334255,24
1397,3331666,285
1398,3334107,39
1399,3334494,0
1400,3334404,9
1401,3334404,9
1402,3334255,24
1403,3333690,81
1404,3334047,45
1405,3333154,135
1406,3334494,0
1407,3334255,24
1408,3334494,0
1409,3334404,9
1410,3334494,0
1411,3334494,0
1412,3334107,39
1413,3334494,0
1414,3334404,9
1415,3332440,207
1416,3334404,9
1417,3334404,9
1418,3334107,39
1419,3334136,36
1420,3334404,9
1421,3334404,9
1422,3333154,135
1423,3333928,57
1424,3334494,0
1425,3334494,0
1426,3334404,9
1427,3334404,9
1428,3334285,21
1429,3334285,21
1430,3334255,24
1431,3333035,147
1432,3334107,39
1433,3334107,39
1434,3334404,9
1435,3334047,45
1436,3334404,9
1437,3334255,24
1438,3334404,9
1439,3334494,0
1440,3334404,9
1441,3334404,9
1442,3334494,0
1443,3334494,0
1444,3334404,9
1445,3334404,9
1446,3334404,9
1447,3334404,9
1448,3334404,9
1449,3334255,24
1450,3332856,165
1451,3334494,0
1452,3334404,9
1453,3332231,228
1454,3334285,21
1455,3334494,0
1456,3331785,273
1457,3330179,435
1458,3334404,9
1459,3333898,60
1460,3334136,36
1461,3333035,147
1462,3334136,36
1463,3334494,0
1464,3334494,0
1465,3334404,9
1466,3334285,21
1467,3334285,21
1468,3334494,0
1469,3334494,0
1470,3334255,24
1471,3334404,9
1472,3334255,24
1473,3333868,63
1474,3322486,1212
1475,3330506,402
1476,3334404,9
1477,3332261,225
1478,3334107,39
1479,3334404,9
1480,3334107,39
1481,3333928,57
1482,3334285,21
1483,3334494,0
1484,3334494,0
1485,3334404,9
1486,3333035,147
1487,3331309,321
1488,3334107,39
1489,3332588,192
1490,3334107,39
1491,3334107,39
1492,3333035,147
1493,3334494,0
1494,3334285,21
1495,3334255,24
1496,3334494,0
1497,3332588,192
1498,3334404,9
1499,3334404,9
1500,3334494,0
1501,3330833,369
1502,3334255,24
1503,3334494,0
1504,3334404,9
1505,3334404,9
1506,3334404,9
1507,3334404,9
1508,3334494,0
1509,3334404,9
1510,3332856,165
1511,3334494,0
1512,3334404,9
1513,3334494,0
1514,3334404,9
1515,3334285,21
1516,3334285,21
1517,3275148,6033
1518,3334404,9
1519,3334047,45
1520,3333452,105
1521,3334494,0
1522,3334494,0
1523,3334404,9
1524,3334404,9
1525,3334494,0
1526,3334494,0
1527,3334404,9
1528,3334404,9
1529,3333868,63
1530,3334494,0
1531,3334404,9
1532,3333154,135
1533,3334285,21
1534,3334494,0
1535,3334494,0
1536,3332231,228
1537,3333154,135
1538,3334136,36
1539,3334404,9
1540,3334107,39
1541,3334404,9
1542,3334494,0
1543,3334285,21
1544,3334404,9
1545,3334404,9
1546,3334136,36
1547,3334494,0
1548,3334494,0
1549,3334494,0
1550,3332023,249
1551,3334285,21
1552,3334404,9
1553,3334404,9
1554,3333154,135
1555,3334047,45
1556,3334107,39
1557,3334404,9
1558,3333154,135
1559,3334285,21
1560,3334494,0
1561,3325573,900
1562,3334404,9
1563,3334404,9
1564,3334285,21
1565,3334494,0
1566,3334404,9
1567,3334255,24
1568,3333868,63
1569,3334404,9
1570,3333928,57
1571,3334404,9
1572,3333928,57
1573,3332231,228
1574,3334404,9
1575,3334494,0
1576,3334285,21
1577,3333898,60
1578,3334107,39
1579,3334494,0
1580,3334494,0
1581,3334404,9
1582,3333719,78
1583,3333154,135
1584,3334494,0
1585,3333928,57
1586,3334404,9
1587,3334494,0
1588,3334404,9
1589,3334404,9
1590,3334494,0
1591,3334404,9
1592,3334404,9
1593,3334404,9
1594,3330298,423
1595,3334404,9
1596,3333035,147
1597,3334255,24
1598,3334494,0
1599,3334255,24
1600,3334136,36
1601,3332410,210
1602,3334404,9
1603,3333898,60
1604,3334285,21
1605,3334404,9
1606,3334404,9
1607,3334404,9
1608,3334404,9
1609,3334494,0
1610,3334404,9
1611,3334404,9
1612,3334404,9
1613,3334404,9
1614,3334404,9
1615,3334107,39
1616,3334494,0
1617,3334494,0
1618,3334404,9
1619,3334404,9
1620,3329525,501
1621,3334494,0
1622,3334255,24
1623,3334404,9
1624,3333035,147
1625,3334494,0
1626,3334494,0
1627,3334255,24
1628,3334255,24
1629,3333958,54
1630,3334494,0
1631,3334255,24
1632,3334494,0
1633,3334404,9
1634,3334494,0
1635,3334404,9
1636,3334404,9
1637,3334404,9
1638,3334494,0
1639,3333154,135
1640,3334494,0
1641,3334404,9
1642,3334404,9
1643,3334107,39
1644,3334255,24
1645,3334494,0
1646,3334494,0
1647,3334285,21
1648,3332678,183
1649,3333928,57
1650,3334404,9
1651,3334404,9
1652,3334404,9
1653,3334404,9
1654,3334255,24
1655,3334494,0
1656,3334404,9
1657,3334494,0
1658,3334404,9
1659,3334285,21
1660,3332588,192
1661,3334494,0
1662,3334404,9
1663,3334494,0
1664,3334494,0
1665,3334494,0
1666,3334404,9
1667,3332440,207
1668,3331785,273
1669,3334494,0
1670,3334404,9
1671,3334404,9
1672,3334494,0
1673,3334494,0
1674,3333868,63
1675,3334404,9
1676,3334494,0
1677,3334404,9
1678,3334494,0
1679,3334136,36
1680,3334404,9
1681,3334494,0
1682,3334404,9
1683,3334404,9
1684,3334404,9
1685,3334494,0
1686,3334255,24
1687,3334047,45
1688,3331458,306
1689,3334494,0
1690,3334285,21
1691,3334494,0
1692,3334494,0
1693,3333154,135
1694,3334404,9
1695,3334404,9
1696,3334494,0
1697,3334494,0
1698,3334404,9
1699,3332440,207
1700,3334136,36
1701,3334494,0
1702,3334404,9
1703,3334494,0
1704,3334285,21
1705,3334285,21
1706,3334404,9
1707,3334404,9
1708,3334494,0
1709,3334494,0
1710,3334494,0
1711,3334404,9
1712,3334494,0
1713,3334404,9
1714,3334404,9
1715,3328871,567
1716,3334494,0
1717,3333928,57
1718,3334285,21
1719,3334494,0
1720,3334404,9
1721,3334404,9
1722,3334285,21
1723,3334404,9
1724,3334255,24
1725,3333154,135
1726,3334136,36
1727,3334404,9
1728,3332588,192
1729,3334285,21
1730,3334285,21
1731,3334404,9
1732,3334255,24
1733,3334404,9
1734,3334494,0
1735,3334404,9
1736,3334285,21
1737,3334285,21
1738,3334494,0
1739,3334494,0
1740,3334494,0
1741,3334494,0
1742,3334047,45
1743,3334255,24
1744,3334404,9
1745,3334494,0
1746,3334107,39
1747,3332440,207
1748,3334404,9
1749,3333868,63
1750,3334494,0
1751,3334404,9
1752,3334404,9
1753,3334136,36
1754,3334494,0
1755,3334285,21
1756,3334255,24
1757,3334494,0
1758,3334404,9
1759,3334255,24
1760,3321685,1293
1761,3334494,0
1762,3333154,135
1763,3333184,132
1764,3334285,21
1765,3334494,0
1766,3334494,0
1767,3334494,0
1768,3332261,225
1769,3333868,63
1770,3334107,39
1771,3334404,9
1772,3334255,24
1773,3334285,21
1774,3334404,9
1775,3334494,0
1776,3334255,24
1777,3334107,39
1778,3332440,207
1779,3330595,393
1780,3334404,9
1781,3334404,9
1782,3334404,9
1783,3334404,9
1784,3334136,36
1785,3334285,21
1786,3333928,57
1787,3334107,39
1788,3334404,9
1789,3334404,9
1790,3334404,9
1791,3332856,165
1792,3296833,3816
1793,3334107,39
1794,3334107,39
1795,3334404,9
1796,3334404,9
1797,3334494,0
1798,3334404,9
1799,3334494,0
1800,3334404,9
1801,3334285,21
1802,3334494,0
1803,3330060,447
1804,3334494,0
1805,3334107,39
1806,3334404,9
1807,3330119,441
1808,3334494,0
1809,3334404,9
1810,3334404,9
1811,3334494,0
1812,3334404,9
1813,3334494,0
1814,3334404,9
1815,3334285,21
1816,3334494,0
1817,3334255,24
1818,3334107,39
1819,3330536,399
1820,3334404,9
1821,3334255,24
1822,3333392,111
1823,3334404,9
1824,3334494,0
1825,3332023,249
1826,3334107,39
1827,3334494,0
1828,3334404,9
1829,3332440,207
1830,3334404,9
1831,3334494,0
1832,3334404,9
1833,3334255,24
1834,3334494,0
1835,3334404,9
1836,3334494,0
1837,3334255,24
1838,3333571,93
1839,3334494,0
1840,3334255,24
1841,3334404,9
1842,3334494,0
1843,3334494,0
1844,3334494,0
1845,3334404,9
1846,3334136,36
1847,3332588,192
1848,3334494,0
1849,3334404,9
1850,3334285,21
1851,3334285,21
1852,3334494,0
1853,3333035,147
1854,3334285,21
1855,3334494,0
1856,3334494,0
1857,3334494,0
1858,3334285,21
1859,3334285,21
1860,3334404,9
1861,3334494,0
1862,3334107,39
1863,3334404,9
1864,3334285,21
1865,3334404,9
1866,3332440,207
1867,3334494,0
1868,3334494,0
1869,3334107,39
1870,3334404,9
1871,3334404,9
1872,3334494,0
1873,3334107,39
1874,3334404,9
1875,3334494,0
1876,3334107,39
1877,3334494,0
1878,3334285,21
1879,3334404,9
1880,3334255,24
1881,3334107,39
1882,3334404,9
1883,3334494,0
1884,3334404,9
1885,3334255,24
1886,3334107,39
1887,3334404,9
1888,3334136,36
1889,3334404,9
1890,3332261,225
1891,3334404,9
1892,3334494,0
1893,3334404,9
1894,3333154,135
1895,3329881,465
1896,3333958,54
1897,3334047,45
1898,3334136,36
1899,3334136,36
1900,3334136,36
1901,3334494,0
1902,3332261,225
1903,3334255,24
1904,3334404,9
1905,3334285,21
1906,3332440,207
1907,3334047,45
1908,3334107,39
1909,3334107,39
1910,3334107,39
1911,3334494,0
1912,3334136,36
1913,3334494,0
1914,3334285,21
1915,3334404,9
1916,3334404,9
1917,3334404,9
1918,3334494,0
1919,3334494,0
1920,3333719,78
1921,3334404,9
1922,3333690,81
1923,3334494,0
1924,3334494,0
1925,3333154,135
1926,3303050,3183
1927,3334494,0
1928,3334494,0
1929,3334404,9
1930,3334255,24
1931,3334404,9
1932,3334255,24
1933,3334494,0
1934,3334285,21
1935,3334494,0
1936,3334255,24
1937,3334255,24
1938,3334285,21
1939,3334404,9
1940,3334494,0
1941,3334404,9
1942,3334494,0
1943,3334255,24
1944,3334107,39
1945,3334255,24
1946,3334404,9
1947,3334404,9
1948,3334404,9
1949,3334494,0
1950,3331547,297
1951,3334404,9
1952,3331845,267
1953,3334494,0
1954,3334404,9
1955,3334107,39
1956,3332588,192
1957,3334255,24
1958,3332588,192
1959,3334494,0
1960,3333154,135
1961,3334404,9
1962,3334285,21
1963,3334107,39
1964,3334494,0
1965,3334494,0
1966,3334255,24
1967,3334404,9
1968,3334285,21
1969,3334255,24
1970,3334255,24
1971,3334107,39
1972,3334285,21
1973,3334404,9
1974,3334285,21
1975,3334494,0
1976,3334494,0
1977,3334404,9
1978,3334404,9
1979,3334255,24
1980,3334255,24
1981,3310196,2457
1982,3334404,9
1983,3325098,948
1984,3334404,9
1985,3334285,21
1986,3334404,9
1987,3334404,9
1988,3334285,21
1989,3334404,9
1990,3334494,0
1991,3334494,0
1992,3334285,21
1993,3305027,2982
1994,3334285,21
1995,3334255,24
1996,3334494,0
1997,3334404,9
1998,3334404,9
1999,3334404,9
2000,3334404,9
2001,3334404,9
2002,3334494,0
2003,3334494,0
2004,3334494,0
2005,3334404,9
2006,3334404,9
2007,3334285,21
2008,3334494,0
2009,3333690,81
2010,3268866,6678
2011,3334047,45
2012,3334107,39
2013,3334404,9
2014,3334494,0
2015,3334494,0
2016,3334494,0
2017,3334494,0
2018,3334285,21
2019,3333660,84
2020,3334494,0
2021,3334404,9
2022,3334255,24
2023,3333154,135
2024,3334494,0
2025,3334404,9
2026,3332440,207
2027,3333928,57
2028,3334404,9
2029,3334404,9
2030,3334404,9
2031,3334494,0
2032,3334255,24
2033,3334494,0
2034,3333154,135
2035,3333928,57
2036,3334255,24
2037,3332588,192
2038,3322130,1248
2039,3334494,0
2040,3334255,24
2041,3334494,0
2042,3334255,24
2043,3334404,9
2044,3334255,24
2045,3334285,21
2046,3334494,0
2047,3334255,24
2048,3334404,9
2049,3334404,9
2050,3333035,147
2051,3334494,0
2052,3334404,9
2053,3332886,162
2054,3334494,0
2055,3334494,0
2056,3334404,9
2057,3334494,0
2058,3334285,21
2059,3334107,39
2060,3334285,21
2061,3334404,9
2062,3334404,9
2063,3333154,135
2064,3333154,135
2065,3334255,24
2066,3334494,0
2067,3334255,24
2068,3334494,0
2069,3334404,9
2070,3334285,21
2071,3334404,9
2072,3334404,9
2073,3334255,24
2074,3333958,54
2075,3334285,21
2076,3334285,21
2077,3334404,9
2078,3334494,0
2079,3334255,24
2080,3334494,0
2081,3334404,9
2082,3334494,0
2083,3334494,0
2084,3334494,0
2085,3334107,39
2086,3332886,162
2087,3333868,63
2088,3334494,0
2089,3333868,63
2090,3334404,9
2091,3334494,0
2092,3332678,183
2093,3334494,0
2094,3334404,9
2095,3334494,0
2096,3333154,135
2097,3334107,39
2098,3334494,0
2099,3334136,36
2100,3334285,21
2101,3334285,21
2102,3334255,24
2103,3332023,249
2104,3334404,9
2105,3334404,9
2106,3334107,39
2107,3332588,192
2108,3334494,0
2109,3334285,21
2110,3334404,9
2111,3332588,192
2112,3334494,0
2113,3333154,135
2114,3332440,207
2115,3334255,24
2116,3334404,9
2117,3334255,24
2118,3334255,24
2119,3325454,912
2120,3333035,147
2121,3334404,9
2122,3334404,9
2123,3334136,36
2124,3334404,9
2125,3334494,0
2126,3334404,9
2127,3334285,21
2128,3334494,0
2129,3334494,0
2130,3334494,0
2131,3334285,21
2132,3334494,0
2133,3297893,3708
2134,3333868,63
2135,3334404,9
2136,3334404,9
2137,3334494,0
2138,3334136,36
2139,3334107,39
2140,3334107,39
2141,3334404,9
2142,3333154,135
2143,3334404,9
2144,3334285,21
2145,3334404,9
2146,3333035,147
2147,3333958,54
2148,3334107,39
2149,3333868,63
2150,3334255,24
2151,3333660,84
2152,3331845,267
2153,3334494,0
2154,3332023,249
2155,3332231,228
2156,3334494,0
2157,3332588,192
2158,3334404,9
2159,3332588,192
2160,3334404,9
2161,3334404,9
2162,3334255,24
2163,3334494,0
2164,3334494,0
2165,3334494,0
2166,3332588,192
2167,3333511,99
2168,3334107,39
2169,3334404,9
2170,3334255,24
2171,3322159,1245
2172,3333154,135
2173,3334047,45
2174,3330803,372
2175,3333154,135
2176,3334047,45
2177,3334404,9
2178,3333928,57
2179,3334047,45
2180,3334255,24
2181,3334494,0
2182,3334404,9
2183,3334404,9
2184,3334255,24
2185,3334494,0
2186,3334494,0
2187,3334404,9
2188,3334494,0
2189,3334404,9
2190,3332886,162
2191,3334494,0
2192,3334494,0
2193,3334404,9
2194,3329108,543
2195,3333035,147
2196,3334404,9
2197,3334494,0
2198,3334404,9
2199,3334285,21
2200,3333868,63
2201,3334107,39
2202,3333154,135
2203,3334404,9
2204,3334494,0
2205,3332588,192
2206,3332440,207
2207,3334494,0
2208,3333898,60
2209,3334494,0
2210,3334494,0
2211,3334047,45
2212,3334494,0
2213,3334494,0
2214,3333928,57
2215,3333928,57
2216,3334404,9
2217,3334255,24
2218,3334404,9
2219,3334285,21
2220,3334136,36
2221,3334136,36
2222,3334494,0
2223,3331458,306
2224,3334285,21
2225,3334404,9
2226,3334494,0
2227,3333690,81
2228,3281208,5412
2229,3334404,9
2230,3334404,9
2231,3334494,0
2232,3332678,183
2233,3334255,24
2234,3334285,21
2235,3334107,39
2236,3334285,21
2237,3334404,9
2238,3334285,21
2239,3333928,57
2240,3332588,192
2241,3334255,24
2242,3334494,0
2243,3334047,45
2244,3334107,39
2245,3334494,0
2246,3334255,24
2247,3334107,39
2248,3334404,9
2249,3334494,0
2250,3334404,9
2251,3332440,207
2252,3334404,9
2253,3334404,9
2254,3334404,9
2255,3334494,0
2256,3334255,24
2257,3334404,9
2258,3334285,21
2259,3334285,21
2260,3334285,21
2261,3333660,84
2262,3333928,57
2263,3334494,0
2264,3334494,0
2265,3334255,24
2266,3322486,1212
2267,3332291,222
2268,3334255,24
2269,3334404,9
2270,3334494,0
2271,3333035,147
2272,3334404,9
2273,3334494,0
2274,3334494,0
2275,3333154,135
2276,3334404,9
2277,3333868,63
2278,3332440,207
2279,3334404,9
2280,3334255,24
2281,3334255,24
2282,3334285,21
2283,3334107,39
2284,3333035,147
2285,3334107,39
2286,3334255,24
2287,3334255,24
2288,3334494,0
2289,3333868,63
2290,3334404,9
2291,3334404,9
2292,3330209,432
2293,3334404,9
2294,3334107,39
2295,3334404,9
2296,3334494,0
2297,3334494,0
2298,3334494,0
2299,3334494,0
2300,3334255,24
2301,3334255,24
2302,3334494,0
2303,3334404,9
2304,3334255,24
2305,3334255,24
2306,3332023,249
2307,3334255,24
2308,3334255,24
2309,3334404,9
2310,3334494,0
2311,3332618,189
2312,3333154,135
2313,3332588,192
2314,3334285,21
2315,3334494,0
2316,3334404,9
2317,3334404,9
2318,3333868,63
2319,3332588,192
2320,3334494,0
2321,3334255,24
2322,3334404,9
2323,3334494,0
2324,3334107,39
2325,3334255,24
2326,3334404,9
2327,3334404,9
2328,3334494,0
2329,3334255,24
2330,3334255,24
2331,3333035,147
2332,3334494,0
2333,3333035,147
2334,3333035,147
2335,3334404,9
2336,3334494,0
2337,3333928,57
2338,3334404,9
2339,3334494,0
2340,3334494,0
2341,3333868,63
2342,3334255,24
2343,3334404,9
2344,3334404,9
2345,3334404,9
2346,3334404,9
2347,3334494,0
2348,3334404,9
2349,3334255,24
2350,3334494,0
2351,3334285,21
2352,3293419,4164
2353,3334107,39
2354,3334494,0
2355,3334404,9
2356,3334255,24
2357,3332886,162
2358,3334404,9
2359,3334404,9
2360,3334404,9
2361,3334404,9
2362,3334494,0
2363,3334404,9
2364,3334494,0
2365,3332856,165
2366,3334404,9
2367,3334285,21
2368,3334494,0
2369,3334404,9
2370,3334404,9
2371,3334255,24
2372,3333154,135
2373,3325573,900
2374,3334136,36
2375,3334404,9
2376,3334285,21
2377,3332053,246
2378,3334494,0
2379,3258986,7695
2380,3334404,9
2381,3334404,9
2382,3334107,39
2383,3334255,24
2384,3334494,0
2385,3332440,207
2386,3334107,39
2387,3334404,9
2388,3334404,9
2389,3334494,0
2390,3334494,0
2391,3334494,0
2392,3332588,192
2393,3334404,9
2394,3334255,24
2395,3334494,0
2396,3334404,9
2397,3334285,21
2398,3333154,135
2399,3334404,9
2400,3332588,192
2401,3334404,9
2402,3334404,9
2403,3334404,9
2404,3332023,249
2405,3334107,39
2406,3334255,24
2407,3333928,57
2408,3334494,0
2409,3333154,135
2410,3334255,24
2411,3334494,0
2412,3334107,39
2413,3332588,192
2414,3333898,60
2415,3333452,105
2416,3334404,9
2417,3334494,0
2418,3334494,0
2419,3334494,0
2420,3333690,81
2421,3334404,9
2422,3334404,9
2423,3334404,9
2424,3334404,9
2425,3334404,9
2426,3334404,9
2427,3334494,0
2428,3334404,9
2429,3334107,39
2430,3334494,0
2431,3334404,9
2432,3334404,9
2433,3334404,9
2434,3334494,0
2435,3334255,24
2436,3334136,36
2437,3334494,0
2438,3334494,0
2439,3334285,21
2440,3334285,21
2441,3334255,24
2442,3333392,111
2443,3333928,57
2444,3334285,21
2445,3334285,21
2446,3334047,45
2447,3333928,57
2448,3332588,192
2449,3334404,9
2450,3333035,147
2451,3334494,0
2452,3329346,519
2453,3334107,39
2454,3333719,78
2455,3334494,0
2456,3334404,9
2457,3334404,9
2458,3334404,9
2459,3334255,24
2460,3334404,9
2461,3334107,39
2462,3334255,24
2463,3334404,9
2464,3334404,9
2465,3334494,0
2466,3334107,39
2467,3334136,36
2468,3334404,9
2469,3334255,24
2470,3334404,9
2471,3333035,147
2472,3332440,207
2473,3334494,0
2474,3334494,0
2475,3333154,135
2476,3334255,24
2477,3332469,204
2478,3334285,21
2479,3334255,24
2480,3334404,9
2481,3334494,0
2482,3334404,9
2483,3334285,21
2484,3334404,9
2485,3334404,9
2486,3334107,39
2487,3334494,0
2488,3333154,135
2489,3334047,45
2490,3334255,24
2491,3334404,9
2492,3334404,9
2493,3334404,9
2494,3334285,21
2495,3334494,0
2496,3334404,9
2497,3334285,21
2498,3334255,24
2499,3334285,21
2500,3334404,9
2501,3334494,0
2502,3334404,9
2503,3322159,1245
2504,3333630,87
2505,3334285,21
2506,3334285,21
2507,3334494,0
2508,3334255,24
2509,3333928,57
2510,3332588,192
2511,3334255,24
2512,3334404,9
2513,3334285,21
2514,3334255,24
2515,3325098,948
2516,3334047,45
2517,3334404,9
2518,3332618,189
2519,3334255,24
2520,3334404,9
2521,3331785,273
2522,3334494,0
2523,3334136,36
2524,3333035,147
2525,3334494,0
2526,3334255,24
2527,3334255,24
2528,3334494,0
2529,3334404,9
2530,3332588,192
2531,3334255,24
2532,3334404,9
2533,3334047,45
2534,3334404,9
2535,3320914,1371
2536,3334255,24
2537,3334404,9
2538,3334255,24
2539,3334404,9
2540,3334494,0
2541,3333779,72
2542,3334494,0
2543,3334494,0
2544,3334494,0
2545,3334255,24
2546,3334047,45
2547,3334285,21
2548,3282820,5247
2549,3334285,21
2550,3334404,9
2551,3334404,9
2552,3334285,21
2553,3334404,9
2554,3334285,21
2555,3334136,36
2556,3334404,9
2557,3334494,0
2558,3334255,24
2559,3334255,24
2560,3334404,9
2561,3333154,135
2562,3334494,0
2563,3334255,24
2564,3334404,9
2565,3334285,21
2566,3334404,9
2567,3334285,21
2568,3334494,0
2569,3333154,135
2570,3333898,60
2571,3334255,24
2572,3334255,24
2573,3334404,9
2574,3333035,147
2575,3307625,2718
2576,3334285,21
2577,3334404,9
2578,3334404,9
2579,3334285,21
2580,3334494,0
2581,3334255,24
2582,3334404,9
2583,3334285,21
2584,3334285,21
2585,3334285,21
2586,3334404,9
2587,3334494,0
2588,3334404,9
2589,3334404,9
2590,3334107,39
2591,3334494,0
2592,3334404,9
2593,3325454,912
2594,3334404,9
2595,3334107,39
2596,3334285,21
2597,3334404,9
2598,3334494,0
2599,3334494,0
2600,3334494,0
2601,3334494,0
2602,3334494,0
2603,3334494,0
2604,3334285,21
2605,3334404,9
2606,3334255,24
2607,3334404,9
2608,3332886,162
2609,3334494,0
2610,3334494,0
2611,3332856,165
2612,3334107,39
2613,3334107,39
2614,3334404,9
2615,3334494,0
2616,3333868,63
2617,3334285,21
2618,3334404,9
2619,3334255,24
2620,3334404,9
2621,3334494,0
2622,3334404,9
2623,3333928,57
2624,3333035,147
2625,3334255,24
2626,3334494,0
2627,3334494,0
2628,3334255,24
2629,3334285,21
2630,3334285,21
2631,3334494,0
2632,3334494,0
2633,3334494,0
2634,3333452,105
2635,3334404,9
2636,3334494,0
2637,3331220,330
2638,3334494,0
2639,3334285,21
2640,3334494,0
2641,3334404,9
2642,3334404,9
2643,3334255,24
2644,3334404,9
2645,3334404,9
2646,3334107,39
2647,3334285,21
2648,3322486,1212
2649,3334136,36
2650,3333928,57
2651,3334107,39
2652,3333958,54
2653,3333690,81
2654,3334404,9
2655,3334404,9
2656,3334285,21
2657,3334285,21
2658,3334404,9
2659,3334404,9
2660,3334404,9
2661,3333928,57
2662,3332886,162
2663,3334107,39
2664,3334404,9
2665,3334494,0
2666,3334255,24
2667,3334255,24
2668,3334494,0
2669,3333452,105
2670,3334404,9
2671,3333154,135
2672,3332053,246
2673,3334404,9
2674,3334136,36
2675,3334404,9
2676,3334285,21
2677,3333154,135
2678,3334494,0
2679,3334494,0
2680,3334494,0
2681,3334404,9
2682,3334404,9
2683,3334494,0
2684,3334404,9
2685,3334136,36
2686,3334255,24
2687,3334107,39
2688,3334285,21
2689,3333928,57
2690,3334404,9
2691,3334494,0
2692,3332440,207
2693,3334404,9
2694,3334494,0
2695,3334494,0
2696,3334404,9
2697,3334255,24
2698,3334494,0
2699,3334404,9
2700,3334404,9
2701,3258666,7728
2702,3334494,0
2703,3334255,24
2704,3334255,24
2705,3334494,0
2706,3333928,57
2707,3334494,0
2708,3334494,0
2709,3334404,9
2710,3334494,0
2711,3334255,24
2712,3334107,39
2713,3331845,267
2714,3334404,9
2715,3334404,9
2716,3333928,57
2717,3333928,57
2718,3334494,0
2719,3334285,21
2720,3334404,9
2721,3334494,0
2722,3334107,39
2723,3334255,24
2724,3334494,0
2725,3334494,0
2726,3334285,21
2727,3334136,36
2728,3334494,0
2729,3333154,135
2730,3332440,207
2731,3334107,39
2732,3334404,9
2733,3334107,39
2734,3334136,36
2735,3334404,9
2736,3334494,0
2737,3333928,57
2738,3334404,9
2739,3334494,0
2740,3334404,9
2741,3334404,9
2742,3334494,0
2743,3334404,9
2744,3334285,21
2745,3334404,9
2746,3334494,0
2747,3334255,24
2748,3332618,189
2749,3334404,9
2750,3334494,0
2751,3333154,135
2752,3334107,39
2753,3334255,24
2754,3334404,9
2755,3334285,21
2756,3334494,0
2757,3334404,9
2758,3334404,9
2759,3334255,24
2760,3322337,1227
2761,3329287,525
2762,3334494,0
2763,3334404,9
2764,3334107,39
2765,3334404,9
2766,3334494,0
2767,3334136,36
2768,3333928,57
2769,3334404,9
2770,3334494,0
2771,3332440,207
2772,3334404,9
2773,3334404,9
2774,3334285,21
2775,3334404,9
2776,3334136,36
2777,3334404,9
2778,3333035,147
2779,3334494,0
2780,3256949,7905
2781,3334255,24
2782,3334404,9
2783,3334494,0
2784,3334404,9
2785,3334404,9
2786,3334494,0
2787,3334494,0
2788,3334255,24
2789,3334255,24
2790,3334494,0
2791,3334285,21
2792,3334494,0
2793,3334107,39
2794,3333035,147
2795,3333690,81
2796,3334494,0
2797,3332231,228
2798,3334255,24
2799,3334255,24
2800,3334494,0
2801,3332886,162
2802,3334404,9
2803,3334494,0
2804,3334404,9
2805,3334494,0
2806,3334494,0
2807,3333035,147
2808,3334404,9
2809,3334494,0
2810,3331785,273
2811,3334285,21
2812,3334107,39
2813,3334494,0
2814,3334404,9
2815,3334404,9
2816,3334404,9
2817,3334494,0
2818,3334255,24
2819,3334404,9
2820,3334285,21
2821,3334494,0
2822,3334285,21
2823,3334404,9
2824,3334494,0
2825,3334494,0
2826,3334107,39
2827,3333035,147
2828,3334285,21
2829,3334494,0
2830,3334285,21
2831,3333154,135
2832,3334494,0
2833,3334494,0
2834,3334494,0
2835,3334404,9
2836,3334404,9
2837,3334404,9
2838,3334255,24
2839,3334494,0
2840,3334136,36
2841,3334285,21
2842,3334404,9
2843,3334404,9
2844,3334404,9
2845,3333928,57
2846,3334494,0
2847,3334047,45
2848,3334285,21
2849,3334494,0
2850,3332261,225
2851,3334255,24
2852,3334255,24
2853,3332886,162
2854,3334404,9
2855,3334494,0
2856,3334494,0
2857,3334404,9
2858,3334285,21
2859,3334494,0
2860,3333868,63
2861,3334494,0
2862,3334404,9
2863,3325305,927
2864,3334255,24
2865,3334494,0
2866,3332886,162
2867,3334404,9
2868,3334136,36
2869,3334404,9
2870,3334494,0
2871,3334285,21
2872,3334404,9
2873,3334404,9
2874,3334255,24
2875,3334285,21
2876,3329317,522
2877,3334404,9
2878,3334494,0
2879,3334404,9
2880,3334494,0
2881,3334404,9
2882,3334494,0
2883,3334404,9
2884,3334255,24
2885,3334404,9
2886,3334107,39
2887,3334494,0
2888,3334285,21
2889,3334255,24
2890,3333898,60
2891,3334404,9
2892,3334404,9
2893,3334285,21
2894,3334404,9
2895,3334404,9
2896,3334494,0
2897,3334255,24
2898,3334494,0
2899,3333868,63
2900,3334494,0
2901,3334494,0
2902,3334494,0
2903,3332886,162
2904,3334494,0
2905,3334404,9
2906,3333898,60
2907,3334255,24
2908,3334494,0
2909,3334255,24
2910,3334404,9
2911,3334494,0
2912,3334404,9
2913,3334404,9
2914,3334494,0
2915,3334285,21
2916,3334404,9
2917,3334404,9
2918,3334107,39
2919,3334285,21
2920,3334494,0
2921,3334107,39
2922,3334404,9
2923,3334255,24
2924,3334494,0
2925,3334107,39
2926,3334404,9
2927,3334404,9
2928,3334404,9
2929,3333452,105
2930,3334107,39
2931,3334107,39
2932,3334047,45
2933,3334494,0
2934,3333660,84
2935,3334404,9
2936,3334494,0
2937,3334107,39
2938,3334494,0
2939,3334285,21
2940,3332618,189
2941,3334136,36
2942,3334404,9
2943,3334285,21
2944,3334404,9
2945,3334404,9
2946,3334255,24
2947,3334494,0
2948,3330714,381
2949,3293390,4167
2950,3334404,9
2951,3325573,900
2952,3334404,9
2953,3334404,9
2954,3334285,21
2955,3334404,9
2956,3334404,9
2957,3334255,24
2958,3334494,0
2959,3334494,0
2960,3334404,9
2961,3334404,9
2962,3334404,9
2963,3333154,135
2964,3334285,21
2965,3334255,24
2966,3334404,9
2967,3332886,162
2968,3334494,0
2969,3334107,39
2970,3334255,24
2971,3213241,12444
2972,3334494,0
2973,3334404,9
2974,3334136,36
2975,3334285,21
2976,3334404,9
2977,3334404,9
2978,3334404,9
2979,3334404,9
2980,3334404,9
2981,3334494,0
2982,3334404,9
2983,3334404,9
2984,3334404,9
2985,3334494,0
2986,3334494,0
2987,3334404,9
2988,3334494,0
2989,3334404,9
2990,3334494,0
2991,3334404,9
2992,3334494,0
2993,3334494,0
2994,3334136,36
2995,3334494,0
2996,3334404,9
2997,3274388,6111
2998,3334494,0
2999,3334255,24
3000,3334404,9
3001,3334404,9
3002,3334494,0
3003,3334107,39
3004,3334404,9
3005,3334255,24
3006,3334404,9
3007,3334404,9
3008,3332856,165
3009,3334494,0
3010,3334255,24
3011,3334404,9
3012,3334494,0
3013,3334404,9
3014,3334404,9
3015,3333898,60
3016,3334404,9
3017,3334136,36
3018,3325454,912
3019,3334494,0
3020,3333690,81
3021,3334404,9
3022,3334494,0
3023,3334404,9
3024,3334285,21
3025,3334404,9
3026,3334404,9
3027,3334494,0
3028,3332588,192
3029,3334285,21
3030,3334404,9
3031,3334494,0
3032,3334255,24
3033,3333868,63
3034,3283553,5172
3035,3334285,21
3036,3334404,9
3037,3334404,9
3038,3333690,81
3039,3334494,0
3040,3334404,9
3041,3334404,9
3042,3334404,9
3043,3334255,24
3044,3334255,24
3045,3334404,9
3046,3334494,0
3047,3334404,9
3048,3334404,9
3049,3330803,372
3050,3334404,9
3051,3334494,0
3052,3334285,21
3053,3332231,228
3054,3334107,39
3055,3334255,24
3056,3334404,9
3057,3334404,9
3058,3334285,21
3059,3333035,147
3060,3334255,24
3061,3334494,0
3062,3334494,0
3063,3331458,306
3064,3334047,45
3065,3334285,21
3066,3333928,57
3067,3334404,9
3068,3334494,0
3069,3334255,24
3070,3334494,0
3071,3334404,9
3072,3334255,24
3073,3334404,9
3074,3334404,9
3075,3334494,0
3076,3334404,9
3077,3333154,135
3078,3334494,0
3079,3334255,24
3080,3332588,192
3081,3334494,0
3082,3334285,21
3083,3331131,339
3084,3334136,36
3085,3334285,21
3086,3334494,0
3087,3334494,0
3088,3267961,6771
3089,3334107,39
3090,3334494,0
3091,3334404,9
3092,3334404,9
3093,3334494,0
3094,3333154,135
3095,3332678,183
3096,3334404,9
3097,3333868,63
3098,3334494,0
3099,3334285,21
3100,3334255,24
3101,3334404,9
3102,3334404,9
3103,3334107,39
3104,3334494,0
3105,3334255,24
3106,3334404,9
3107,3334404,9
3108,3334404,9
3109,3334255,24
3110,3334494,0
3111,3334255,24
3112,3334494,0
3113,3334255,24
3114,3334494,0
3115,3334404,9
3116,3334255,24
3117,3334404,9
3118,3334404,9
3119,3330833,369
3120,3334285,21
3121,3334285,21
3122,3334404,9
3123,3334285,21
3124,3334494,0
3125,3334494,0
3126,3334404,9
3127,3334494,0
3128,3334255,24
3129,3334404,9
3130,3334494,0
3131,3334404,9
3132,3334404,9
3133,3334255,24
3134,3334404,9
3135,3307094,2772
3136,3334047,45
3137,3334255,24
3138,3334404,9
3139,3334136,36
3140,3334107,39
3141,3334285,21
3142,3334494,0
3143,3334404,9
3144,3334255,24
3145,3334404,9
3146,3334404,9
3147,3334404,9
3148,3330922,360
3149,3332588,192
3150,3334494,0
3151,3334494,0
3152,3334404,9
3153,3334404,9
3154,3334136,36
3155,3334107,39
3156,3334255,24
3157,3333035,147
3158,3329763,477
3159,3334494,0
3160,3334494,0
3161,3334404,9
3162,3334136,36
3163,3334107,39
3164,3334494,0
3165,3333958,54
3166,3333958,54
3167,3333719,78
3168,3334404,9
3169,3334107,39
3170,3334107,39
3171,3334404,9
3172,3333928,57
3173,3334494,0
3174,3334255,24
3175,3332588,192
3176,3334285,21
3177,3334285,21
3178,3334255,24
3179,3334255,24
3180,3333154,135
3181,3334404,9
3182,3334404,9
3183,3334404,9
3184,3334285,21
3185,3334107,39
3186,3334404,9
3187,3334255,24
3188,3334404,9
3189,3325573,900
3190,3334494,0
3191,3334285,21
3192,3334136,36
3193,3334285,21
3194,3334404,9
3195,3334404,9
3196,3334285,21
3197,3334404,9
3198,3327741,681
3199,3333154,135
3200,3334404,9
3201,3333928,57
3202,3332588,192
3203,3333868,63
3204,3332588,192
3205,3334404,9
3206,3334285,21
3207,3334494,0
3208,3334255,24
3209,3334255,24
3210,3334404,9
3211,3333154,135
3212,3334404,9
3213,3332023,249
3214,3334404,9
3215,3334255,24
3216,3334107,39
3217,3334107,39
3218,3334047,45
3219,3334404,9
3220,3334255,24
3221,3334404,9
3222,3334047,45
3223,3334494,0
3224,3330803,372
3225,3334107,39
3226,3334404,9
3227,3334404,9
3228,3334404,9
3229,3334404,9
3230,3334404,9
3231,3334494,0
3232,3334047,45
3233,3333928,57
3234,3334107,39
3235,3334047,45
3236,3333898,60
3237,3334107,39
3238,3334136,36
3239,3334494,0
3240,3334404,9
3241,3334404,9
3242,3334255,24
3243,3333868,63
3244,3334494,0
3245,3334136,36
3246,3334494,0
3247,3332588,192
3248,3334494,0
3249,3334404,9
3250,3334255,24
3251,3334285,21
3252,3334255,24
3253,3334494,0
3254,3334494,0
3255,3334136,36
3256,3334285,21
3257,3334107,39
3258,3334047,45
3259,3334494,0
3260,3334404,9
3261,3334255,24
3262,3334494,0
3263,3332886,162
3264,3334494,0
3265,3334404,9
3266,3334404,9
3267,3334404,9
3268,3334494,0
3269,3334494,0
3270,3334404,9
3271,3332588,192
3272,3334404,9
3273,3334107,39
3274,3334285,21
3275,3334494,0
3276,3334404,9
3277,3334404,9
3278,3334494,0
3279,3334255,24
3280,3334255,24
3281,3325098,948
3282,3334404,9
3283,3334494,0
3284,3334494,0
3285,3334255,24
3286,3334494,0
3287,3334255,24
3288,3334494,0
3289,3334107,39
3290,3334404,9
3291,3334404,9
3292,3334494,0
3293,3334494,0
3294,3334494,0
3295,3334255,24
3296,3334494,0
3297,3334404,9
3298,3334285,21
3299,3334255,24
3300,3334404,9
3301,3334285,21
3302,3334494,0
3303,3334494,0
3304,3334494,0
3305,3331636,288
3306,3334404,9
3307,3334404,9
3308,3334255,24
3309,3334494,0
3310,3334255,24
3311,3334494,0
3312,3334404,9
3313,3334494,0
3314,3334494,0
3315,3334107,39
3316,3334404,9
3317,3334404,9
3318,3334255,24
3319,3334107,39
3320,3334404,9
3321,3334285,21
3322,3334107,39
3323,3334494,0
3324,3334404,9
3325,3334255,24
3326,3334404,9
3327,3334285,21
3328,3334494,0
3329,3334494,0
3330,3334255,24
3331,3334404,9
3332,3332440,207
3333,3334404,9
3334,3334404,9
3335,3334494,0
3336,3334136,36
3337,3334404,9
3338,3334255,24
3339,3334255,24
3340,3334494,0
3341,3334285,21
3342,3334404,9
3343,3334494,0
3344,3334404,9
3345,3334285,21
3346,3334255,24
3347,3334494,0
3348,3330298,423
3349,3334107,39
3350,3334494,0
3351,3334285,21
3352,3334285,21
3353,3334404,9
3354,3334404,9
3355,3334404,9
3356,3334404,9
3357,3334107,39
3358,3334494,0
3359,3334404,9
3360,3334404,9
3361,3334494,0
3362,3334494,0
3363,3334404,9
3364,3334404,9
3365,3334494,0
3366,3333898,60
3367,3334404,9
3368,3334255,24
3369,3334404,9
3370,3334404,9
3371,3334404,9
3372,3334404,9
3373,3334047,45
3374,3334107,39
3375,3333630,87
3376,3334404,9
3377,3334404,9
3378,3334136,36
3379,3334404,9
3380,3333630,87
3381,3332678,183
3382,3332261,225
3383,3334494,0
3384,3333392,111
3385,3334404,9
3386,3306503,2832
3387,3334494,0
3388,3289451,4569
3389,3334404,9
3390,3334404,9
3391,3334404,9
3392,3320676,1395
3393,3334404,9
3394,3334285,21
3395,3334494,0
3396,3334404,9
3397,3330506,402
3398,3334494,0
3399,3334404,9
3400,3334494,0
3401,3333660,84
3402,3334255,24
3403,3334107,39
3404,3334494,0
3405,3332440,207
3406,3334404,9
3407,3333154,135
3408,3334404,9
3409,3334494,0
3410,3334494,0
3411,3334107,39
3412,3334107,39
3413,3332023,249
3414,3334494,0
3415,3334255,24
3416,3334404,9
3417,3334494,0
3418,3332588,192
3419,3331845,267
3420,3334494,0
3421,3334285,21
3422,3334107,39
3423,3334404,9
3424,3333154,135
3425,3333154,135
3426,3334107,39
3427,3334404,9
3428,3334255,24
3429,3334285,21
3430,3333779,72
3431,3334404,9
3432,3334494,0
3433,3334255,24
3434,3334404,9
3435,3334404,9
3436,3334107,39
3437,3334404,9
3438,3334404,9
3439,3334404,9
3440,3333928,57
3441,3334404,9
3442,3334255,24
3443,3334404,9
3444,3334494,0
3445,3334404,9
3446,3334494,0
3447,3334494,0
3448,3334136,36
3449,3334404,9
3450,3334404,9
3451,3334255,24
3452,3334404,9
3453,3327147,741
3454,3334494,0
3455,3333868,63
3456,3334255,24
3457,3334404,9
3458,3334107,39
3459,3334404,9
3460,3334494,0
3461,3334255,24
3462,3334285,21
3463,3334404,9
3464,3334404,9
3465,3334285,21
3466,3333690,81
3467,3334494,0
3468,3334404,9
3469,3334494,0
3470,3334494,0
3471,3334404,9
3472,3334285,21
3473,3334494,0
3474,3334404,9
3475,3333898,60
3476,3334255,24
3477,3334494,0
3478,3334285,21
3479,3334404,9
3480,3334494,0
3481,3334494,0
3482,3334494,0
3483,3334255,24
3484,3281325,5400
3485,3323198,1140
3486,3334285,21
3487,3334494,0
3488,3334404,9
3489,3332053,246
3490,3333154,135
3491,3334255,24
3492,3334047,45
3493,3334494,0
3494,3334285,21
3495,3334404,9
3496,3334494,0
3497,3334285,21
3498,3334404,9
3499,3334494,0
3500,3334404,9
3501,3332261,225
3502,3334255,24
3503,3334404,9
3504,3334404,9
3505,3334404,9
3506,3334494,0
3507,3334494,0
3508,3334494,0
3509,3334136,36
3510,3334404,9
3511,3334494,0
3512,3334494,0
3513,3334404,9
3514,3332440,207
3515,3334285,21
3516,3334255,24
3517,3334255,24
3518,3334494,0
3519,3334404,9
3520,3334494,0
3521,3334494,0
3522,3334404,9
3523,3334255,24
3524,3334285,21
3525,3334255,24
3526,3332440,207
3527,3334107,39
3528,3334494,0
3529,3334404,9
3530,3334494,0
3531,3334494,0
3532,3332440,207
3533,3333958,54
3534,3334494,0
3535,3334494,0
3536,3334404,9
3537,3334494,0
3538,3325573,900
3539,3334255,24
3540,3334285,21
3541,3334404,9
3542,3334404,9
3543,3334494,0
3544,3334285,21
3545,3334494,0
3546,3333928,57
3547,3334255,24
3548,3334107,39
3549,3294008,4104
3550,3334404,9
3551,3334047,45
3552,3332231,228
3553,3332261,225
3554,3334494,0
3555,3334404,9
3556,3334255,24
3557,3334494,0
3558,3334494,0
3559,3334404,9
3560,3334047,45
3561,3334255,24
3562,3333035,147
3563,3334404,9
3564,3334494,0
3565,3334047,45
3566,3334285,21
3567,3334404,9
3568,3334404,9
3569,3334404,9
3570,3334494,0
3571,3334285,21
3572,3334107,39
3573,3334107,39
3574,3334285,21
3575,3334255,24
3576,3330357,417
3577,3332440,207
3578,3333035,147
3579,3334494,0
3580,3332440,207
3581,3334494,0
3582,3334494,0
3583,3334494,0
3584,3334404,9
3585,3334404,9
3586,3334494,0
3587,3334494,0
3588,3332856,165
3589,3333928,57
3590,3332440,207
3591,3334494,0
3592,3334494,0
3593,3334136,36
3594,3334494,0
3595,3333481,102
3596,3334494,0
3597,3334255,24
3598,3334285,21
3599,3334404,9
3600,3334494,0
3601,3334255,24
3602,3334404,9
3603,3334107,39
3604,3334494,0
3605,3334494,0
3606,3334404,9
3607,3333065,144
3608,3333154,135
3609,3334494,0
3610,3334285,21
3611,3334404,9
3612,3334255,24
3613,3334255,24
3614,3332469,204
3615,3334255,24
3616,3334404,9
3617,3333154,135
3618,3325454,912
3619,3330238,429
3620,3333035,147
3621,3334404,9
3622,3334404,9
3623,3296774,3822
3624,3334404,9
3625,3334494,0
3626,3334494,0
3627,3334494,0
3628,3334285,21
3629,3333630,87
3630,3334404,9
3631,3334107,39
3632,3334404,9
3633,3334404,9
3634,3322486,1212
3635,3330149,438
3636,3334404,9
3637,3334404,9
3638,3334255,24
3639,3334255,24
3640,3334285,21
3641,3334494,0
3642,3334107,39
3643,3334494,0
3644,3334107,39
3645,3334136,36
3646,3333035,147
3647,3332588,192
3648,3334404,9
3649,3333154,135
3650,3334404,9
3651,3332440,207
3652,3334494,0
3653,3334494,0
3654,3334255,24
3655,3332618,189
3656,3334255,24
3657,3334494,0
3658,3334404,9
3659,3334494,0
3660,3330803,372
3661,3334404,9
3662,3334494,0
3663,3325305,927
3664,3334404,9
3665,3334404,9
3666,3325573,900
3667,3333928,57
3668,3334404,9
3669,3330803,372
3670,3334255,24
3671,3334494,0
3672,3334255,24
3673,3334404,9
3674,3333481,102
3675,3334107,39
3676,3334404,9
3677,3334285,21
3678,3334494,0
3679,3327920,663
3680,3334494,0
3681,3334285,21
3682,3334285,21
3683,3334285,21
3684,3334494,0
3685,3334107,39
3686,3334494,0
3687,3332440,207
3688,3334494,0
3689,3334285,21
3690,3334494,0
3691,3334494,0
3692,3334255,24
3693,3334404,9
3694,3334404,9
3695,3334494,0
3696,3334285,21
3697,3334404,9
3698,3334404,9
3699,3334107,39
3700,3334404,9
3701,3334494,0
3702,3334494,0
3703,3334494,0
3704,3334255,24
3705,3334494,0
3706,3334047,45
3707,3334285,21
3708,3334255,24
3709,3332588,192
3710,3334404,9
3711,3334494,0
3712,3334494,0
3713,3334404,9
3714,3334494,0
3715,3334404,9
3716,3334494,0
3717,3334494,0
3718,3334285,21
3719,3334494,0
3720,3334404,9
3721,3334494,0
3722,3334404,9
3723,3334404,9
3724,3334404,9
3725,3334494,0
3726,3334255,24
3727,3334494,0
3728,3334404,9
3729,3333154,135
3730,3334494,0
3731,3333154,135
3732,3334494,0
3733,3334494,0
3734,3334494,0
3735,3334404,9
3736,3334404,9
3737,3333035,147
3738,3334404,9
3739,3334404,9
3740,3334404,9
3741,3333154,135
3742,3334404,9
3743,3334404,9
3744,3333898,60
3745,3333928,57
3746,3334494,0
3747,3334404,9
3748,3334285,21
3749,3334404,9
3750,3334404,9
3751,3334285,21
3752,3332886,162
3753,3334404,9
3754,3334404,9
3755,3334255,24
3756,3334136,36
3757,3334285,21
3758,3334107,39
3759,3334494,0
3760,3334404,9
3761,3334404,9
3762,3334404,9
3763,3334494,0
3764,3332261,225
3765,3334107,39
3766,3332469,204
3767,3334494,0
3768,3333719,78
3769,3334494,0
3770,3334047,45
3771,3334255,24
3772,3334404,9
3773,3334404,9
3774,3334494,0
3775,3334494,0
3776,3334494,0
3777,3334404,9
3778,3334494,0
3779,3330625,390
3780,3334404,9
3781,3334255,24
3782,3334404,9
3783,3334404,9
3784,3334285,21
3785,3334285,21
3786,3334255,24
3787,3334255,24
3788,3334404,9
3789,3334285,21
3790,3333868,63
3791,3334404,9
3792,3332023,249
3793,3334285,21
3794,3334404,9
3795,3334494,0
3796,3334255,24
3797,3334404,9
3798,3334255,24
3799,3334255,24
3800,3334404,9
3801,3334404,9
3802,3334404,9
3803,3334255,24
3804,3334494,0
3805,3334494,0
3806,3334494,0
3807,3334404,9
3808,3334494,0
3809,3333154,135
3810,3333868,63
3811,3333868,63
3812,3333868,63
3813,3334404,9
3814,3334255,24
3815,3334404,9
3816,3334255,24
3817,3334494,0
3818,3334494,0
3819,3334494,0
3820,3334404,9
3821,3334107,39
3822,3334285,21
3823,3334404,9
3824,3334404,9
3825,3334255,24
3826,3333868,63
3827,3332707,180
3828,3334494,0
3829,3334404,9
3830,3334255,24
3831,3334285,21
3832,3334107,39
3833,3334404,9
3834,3334404,9
3835,3334285,21
3836,3334285,21
3837,3334404,9
3838,3334285,21
3839,3333958,54
3840,3334285,21
3841,3334285,21
3842,3331636,288
3843,3334255,24
3844,3334404,9
3845,3334494,0
3846,3331398,312
3847,3334285,21
3848,3334494,0
3849,3334494,0
3850,3334285,21
3851,3333958,54
3852,3333035,147
3853,3334285,21
3854,3334404,9
3855,3334404,9
3856,3333928,57
3857,3334494,0
3858,3334404,9
3859,3334404,9
3860,3332231,228
3861,3333690,81
3862,3334107,39
3863,3334404,9
3864,3333898,60
3865,3334494,0
3866,3334404,9
3867,3334404,9
3868,3334255,24
3869,3334404,9
3870,3323643,1095
3871,3334107,39
3872,3290950,4416
3873,3332440,207
3874,3334494,0
3875,3334494,0
3876,3334494,0
3877,3334136,36
3878,3333928,57
3879,3334285,21
3880,3334494,0
3881,3334494,0
3882,3334494,0
3883,3333928,57
3884,3334285,21
3885,3334404,9
3886,3334107,39
3887,3334494,0
3888,3334404,9
3889,3334285,21
3890,3334285,21
3891,3334494,0
3892,3334285,21
3893,3322337,1227
3894,3334107,39
3895,3334404,9
3896,3334285,21
3897,3329406,513
3898,3333928,57
3899,3334404,9
3900,3334285,21
3901,3332440,207
3902,3334404,9
3903,3334285,21
3904,3334047,45
3905,3334404,9
3906,3331428,309
3907,3334404,9
3908,3334404,9
3909,3333154,135
3910,3334494,0
3911,3333868,63
3912,3334404,9
3913,3334047,45
3914,3334494,0
3915,3334255,24
3916,3334404,9
3917,3334494,0
3918,3334136,36
3919,3334255,24
3920,3334404,9
3921,3334494,0
3922,3334107,39
3923,3334255,24
3924,3334136,36
3925,3334255,24
3926,3332023,249
3927,3334285,21
3928,3334136,36
3929,3334285,21
3930,3334285,21
3931,3334494,0
3932,3286134,4908
3933,3333035,147
3934,3334107,39
3935,3331964,255
3936,3334494,0
3937,3334255,24
3938,3334255,24
3939,3334404,9
3940,3332588,192
3941,3334404,9
3942,3334494,0
3943,3334494,0
3944,3334404,9
3945,3334404,9
3946,3334404,9
3947,3334404,9
3948,3334285,21
3949,3334404,9
3950,3334404,9
3951,3334494,0
3952,3334404,9
3953,3334494,0
3954,3334494,0
3955,3334494,0
3956,3334494,0
3957,3334255,24
3958,3334494,0
3959,3334404,9
3960,3334404,9
3961,3334494,0
3962,3334494,0
3963,3334494,0
3964,3333928,57
3965,3334494,0
3966,3333154,135
3967,3334494,0
3968,3334285,21
3969,3334494,0
3970,3334285,21
3971,3334285,21
3972,3334494,0
3973,3334255,24
3974,3334285,21
3975,3334255,24
3976,3334494,0
3977,3334494,0
3978,3333035,147
3979,3334404,9
3980,3334404,9
3981,3334494,0
3982,3334494,0
3983,3334107,39
3984,3334404,9
3985,3334404,9
3986,3334494,0
3987,3334404,9
3988,3334494,0
3989,3334404,9
3990,3334404,9
3991,3334255,24
3992,3302637,3225
3993,3333154,135
3994,3334494,0
3995,3334107,39
3996,3334255,24
3997,3334404,9
3998,3334494,0
3999,3334494,0
4000,3334255,24
4001,3334494,0
4002,3334255,24
4003,3334404,9
4004,3334494,0
4005,3325573,900
4006,3334255,24
4007,3334404,9
4008,3334494,0
4009,3333868,63
4010,3334494,0
4011,3334404,9
4012,3334136,36
4013,3334107,39
4014,3334404,9
4015,3334494,0
4016,3334285,21
4017,3334285,21
4018,3334107,39
4019,3334285,21
4020,3334285,21
4021,3334404,9
4022,3334494,0
4023,3334404,9
4024,3334404,9
4025,3334107,39
4026,3332588,192
4027,3334255,24
4028,3334494,0
4029,3334494,0
4030,3333154,135
4031,3333154,135
4032,3334494,0
4033,3333928,57
4034,3334047,45
4035,3334255,24
4036,3334107,39
4037,3332856,165
4038,3334285,21
4039,3334404,9
4040,3334404,9
4041,3334494,0
4042,3334255,24
4043,3334107,39
4044,3334285,21
4045,3334107,39
4046,3334404,9
4047,3334107,39
4048,3334494,0
4049,3334494,0
4050,3334255,24
4051,3334404,9
4052,3332440,207
4053,3334494,0
4054,3334494,0
4055,3334494,0
4056,3333035,147
4057,3334494,0
4058,3334494,0
4059,3334404,9
4060,3330833,369
4061,3334494,0
4062,3334404,9
4063,3334285,21
4064,3334494,0
4065,3334404,9
4066,3334404,9
4067,3334107,39
4068,3334404,9
4069,3333898,60
4070,3334494,0
4071,3334285,21
4072,3334107,39
4073,3334494,0
4074,3332678,183
4075,3334404,9
4076,3334404,9
4077,3334494,0
4078,3334404,9
4079,3333481,102
4080,3334494,0
4081,3334494,0
4082,3334404,9
4083,3334285,21
4084,3334494,0
4085,3334494,0
4086,3334285,21
4087,3334107,39
4088,3334285,21
4089,3334494,0
4090,3334255,24
4091,3334255,24
4092,3333035,147
4093,3334285,21
4094,3334494,0
4095,3334404,9
4096,3334285,21
4097,3334404,9
4098,3334107,39
4099,3334404,9
4100,3334494,0
4101,3334494,0
4102,3332588,192
4103,3334404,9
4104,3334494,0
4105,3334136,36
4106,3334494,0
4107,3333422,108
4108,3333660,84
4109,3205274,13278
4110,3334404,9
4111,3334494,0
4112,3334255,24
4113,3333868,63
4114,3334404,9
4115,3334047,45
4116,3334404,9
4117,3334404,9
4118,3334494,0
4119,3334494,0
4120,3333154,135
4121,3334404,9
4122,3334255,24
4123,3334404,9
4124,3334494,0
4125,3334404,9
4126,3334494,0
4127,3334285,21
4128,3334404,9
4129,3334404,9
4130,3334404,9
4131,3334285,21
4132,3334494,0
4133,3334494,0
4134,3334494,0
4135,3334255,24
4136,3334047,45
4137,3334404,9
4138,3334404,9
4139,3334404,9
4140,3334404,9
4141,3334285,21
4142,3334494,0
4143,3334285,21
4144,3334107,39
4145,3333868,63
4146,3333154,135
4147,3334494,0
4148,3334404,9
4149,3332588,192
4150,3334107,39
4151,3334494,0
4152,3334047,45
4153,3334494,0
4154,3330774,375
4155,3329346,519
4156,3334404,9
4157,3334404,9
4158,3333154,135
4159,3334404,9
4160,3333958,54
4161,3334404,9
4162,3334255,24
4163,3334494,0
4164,3334494,0
4165,3332469,204
4166,3334255,24
4167,3334404,9
4168,3333958,54
4169,3334255,24
4170,3334285,21
4171,3333779,72
4172,3334494,0
4173,3334107,39
4174,3334107,39
4175,3334404,9
4176,3334047,45
4177,3334404,9
4178,3334404,9
4179,3334404,9
4180,3334285,21
4181,3334494,0
4182,3334255,24
4183,3334404,9
4184,3334136,36
4185,3334404,9
4186,3334404,9
4187,3334107,39
4188,3334404,9
4189,3334285,21
4190,3334255,24
4191,3334255,24
4192,3334404,9
4193,3334285,21
4194,3334494,0
4195,3334404,9
4196,3334107,39
4197,3332678,183
4198,3334107,39
4199,3334404,9
4200,3334404,9
4201,3334107,39
4202,3334047,45
4203,3333154,135
4204,3333154,135
4205,3333868,63
4206,3334404,9
4207,3334494,0
4208,3334494,0
4209,3334404,9
4210,3334285,21
4211,3334404,9
4212,3334255,24
4213,3334494,0
4214,3334494,0
4215,3334494,0
4216,3334404,9
4217,3333660,84
4218,3334494,0
4219,3334404,9
4220,3334404,9
4221,3334404,9
4222,3334494,0
4223,3334255,24
4224,3334285,21
4225,3334494,0
4226,3334404,9
4227,3334404,9
4228,3334404,9
4229,3334404,9
4230,3334494,0
4231,3334494,0
4232,3334107,39
4233,3334404,9
4234,3334404,9
4235,3333868,63
4236,3334494,0
4237,3334404,9
4238,3333035,147
4239,3334136,36
4240,3334107,39
4241,3334494,0
4242,3333898,60
4243,3334285,21
4244,3334404,9
4245,3334285,21
4246,3334404,9
4247,3333154,135
4248,3334285,21
4249,3334285,21
4250,3331815,270
4251,3334404,9
4252,3334404,9
4253,3334494,0
4254,3334255,24
4255,3333898,60
4256,3334404,9
4257,3334404,9
4258,3334404,9
4259,3334255,24
4260,3334285,21
4261,3334494,0
4262,3334404,9
4263,3334404,9
4264,3332469,204
4265,3334136,36
4266,3334404,9
4267,3334494,0
4268,3334285,21
4269,3334494,0
4270,3334404,9
4271,3334107,39
4272,3334404,9
4273,3333928,57
4274,3334494,0
4275,3334255,24
4276,3334404,9
4277,3334494,0
4278,3334285,21
4279,3334494,0
4280,3334494,0
4281,3334404,9
4282,3334404,9
4283,3334255,24
4284,3334107,39
4285,3334494,0
4286,3334494,0
4287,3334494,0
4288,3334255,24
4289,3334285,21
4290,3333928,57
4291,3334404,9
4292,3334285,21
4293,3334494,0
4294,3334107,39
4295,3334285,21
4296,3334285,21
4297,3334285,21
4298,3334404,9
4299,3334494,0
4300,3334494,0
4301,3331964,255
4302,3334404,9
4303,3333154,135
4304,3334494,0
4305,3334404,9
4306,3334494,0
4307,3334404,9
4308,3334404,9
4309,3334285,21
4310,3334494,0
4311,3334285,21
4312,3334494,0
4313,3334494,0
4314,3334255,24
4315,3334047,45
4316,3334404,9
4317,3334107,39
4318,3330803,372
4319,3334494,0
4320,3334494,0
4321,3334404,9
4322,3333035,147
4323,3322486,1212
4324,3330357,417
4325,3334404,9
4326,3334494,0
4327,3334404,9
4328,3334255,24
4329,3333928,57
4330,3334255,24
4331,3334494,0
4332,3334494,0
4333,3334285,21
4334,3334404,9
4335,3332440,207
4336,3334255,24
4337,3334404,9
4338,3334494,0
4339,3333868,63
4340,3334494,0
4341,3334404,9
4342,3334404,9
4343,3334047,45
4344,3334404,9
4345,3334255,24
4346,3334494,0
4347,3334494,0
4348,3334494,0
4349,3334404,9
4350,3334255,24
4351,3334494,0
4352,3334494,0
4353,3334404,9
4354,3334494,0
4355,3334107,39
4356,3334107,39
4357,3334494,0
4358,3334285,21
4359,3334107,39
4360,3334404,9
4361,3334404,9
4362,3334404,9
4363,3334255,24
4364,3334285,21
4365,3334494,0
4366,3334255,24
4367,3331458,306
4368,3334404,9
4369,3334494,0
4370,3334404,9
4371,3334494,0
4372,3334285,21
4373,3334047,45
4374,3331845,267
4375,3334404,9
4376,3334285,21
4377,3334255,24
4378,3334107,39
4379,3334404,9
4380,3334494,0
4381,3334285,21
4382,3334494,0
4383,3334285,21
4384,3334255,24
4385,3334404,9
4386,3334494,0
4387,3334285,21
4388,3334494,0
4389,3330357,417
4390,3333035,147
4391,3334285,21
4392,3334107,39
4393,3334285,21
4394,3334255,24
4395,3334107,39
4396,3334404,9
4397,3334404,9
4398,3334255,24
4399,3334404,9
4400,3334255,24
4401,3334494,0
4402,3334494,0
4403,3334494,0
4404,3334404,9
4405,3333124,138
4406,3334404,9
4407,3334494,0
4408,3333928,57
4409,3333928,57
4410,3334404,9
4411,3334107,39
4412,3334494,0
4413,3334107,39
4414,3334285,21
4415,3334494,0
4416,3334404,9
4417,3334404,9
4418,3334404,9
4419,3334255,24
4420,3334494,0
4421,3334285,21
4422,3334494,0
4423,3334285,21
4424,3332440,207
4425,3334494,0
4426,3334404,9
4427,3334404,9
4428,3333868,63
4429,3333154,135
4430,3333154,135
4431,3334404,9
4432,3334494,0
4433,3330595,393
4434,3334255,24
4435,3334285,21
4436,3334494,0
4437,3334494,0
4438,3334255,24
4439,3334494,0
4440,3333958,54
4441,3334107,39
4442,3334404,9
4443,3334255,24
4444,3334404,9
4445,3334404,9
4446,3334494,0
4447,3334404,9
4448,3334404,9
4449,3334404,9
4450,3334494,0
4451,3334494,0
4452,3334285,21
4453,3334404,9
4454,3334494,0
4455,3334494,0
4456,3334494,0
4457,3334047,45
4458,3331964,255
4459,3334404,9
4460,3333928,57
4461,3331428,309
4462,3328663,588
4463,3334404,9
4464,3334404,9
4465,3333154,135
4466,3334494,0
4467,3334494,0
4468,3334285,21
4469,3334404,9
4470,3334107,39
4471,3334494,0
4472,3334107,39
4473,3334404,9
4474,3333779,72
4475,3333928,57
4476,3332886,162
4477,3334404,9
4478,3334494,0
4479,3334494,0
4480,3334404,9
4481,3334404,9
4482,3334047,45
4483,3334404,9
4484,3334255,24
4485,3334107,39
4486,3333928,57
4487,3334494,0
4488,3334404,9
4489,3334136,36
4490,3334255,24
4491,3334404,9
4492,3334404,9
4493,3334494,0
4494,3334494,0
4495,3334494,0
4496,3333154,135
4497,3334404,9
4498,3334255,24
4499,3334494,0
4500,3334494,0
4501,3325573,900
4502,3334255,24
4503,3334107,39
4504,3334404,9
4505,3334404,9
4506,3334404,9
4507,3334404,9
4508,3334494,0
4509,3334404,9
4510,3334494,0
4511,3334404,9
4512,3334255,24
4513,3334107,39
4514,3334494,0
4515,3334404,9
4516,3334494,0
4517,3334404,9
4518,3332886,162
4519,3334404,9
4520,3334494,0
4521,3334494,0
4522,3334136,36
4523,3333035,147
4524,3334404,9
4525,3334404,9
4526,3334255,24
4527,3334404,9
4528,3334404,9
4529,3334404,9
4530,3334285,21
4531,3334404,9
4532,3334494,0
4533,3333035,147
4534,3334404,9
4535,3333898,60
4536,3334494,0
4537,3334404,9
4538,3333035,147
4539,3334404,9
4540,3334404,9
4541,3334255,24
4542,3334404,9
4543,3334404,9
4544,3334404,9
4545,3334404,9
4546,3334285,21
4547,3334404,9
4548,3334404,9
4549,3334494,0
4550,3334255,24
4551,3334255,24
4552,3332588,192
4553,3334494,0
4554,3334494,0
4555,3334404,9
4556,3334404,9
4557,3334107,39
4558,3333154,135
4559,3334285,21
4560,3334255,24
4561,3333868,63
4562,3334404,9
4563,3334404,9
4564,3334494,0
4565,3334494,0
4566,3334404,9
4567,3333154,135
4568,3333928,57
4569,3334494,0
4570,3330357,417
4571,3334404,9
4572,3334494,0
4573,3334404,9
4574,3333184,132
4575,3334107,39
4576,3334255,24
4577,3334494,0
4578,3334255,24
4579,3334404,9
4580,3334285,21
4581,3334494,0
4582,3334404,9
4583,3334255,24
4584,3334494,0
4585,3334494,0
4586,3334285,21
4587,3334404,9
4588,3334404,9
4589,3334494,0
4590,3332440,207
4591,3334136,36
4592,3333898,60
4593,3304201,3066
4594,3334107,39
4595,3334494,0
4596,3334107,39
4597,3334255,24
4598,3334494,0
4599,3334404,9
4600,3334285,21
4601,3333898,60
4602,3334404,9
4603,3333868,63
4604,3334494,0
4605,3334404,9
4606,3334404,9
4607,3334255,24
4608,3334404,9
4609,3334404,9
4610,3334255,24
4611,3334494,0
4612,3332827,168
4613,3334494,0
4614,3334255,24
4615,3334255,24
4616,3334285,21
4617,3334494,0
4618,3334494,0
4619,3334404,9
4620,3334404,9
4621,3334494,0
4622,3334494,0
4623,3334404,9
4624,3334404,9
4625,3332707,180
4626,3334404,9
4627,3334404,9
4628,3332856,165
4629,3334255,24
4630,3334404,9
4631,3334494,0
4632,3334494,0
4633,3334255,24
4634,3334404,9
4635,3334255,24
4636,3334404,9
4637,3334494,0
4638,3334285,21
4639,3334255,24
4640,3334136,36
4641,3333630,87
4642,3334404,9
4643,3334285,21
4644,3334285,21
4645,3334285,21
4646,3334107,39
4647,3334107,39
4648,3334255,24
4649,3334494,0
4650,3322130,1248
4651,3325573,900
4652,3334285,21
4653,3334494,0
4654,3334404,9
4655,3334494,0
4656,3334404,9
4657,3333630,87
4658,3334285,21
4659,3098307,24681
4660,3334404,9
4661,3334404,9
4662,3334494,0
4663,3334494,0
4664,3334494,0
4665,3334404,9
4666,3334494,0
4667,3333154,135
4668,3332588,192
4669,3334285,21
4670,3334404,9
4671,3332588,192
4672,3334047,45
4673,3334404,9
4674,3334285,21
4675,3333452,105
4676,3334404,9
4677,3334494,0
4678,3334404,9
4679,3334255,24
4680,3334494,0
4681,3334494,0
4682,3334136,36
4683,3334404,9
4684,3333719,78
4685,3333719,78
4686,3334494,0
4687,3334107,39
4688,3334404,9
4689,3334494,0
4690,3334285,21
4691,3334285,21
4692,3334404,9
4693,3334285,21
4694,3334494,0
4695,3334494,0
4696,3334404,9
4697,3334494,0
4698,3334494,0
4699,3334285,21
4700,3334047,45
4701,3334494,0
4702,3334255,24
4703,3334494,0
4704,3334494,0
4705,3329971,456
4706,3333868,63
4707,3334255,24
4708,3334285,21
4709,3334136,36
4710,3334494,0
4711,3334285,21
4712,3333035,147
4713,3332588,192
4714,3334285,21
4715,3334404,9
4716,3330149,438
4717,3334494,0
4718,3334136,36
4719,3334404,9
4720,3334255,24
4721,3333154,135
4722,3334494,0
4723,3334494,0
4724,3334404,9
4725,3334255,24
4726,3334404,9
4727,3334404,9
4728,3334285,21
4729,3334494,0
4730,3334285,21
4731,3334494,0
4732,3334255,24
4733,3334285,21
4734,3334285,21
4735,3315876,1881
4736,3333958,54
4737,3334404,9
4738,3334494,0
4739,3334404,9
4740,3334494,0
4741,3334404,9
4742,3334494,0
4743,3334404,9
4744,3334404,9
4745,3332618,189
4746,3334107,39
4747,3334047,45
4748,3334404,9
4749,3322159,1245
4750,3334107,39
4751,3334494,0
4752,3334255,24
4753,3334255,24
4754,3334255,24
4755,3334255,24
4756,3334136,36
4757,3332023,249
4758,3334404,9
4759,3334494,0
4760,3334404,9
4761,3334404,9
4762,3334107,39
4763,3334494,0
4764,3334255,24
4765,3334404,9
4766,3334404,9
4767,3334404,9
4768,3334404,9
4769,3334404,9
4770,3334494,0
4771,3334404,9
4772,3334107,39
4773,3334404,9
4774,3334047,45
4775,3334494,0
4776,3334404,9
4777,3334285,21
4778,3334404,9
4779,3334404,9
4780,3333719,78
4781,3334285,21
4782,3334404,9
4783,3334107,39
4784,3334404,9
4785,3334404,9
4786,3334107,39
4787,3334255,24
4788,3334404,9
4789,3334494,0
4790,3334404,9
4791,3328336,621
4792,3334404,9
4793,3331964,255
4794,3334494,0
4795,3334255,24
4796,3333868,63
4797,3334404,9
4798,3334494,0
4799,3334255,24
4800,3334285,21
4801,3334494,0
4802,3334107,39
4803,3334404,9
4804,3334494,0
4805,3334494,0
4806,3334494,0
4807,3333035,147
4808,3334404,9
4809,3334494,0
4810,3333928,57
4811,3334285,21
4812,3333154,135
4813,3334107,39
4814,3334404,9
4815,3334285,21
4816,3334404,9
4817,3334404,9
4818,3334494,0
4819,3333660,84
4820,3334404,9
4821,3334404,9
4822,3334494,0
4823,3333928,57
4824,3334494,0
4825,3334136,36
4826,3334255,24
4827,3334107,39
4828,3333154,135
4829,3334404,9
4830,3334404,9
4831,3334494,0
4832,3334494,0
4833,3332588,192
4834,3334107,39
4835,3334494,0
4836,3334494,0
4837,3334285,21
4838,3334494,0
4839,3334404,9
4840,3334404,9
4841,3333928,57
4842,3332886,162
4843,3334404,9
4844,3334494,0
4845,3332023,249
4846,3333035,147
4847,3334404,9
4848,3334494,0
4849,3333898,60
4850,3334404,9
4851,3334494,0
4852,3333630,87
4853,3334285,21
4854,3334404,9
4855,3334404,9
4856,3334285,21
4857,3334494,0
4858,3334047,45
4859,3334494,0
4860,3334494,0
4861,3334404,9
4862,3334494,0
4863,3334494,0
4864,3333928,57
4865,3334494,0
4866,3331577,294
4867,3333154,135
4868,3334136,36
4869,3334404,9
4870,3334494,0
4871,3334285,21
4872,3334494,0
4873,3334404,9
4874,3334255,24
4875,3334494,0
4876,3334494,0
4877,3334404,9
4878,3330119,441
4879,3334404,9
4880,3334404,9
4881,3334255,24
4882,3334404,9
4883,3334404,9
4884,3334285,21
4885,3334494,0
4886,3333898,60
4887,3334494,0
4888,3334255,24
4889,3334107,39
4890,3334255,24
4891,3334255,24
4892,3334285,21
4893,3334285,21
4894,3334404,9
4895,3334255,24
4896,3334494,0
4897,3332261,225
4898,3334494,0
4899,3334494,0
4900,3334404,9
4901,3334494,0
4902,3334404,9
4903,3334107,39
4904,3334404,9
4905,3334494,0
4906,3334404,9
4907,3334404,9
4908,3334255,24
4909,3334494,0
4910,3334255,24
4911,3334494,0
4912,3334494,0
4913,3334494,0
4914,3334047,45
4915,3334107,39
4916,3331428,309
4917,3334404,9
4918,3334494,0
4919,3334494,0
4920,3334404,9
4921,3309575,2520
4922,3334494,0
4923,3334404,9
4924,3334136,36
4925,3334404,9
4926,3332886,162
4927,3334255,24
4928,3333868,63
4929,3334285,21
4930,3334136,36
4931,3334494,0
4932,3334404,9
4933,3334404,9
4934,3334107,39
4935,3334404,9
4936,3334404,9
4937,3334285,21
4938,3334404,9
4939,3334494,0
4940,3334255,24
4941,3333154,135
4942,3333898,60
4943,3334404,9
4944,3331369,315
4945,3333154,135
4946,3334404,9
4947,3334107,39
4948,3334047,45
4949,3334494,0
4950,3334494,0
4951,3334404,9
4952,3334404,9
4953,3333958,54
4954,3334404,9
4955,3334404,9
4956,3334255,24
4957,3334404,9
4958,3334404,9
4959,3334107,39
4960,3334404,9
4961,3334404,9
4962,3334255,24
4963,3334047,45
4964,3333630,87
4965,3334404,9
4966,3334494,0
4967,3334494,0
4968,3334494,0
4969,3334285,21
4970,3334255,24
4971,3334404,9
4972,3334255,24
4973,3334285,21
4974,3334107,39
4975,3334494,0
4976,3334107,39
4977,3334494,0
4978,3334494,0
4979,3334255,24
4980,3334136,36
4981,3334404,9
4982,3334404,9
4983,3259510,7641
4984,3334494,0
4985,3334404,9
4986,3334404,9
4987,3334494,0
4988,3331755,276
4989,3334494,0
4990,3334107,39
4991,3334285,21
4992,3334494,0
4993,3334404,9
4994,3331428,309
4995,3334494,0
4996,3334255,24
4997,3333690,81
4998,3334404,9
4999,3334404,9
5000,3334404,9
5001,3334136,36
5002,3334255,24
5003,3334494,0
5004,3334107,39
5005,3334494,0
5006,3334494,0
5007,3334255,24
5008,3329346,519
5009,3334404,9
5010,3281325,5400
5011,3334285,21
5012,3334255,24
5013,3334255,24
5014,3334494,0
5015,3334404,9
5016,3334404,9
5017,3332440,207
5018,3334047,45
5019,3334255,24
5020,3334404,9
5021,3319342,1530
5022,3334404,9
5023,3334494,0
5024,3334404,9
5025,3334494,0
5026,3334494,0
5027,3334136,36
5028,3334255,24
5029,3334404,9
5030,3334494,0
5031,3334494,0
5032,3332261,225
5033,3334404,9
5034,3334404,9
5035,3334107,39
5036,3334107,39
5037,3334404,9
5038,3334107,39
5039,3334107,39
5040,3334494,0
5041,3334285,21
5042,3334494,0
5043,3334107,39
5044,3328663,588
5045,3334494,0
5046,3333154,135
5047,3334494,0
5048,3334404,9
5049,3334285,21
5050,3334494,0
5051,3334494,0
5052,3334494,0
5053,3334494,0
5054,3334404,9
5055,3334285,21
5056,3334404,9
5057,3328098,645
5058,3333868,63
5059,3334494,0
5060,3334494,0
5061,3334404,9
5062,3334404,9
5063,3332440,207
5064,3334404,9
5065,3334404,9
5066,3334285,21
5067,3334255,24
5068,3334494,0
5069,3334136,36
5070,3334107,39
5071,3334494,0
5072,3334404,9
5073,3334404,9
5074,3334494,0
5075,3334255,24
5076,3334404,9
5077,3334285,21
5078,3334404,9
5079,3332231,228
5080,3334494,0
5081,3334404,9
5082,3333928,57
5083,3334255,24
5084,3334494,0
5085,3334404,9
5086,3333719,78
5087,3333719,78
5088,3334404,9
5089,3325454,912
5090,3334255,24
5091,3334494,0
5092,3334404,9
5093,3334404,9
5094,3334404,9
5095,3334494,0
5096,3334404,9
5097,3334494,0
5098,3331398,312
5099,3334494,0
5100,3334285,21
5101,3334404,9
5102,3334255,24
5103,3334494,0
5104,3334404,9
5105,3334494,0
5106,3334404,9
5107,3334404,9
5108,3334404,9
5109,3334255,24
5110,3334494,0
5111,3333928,57
5112,3334494,0
5113,3334494,0
5114,3334494,0
5115,3334255,24
5116,3334107,39
5117,3334404,9
5118,3334285,21
5119,3334494,0
5120,3334494,0
5121,3333928,57
5122,3332440,207
5123,3334494,0
5124,3333154,135
5125,3333154,135
5126,3333719,78
5127,3334255,24
5128,3334404,9
5129,3334285,21
5130,3334404,9
5131,3334285,21
5132,3334494,0
5133,3334255,24
5134,3334404,9
5135,3334404,9
5136,3334285,21
5137,3334494,0
5138,3334494,0
5139,3334107,39
5140,3334136,36
5141,3334494,0
5142,3334404,9
5143,3334494,0
5144,3330952,357
5145,3332440,207
5146,3334494,0
5147,3334404,9
5148,3334255,24
5149,3334404,9
5150,3334404,9
5151,3334255,24
5152,3334494,0
5153,3334494,0
5154,3275382,6009
5155,3332678,183
5156,3333928,57
5157,3333154,135
5158,3334136,36
5159,3334255,24
5160,3334255,24
5161,3334285,21
5162,3334404,9
5163,3257618,7836
5164,3334285,21
5165,3334136,36
5166,3334404,9
5167,3333868,63
5168,3334494,0
5169,3334255,24
5170,3334494,0
5171,3334494,0
5172,3334136,36
5173,3334255,24
5174,3334404,9
5175,3334255,24
5176,3334107,39
5177,3334047,45
5178,3334285,21
5179,3334255,24
5180,3334494,0
5181,3334285,21
5182,3334136,36
5183,3334285,21
5184,3334494,0
5185,3334494,0
5186,3334494,0
5187,3333154,135
5188,3334107,39
5189,3334494,0
5190,3334494,0
5191,3334404,9
5192,3334494,0
5193,3334285,21
5194,3334404,9
5195,3334107,39
5196,3334404,9
5197,3334404,9
5198,3334404,9
5199,3334494,0
5200,3334404,9
5201,3334404,9
5202,3334494,0
5203,3334404,9
5204,3334404,9
5205,3334404,9
5206,3334494,0
5207,3334404,9
5208,3334255,24
5209,3334136,36
5210,3334136,36
5211,3334494,0
5212,3334494,0
5213,3334404,9
5214,3334255,24
5215,3334404,9
5216,3334404,9
5217,3334494,0
5218,3334404,9
5219,3333630,87
5220,3334494,0
5221,3334285,21
5222,3334404,9
5223,3334285,21
5224,3334494,0
5225,3334404,9
5226,3334404,9
5227,3334404,9
5228,3333154,135
5229,3334404,9
5230,3334494,0
5231,3334494,0
5232,3334494,0
5233,3334047,45
5234,3334494,0
5235,3334494,0
5236,3333928,57
5237,3332618,189
5238,3334285,21
5239,3334494,0
5240,3334285,21
5241,3334404,9
5242,3334404,9
5243,3334404,9
5244,3334285,21
5245,3334494,0
5246,3334494,0
5247,3334404,9
5248,3334285,21
5249,3333928,57
5250,3334494,0
5251,3334285,21
5252,3334136,36
5253,3334404,9
5254,3334494,0
5255,3334404,9
5256,3334494,0
5257,3334404,9
5258,3334255,24
5259,3334404,9
5260,3332588,192
5261,3334494,0
5262,3334404,9
5263,3334494,0
5264,3334494,0
5265,3334404,9
5266,3334404,9
5267,3334285,21
5268,3334494,0
5269,3334494,0
5270,3334255,24
5271,3334494,0
5272,3334494,0
5273,3334255,24
5274,3334404,9
5275,3334404,9
5276,3334494,0
5277,3333928,57
5278,3334285,21
5279,3334494,0
5280,3334404,9
5281,3334494,0
5282,3334255,24
5283,3334494,0
5284,3334404,9
5285,3334404,9
5286,3334494,0
5287,3334404,9
5288,3334494,0
5289,3334285,21
5290,3334494,0
5291,3334404,9
5292,3334494,0
5293,3333868,63
5294,3334494,0
5295,3334404,9
5296,3334494,0
5297,3331220,330
5298,3333928,57
5299,3334494,0
5300,3334404,9
5301,3334285,21
5302,3334285,21
5303,3333035,147
5304,3334404,9
5305,3334494,0
5306,3334404,9
5307,3334494,0
5308,3334136,36
5309,3331369,315
5310,3334404,9
5311,3334404,9
5312,3333928,57
5313,3334107,39
5314,3334404,9
5315,3334285,21
5316,3332588,192
5317,3334404,9
5318,3332261,225
5319,3334494,0
5320,3334255,24
5321,3334404,9
5322,3334404,9
5323,3334255,24
5324,3334255,24
5325,3334404,9
5326,3334107,39
5327,3334047,45
5328,3333958,54
5329,3333035,147
5330,3334494,0
5331,3334107,39
5332,3334404,9
5333,3334494,0
5334,3334285,21
5335,3334285,21
5336,3334285,21
5337,3334494,0
5338,3334494,0
5339,3334107,39
5340,3334494,0
5341,3334494,0
5342,3334494,0
5343,3334404,9
5344,3334494,0
5345,3334404,9
5346,3333154,135
5347,3334404,9
5348,3333868,63
5349,3334404,9
5350,3334404,9
5351,3334107,39
5352,3332023,249
5353,3334494,0
5354,3334404,9
5355,3334404,9
5356,3334404,9
5357,3334404,9
5358,3334107,39
5359,3334494,0
5360,3328484,606
5361,3325454,912
5362,3334255,24
5363,3334494,0
5364,3334285,21
5365,3334494,0
5366,3334285,21
5367,3332588,192
5368,3334404,9
5369,3330803,372
5370,3334255,24
5371,3334285,21
5372,3334494,0
5373,3332023,249
5374,3334404,9
5375,3334494,0
5376,3334494,0
5377,3334255,24
5378,3334255,24
5379,3334404,9
5380,3334494,0
5381,3334404,9
5382,3334494,0
5383,3334494,0
5384,3332886,162
5385,3334494,0
5386,3334494,0
5387,3334404,9
5388,3334107,39
5389,3334494,0
5390,3333154,135
5391,3333035,147
5392,3334494,0
5393,3333868,63
5394,3334404,9
5395,3334494,0
5396,3334404,9
5397,3334404,9
5398,3334494,0
5399,3334404,9
5400,3334494,0
5401,3334494,0
5402,3334494,0
5403,3334107,39
5404,3334494,0
5405,3334107,39
5406,3334285,21
5407,3333035,147
5408,3334107,39
5409,3334494,0
5410,3333868,63
5411,3334494,0
5412,3334404,9
5413,3334285,21
5414,3334404,9
5415,3334285,21
5416,3334255,24
5417,3334404,9
5418,3333124,138
5419,3334404,9
5420,3334107,39
5421,3334404,9
5422,3334404,9
5423,3334107,39
5424,3334494,0
5425,3334404,9
5426,3334255,24
5427,3334047,45
5428,3334494,0
5429,3334404,9
5430,3334285,21
5431,3334255,24
5432,3330060,447
5433,3334494,0
5434,3334404,9
5435,3334047,45
5436,3319164,1548
5437,3334494,0
5438,3334404,9
5439,3334404,9
5440,3334047,45
5441,3334255,24
5442,3334404,9
5443,3334285,21
5444,3334404,9
5445,3334107,39
5446,3330119,441
5447,3334404,9
5448,3334404,9
5449,3333154,135
5450,3334494,0
5451,3334285,21
5452,3334285,21
5453,3334494,0
5454,3334255,24
5455,3334404,9
5456,3334404,9
5457,3333035,147
5458,3334404,9
5459,3333452,105
5460,3334494,0
5461,3334494,0
5462,3334255,24
5463,3334494,0
5464,3334136,36
5465,3334285,21
5466,3334107,39
5467,3334107,39
5468,3334404,9
5469,3334255,24
5470,3334404,9
5471,3334404,9
5472,3334404,9
5473,3322159,1245
5474,3332588,192
5475,3334404,9
5476,3334494,0
5477,3333630,87
5478,3334255,24
5479,3334255,24
5480,3334107,39
5481,3334255,24
5482,3334047,45
5483,3333154,135
5484,3334285,21
5485,3334285,21
5486,3334404,9
5487,3334107,39
5488,3334494,0
5489,3334136,36
5490,3333690,81
5491,3334404,9
5492,3334404,9
5493,3334107,39
5494,3334285,21
5495,3333660,84
5496,3333154,135
5497,3334404,9
5498,3334255,24
5499,3331428,309
5500,3334494,0
5501,3325573,900
5502,3334404,9
5503,3334404,9
5504,3334494,0
5505,3334285,21
5506,3334136,36
5507,3334494,0
5508,3334404,9
5509,3334494,0
5510,3334285,21
5511,3334404,9
5512,3334404,9
5513,3334404,9
5514,3334494,0
5515,3334404,9
5516,3329881,465
5517,3334255,24
5518,3332588,192
5519,3333035,147
5520,3334494,0
5521,3334494,0
5522,3333928,57
5523,3223904,11331
5524,3334494,0
5525,3332588,192
5526,3334404,9
5527,3334494,0
5528,3334404,9
5529,3334494,0
5530,3334404,9
5531,3334494,0
5532,3334255,24
5533,3334404,9
5534,3334494,0
5535,3334404,9
5536,3334494,0
5537,3334255,24
5538,3334047,45
5539,3333035,147
5540,3334494,0
5541,3334255,24
5542,3334255,24
5543,3334404,9
5544,3333035,147
5545,3333481,102
5546,3334404,9
5547,3334494,0
5548,3334494,0
5549,3334494,0
5550,3334404,9
5551,3334494,0
5552,3334494,0
5553,3334404,9
5554,3334136,36
5555,3334494,0
5556,3334494,0
5557,3334404,9
5558,3334255,24
5559,3329138,540
5560,3334107,39
5561,3334136,36
5562,3334404,9
5563,3333719,78
5564,3334494,0
5565,3334494,0
5566,3334404,9
5567,3334285,21
5568,3334494,0
5569,3334404,9
5570,3334285,21
5571,3334494,0
5572,3334404,9
5573,3334404,9
5574,3334404,9
5575,3332440,207
5576,3332440,207
5577,3333719,78
5578,3334494,0
5579,3334404,9
5580,3334404,9
5581,3334404,9
5582,3334404,9
5583,3334494,0
5584,3334404,9
5585,3334107,39
5586,3334404,9
5587,3334494,0
5588,3334404,9
5589,3333868,63
5590,3333035,147
5591,3334285,21
5592,3334404,9
5593,3334255,24
5594,3334136,36
5595,3334494,0
5596,3334404,9
5597,3334404,9
5598,3334494,0
5599,3334494,0
5600,3334255,24
5601,3334494,0
5602,3334285,21
5603,3334494,0
5604,3334107,39
5605,3334255,24
5606,3334255,24
5607,3332588,192
5608,3334255,24
5609,3334494,0
5610,3334285,21
5611,3334494,0
5612,3333928,57
5613,3334047,45
5614,3334404,9
5615,3334404,9
5616,3332618,189
5617,3334494,0
5618,3334285,21
5619,3334285,21
5620,3333690,81
5621,3334404,9
5622,3334255,24
5623,3333660,84
5624,3334404,9
5625,3334404,9
5626,3334107,39
5627,3334255,24
5628,3325573,900
5629,3334494,0
5630,3334494,0
5631,3333898,60
5632,3334404,9
5633,3334255,24
5634,3334285,21
5635,3333035,147
5636,3334404,9
5637,3297834,3714
5638,3334404,9
5639,3334494,0
5640,3334107,39
5641,3334404,9
5642,3334404,9
5643,3334255,24
5644,3334494,0
5645,3333035,147
5646,3334404,9
5647,3334494,0
5648,3334255,24
5649,3334404,9
5650,3334255,24
5651,3334107,39
5652,3334494,0
5653,3333779,72
5654,3334285,21
5655,3334494,0
5656,3334404,9
5657,3334404,9
5658,3334136,36
5659,3334494,0
5660,3334255,24
5661,3334255,24
5662,3331964,255
5663,3334107,39
5664,3333898,60
5665,3334255,24
5666,3332618,189
5667,3334404,9
5668,3334255,24
5669,3334494,0
5670,3334404,9
5671,3333958,54
5672,3334404,9
5673,3334285,21
5674,3334404,9
5675,3334404,9
5676,3334404,9
5677,3334404,9
5678,3334404,9
5679,3334255,24
5680,3334255,24
5681,3334404,9
5682,3334404,9
5683,3334107,39
5684,3334404,9
5685,3334494,0
5686,3334494,0
5687,3334404,9
5688,3334494,0
5689,3334255,24
5690,3334285,21
5691,3334494,0
5692,3334494,0
5693,3333898,60
5694,3334404,9
5695,3334494,0
5696,3334494,0
5697,3334494,0
5698,3334404,9
5699,3334494,0
5700,3334404,9
5701,3334285,21
5702,3334494,0
5703,3334285,21
5704,3334107,39
5705,3334255,24
5706,3334107,39
5707,3334285,21
5708,3334494,0
5709,3332440,207
5710,3334255,24
5711,3334255,24
5712,3334136,36
5713,3333928,57
5714,3334285,21
5715,3334285,21
5716,3334494,0
5717,3334404,9
5718,3333035,147
5719,3334494,0
5720,3334404,9
5721,3334255,24
5722,3334404,9
5723,3334494,0
5724,3334494,0
5725,3334404,9
5726,3334285,21
5727,3332678,183
5728,3334404,9
5729,3331964,255
5730,3334404,9
5731,3334255,24
5732,3334494,0
5733,3334494,0
5734,3334136,36
5735,3334404,9
5736,3332261,225
5737,3334494,0
5738,3333928,57
5739,3334404,9
5740,3292008,4308
5741,3334494,0
5742,3333154,135
5743,3333154,135
5744,3334494,0
5745,3334404,9
5746,3334404,9
5747,3334285,21
5748,3334494,0
5749,3334285,21
5750,3334404,9
5751,3334285,21
5752,3334494,0
5753,3334494,0
5754,3333868,63
5755,3334255,24
5756,3325276,930
5757,3334494,0
5758,3333898,60
5759,3334494,0
5760,3334494,0
5761,3334404,9
5762,3332261,225
5763,3334494,0
5764,3334255,24
5765,3334494,0
5766,3334404,9
5767,3334404,9
5768,3332588,192
5769,3334494,0
5770,3334285,21
5771,3333660,84
5772,3334255,24
5773,3334494,0
5774,3334107,39
5775,3334494,0
5776,3333868,63
5777,3333928,57
5778,3332440,207
5779,3334404,9
5780,3334494,0
5781,3334255,24
5782,3333154,135
5783,3334494,0
5784,3334285,21
5785,3334404,9
5786,3334255,24
5787,3334255,24
5788,3334255,24
5789,3334404,9
5790,3334404,9
5791,3334494,0
5792,3334107,39
5793,3334404,9
5794,3334404,9
5795,3334285,21
5796,3334494,0
5797,3334404,9
5798,3334404,9
5799,3334285,21
5800,3334255,24
5801,3334494,0
5802,3334494,0
5803,3334404,9
5804,3334404,9
5805,3334404,9
5806,3334255,24
5807,3302431,3246
5808,3334255,24
5809,3329465,507
5810,3334404,9
5811,3333035,147
5812,3333630,87
5813,3325573,900
5814,3334404,9
5815,3334285,21
5816,3334255,24
5817,3334404,9
5818,3325454,912
5819,3334404,9
5820,3332261,225
5821,3334255,24
5822,3334404,9
5823,3334494,0
5824,3334494,0
5825,3334494,0
5826,3333035,147
5827,3334255,24
5828,3334107,39
5829,3334404,9
5830,3334404,9
5831,3333928,57
5832,3333719,78
5833,3333154,135
5834,3332588,192
5835,3334404,9
5836,3334047,45
5837,3334404,9
5838,3325454,912
5839,3334404,9
5840,3334494,0
5841,3334255,24
5842,3333928,57
5843,3334285,21
5844,3334404,9
5845,3334136,36
5846,3333035,147
5847,3334255,24
5848,3333035,147
5849,3333958,54
5850,3334404,9
5851,3334494,0
5852,3334255,24
5853,3334285,21
5854,3334494,0
5855,3334404,9
5856,3333958,54
5857,3334255,24
5858,3334255,24
5859,3334047,45
5860,3334404,9
5861,3332440,207
5862,3334494,0
5863,3334255,24
5864,3334404,9
5865,3331547,297
5866,3334494,0
5867,3334494,0
5868,3334404,9
5869,3334404,9
5870,3334404,9
5871,3334494,0
5872,3334255,24
5873,3334404,9
5874,3334494,0
5875,3333898,60
5876,3334285,21
5877,3334404,9
5878,3334494,0
5879,3334494,0
5880,3334255,24
5881,3334047,45
5882,3334285,21
5883,3334255,24
5884,3334494,0
5885,3334404,9
5886,3334136,36
5887,3334107,39
5888,3334107,39
5889,3334404,9
5890,3334285,21
5891,3334494,0
5892,3334404,9
5893,3334494,0
5894,3334285,21
5895,3334255,24
5896,3334285,21
5897,3334494,0
5898,3334255,24
5899,3334285,21
5900,3333630,87
5901,3330119,441
5902,3334285,21
5903,3334494,0
5904,3334404,9
5905,3334494,0
5906,3334107,39
5907,3333035,147
5908,3332856,165
5909,3334494,0
5910,3334404,9
5911,3334494,0
5912,3334404,9
5913,3334404,9
5914,3334255,24
5915,3334285,21
5916,3332440,207
5917,3334255,24
5918,3334136,36
5919,3334494,0
5920,3334255,24
5921,3334107,39
5922,3318749,1590
5923,3331428,309
5924,3334494,0
5925,3334107,39
5926,3333898,60
5927,3334404,9
5928,3334404,9
5929,3334494,0
5930,3334494,0
5931,3334494,0
5932,3334494,0
5933,3334404,9
5934,3334494,0
5935,3334494,0
5936,3333868,63
5937,3334494,0
5938,3334494,0
5939,3334285,21
5940,3331607,291
5941,3334404,9
5942,3333690,81
5943,3334404,9
5944,3334404,9
5945,3334494,0
5946,3334285,21
5947,3334494,0
5948,3334494,0
5949,3334404,9
5950,3334255,24
5951,3334404,9
5952,3334285,21
5953,3334285,21
5954,3334285,21
5955,3334136,36
5956,3334404,9
5957,3334404,9
5958,3334494,0
5959,3334494,0
5960,3334494,0
5961,3334494,0
5962,3334494,0
5963,3334404,9
5964,3329406,513
5965,3334047,45
5966,3334107,39
5967,3334494,0
5968,3334494,0
5969,3334494,0
5970,3334494,0
5971,3333481,102
5972,3334404,9
5973,3334404,9
5974,3334404,9
5975,3334255,24
5976,3334404,9
5977,3334404,9
5978,3334255,24
5979,3334255,24
5980,3332707,180
5981,3334404,9
5982,3334255,24
5983,3334255,24
5984,3334494,0
5985,3334255,24
5986,3330119,441
5987,3333333,117
5988,3334404,9
5989,3325454,912
5990,3334494,0
5991,3334404,9
5992,3334404,9
5993,3334404,9
5994,3334255,24
5995,3330803,372
5996,3334107,39
5997,3334255,24
5998,3334494,0
5999,3333154,135
6000,3334107,39
6001,3333749,75
6002,3334404,9
6003,3270209,6540
6004,3334255,24
6005,3334494,0
6006,3334107,39
6007,3334494,0
6008,3334285,21
6009,3334285,21
6010,3334107,39
6011,3334285,21
6012,3332588,192
6013,3334494,0
6014,3334255,24
6015,3332588,192
6016,3325573,900
6017,3334404,9
6018,3334494,0
6019,3334107,39
6020,3334404,9
6021,3334494,0
6022,3334494,0
6023,3334285,21
6024,3334047,45
6025,3334494,0
6026,3334494,0
6027,3334255,24
6028,3334404,9
6029,3334404,9
6030,3334404,9
6031,3334404,9
6032,3334404,9
6033,3334494,0
6034,3334494,0
6035,3334285,21
6036,3334494,0
6037,3334404,9
6038,3334107,39
6039,3334494,0
6040,3334285,21
6041,3334255,24
6042,3334107,39
6043,3334404,9
6044,3334494,0
6045,3334136,36
6046,3334107,39
6047,3333868,63
6048,3334285,21
6049,3334285,21
6050,3329852,468
6051,3333868,63
6052,3333898,60
6053,3334494,0
6054,3334285,21
6055,3334136,36
6056,3334255,24
6057,3334404,9
6058,3334136,36
6059,3334404,9
6060,3334494,0
6061,3334494,0
6062,3334404,9
6063,3334404,9
6064,3334404,9
6065,3333868,63
6066,3333749,75
6067,3334494,0
6068,3334494,0
6069,3334404,9
6070,3334494,0
6071,3333154,135
6072,3334404,9
6073,3334107,39
6074,3334494,0
6075,3334404,9
6076,3334404,9
6077,3334404,9
6078,3334494,0
6079,3334285,21
6080,3334404,9
6081,3334494,0
6082,3332588,192
6083,3332023,249
6084,3334285,21
6085,3334107,39
6086,3334285,21
6087,3334494,0
6088,3334494,0
6089,3333154,135
6090,3334136,36
6091,3334494,0
6092,3334047,45
6093,3334404,9
6094,3334494,0
6095,3334494,0
6096,3334404,9
6097,3334136,36
6098,3334285,21
6099,3334285,21
6100,3334404,9
6101,3333928,57
6102,3332588,192
6103,3334494,0
6104,3334404,9
6105,3334404,9
6106,3334285,21
6107,3334136,36
6108,3334255,24
6109,3334285,21
6110,3334494,0
6111,3334494,0
6112,3333898,60
6113,3334107,39
6114,3333898,60
6115,3332588,192
6116,3334404,9
6117,3334404,9
6118,3334285,21
6119,3333154,135
6120,3334494,0
6121,3334255,24
6122,3334255,24
6123,3334404,9
6124,3334255,24
6125,3332886,162
6126,3334404,9
6127,3325573,900
6128,3332707,180
6129,3334404,9
6130,3334107,39
6131,3334255,24
6132,3334494,0
6133,3334494,0
6134,3334136,36
6135,3334136,36
6136,3334494,0
6137,3334255,24
6138,3334107,39
6139,3334285,21
6140,3334107,39
6141,3334255,24
6142,3334255,24
6143,3334404,9
6144,3334404,9
6145,3334494,0
6146,3334494,0
6147,3334107,39
6148,3334404,9
6149,3333154,135
6150,3333154,135
6151,3334136,36
6152,3334494,0
6153,3334404,9
6154,3334494,0
6155,3334494,0
6156,3325573,900
6157,3334494,0
6158,3334494,0
6159,3334404,9
6160,3334404,9
6161,3334404,9
6162,3334107,39
6163,3334404,9
6164,3334107,39
6165,3334494,0
6166,3333928,57
6167,3334136,36
6168,3334404,9
6169,3334494,0
6170,3334136,36
6171,3334285,21
6172,3334494,0
6173,3334494,0
6174,3334107,39
6175,3334047,45
6176,3334494,0
6177,3334404,9
6178,3334494,0
6179,3333928,57
6180,3333154,135
6181,3325098,948
6182,3334136,36
6183,3333154,135
6184,3331012,351
6185,3334136,36
6186,3334494,0
6187,3333779,72
6188,3333868,63
6189,3333154,135
6190,3334255,24
6191,3334494,0
6192,3331636,288
6193,3334404,9
6194,3334285,21
6195,3334494,0
6196,3334404,9
6197,3334494,0
6198,3333035,147
6199,3334494,0
6200,3332618,189
6201,3334494,0
6202,3334255,24
6203,3333690,81
6204,3334404,9
6205,3334047,45
6206,3333868,63
6207,3334404,9
6208,3334285,21
6209,3334136,36
6210,3334404,9
6211,3334404,9
6212,3334494,0
6213,3334404,9
6214,3334404,9
6215,3334494,0
6216,3334255,24
6217,3334285,21
6218,3334494,0
6219,3281325,5400
6220,3334285,21
6221,3334285,21
6222,3334404,9
6223,3333898,60
6224,3334285,21
6225,3334494,0
6226,3334404,9
6227,3334404,9
6228,3334494,0
6229,3333660,84
6230,3334404,9
6231,3334494,0
6232,3334404,9
6233,3334494,0
6234,3329852,468
6235,3334285,21
6236,3334285,21
6237,3334494,0
6238,3334404,9
6239,3334404,9
6240,3334107,39
6241,3334255,24
6242,3330238,429
6243,3334255,24
6244,3334107,39
6245,3334404,9
6246,3332588,192
6247,3334494,0
6248,3334404,9
6249,3334107,39
6250,3334494,0
6251,3334285,21
6252,3333868,63
6253,3334255,24
6254,3304230,3063
6255,3334494,0
6256,3334285,21
6257,3334404,9
6258,3334494,0
6259,3334494,0
6260,3333154,135
6261,3334404,9
6262,3334494,0
6263,3333928,57
6264,3334404,9
6265,3334285,21
6266,3334404,9
6267,3334285,21
6268,3334404,9
6269,3334494,0
6270,3334255,24
6271,3334404,9
6272,3334047,45
6273,3333868,63
6274,3334494,0
6275,3334404,9
6276,3334255,24
6277,3334494,0
6278,3334404,9
6279,3334494,0
6280,3334404,9
6281,3334494,0
6282,3334404,9
6283,3334494,0
6284,3334494,0
6285,3334285,21
6286,3334255,24
6287,3334494,0
6288,3334494,0
6289,3332588,192
6290,3334494,0
6291,3334404,9
6292,3334494,0
6293,3334285,21
6294,3334494,0
6295,3334285,21
6296,3332588,192
6297,3334404,9
6298,3334494,0
6299,3332440,207
6300,3334136,36
6301,3334107,39
6302,3333154,135
6303,3334255,24
6304,3332588,192
6305,3334494,0
6306,3332588,192
6307,3334494,0
6308,3334255,24
6309,3334404,9
6310,3334494,0
6311,3334404,9
6312,3334404,9
6313,3334255,24
6314,3334494,0
6315,3333154,135
6316,3334285,21
6317,3334494,0
6318,3334285,21
6319,3334494,0
6320,3334404,9
6321,3334494,0
6322,3334047,45
6323,3334494,0
6324,3334255,24
6325,3334404,9
6326,3334404,9
6327,3334255,24
6328,3334404,9
6329,3334404,9
6330,3334404,9
6331,3334494,0
6332,3334255,24
6333,3334404,9
6334,3319342,1530
6335,3334136,36
6336,3334494,0
6337,3334404,9
6338,3334494,0
6339,3334404,9
6340,3334404,9
6341,3333928,57
6342,3334494,0
6343,3334255,24
6344,3331547,297
6345,3334136,36
6346,3334136,36
6347,3334404,9
6348,3334255,24
6349,3334494,0
6350,3334255,24
6351,3334494,0
6352,3333035,147
6353,3334404,9
6354,3334494,0
6355,3334285,21
6356,3334494,0
6357,3334404,9
6358,3334404,9
6359,3334494,0
6360,3332588,192
6361,3334255,24
6362,3334404,9
6363,3334404,9
6364,3334285,21
6365,3334494,0
6366,3333868,63
6367,3325573,900
6368,3334107,39
6369,3331220,330
6370,3334107,39
6371,3334404,9
6372,3334404,9
6373,3333928,57
6374,3334494,0
6375,3334255,24
6376,3334255,24
6377,3334404,9
6378,3334107,39
6379,3332440,207
6380,3334494,0
6381,3334494,0
6382,3334404,9
6383,3334285,21
6384,3334404,9
6385,3334494,0
6386,3333154,135
6387,3334494,0
6388,3334494,0
6389,3334285,21
6390,3333898,60
6391,3334404,9
6392,3334494,0
6393,3334404,9
6394,3334494,0
6395,3334404,9
6396,3334404,9
6397,3334285,21
6398,3334404,9
6399,3334404,9
6400,3334255,24
6401,3334404,9
6402,3333035,147
6403,3334285,21
6404,3334107,39
6405,3334494,0
6406,3334404,9
6407,3334255,24
6408,3334255,24
6409,3334255,24
6410,3334107,39
6411,3330119,441
6412,3334494,0
6413,3334404,9
6414,3334255,24
6415,3334107,39
6416,3334136,36
6417,3334255,24
6418,3334136,36
6419,3334404,9
6420,3334494,0
6421,3334136,36
6422,3334107,39
6423,3334136,36
6424,3334107,39
6425,3334107,39
6426,3334404,9
6427,3288658,4650
6428,3334494,0
6429,3334404,9
6430,3334285,21
6431,3334494,0
6432,3334494,0
6433,3334404,9
6434,3334494,0
6435,3334255,24
6436,3333928,57
6437,3331964,255
6438,3334494,0
6439,3334285,21
6440,3334494,0
6441,3334404,9
6442,3334404,9
6443,3334255,24
6444,3334285,21
6445,3334404,9
6446,3334107,39
6447,3334255,24
6448,3334494,0
6449,3334404,9
6450,3334107,39
6451,3334494,0
6452,3334107,39
6453,3334285,21
6454,3334255,24
6455,3334404,9
6456,3334255,24
6457,3334047,45
6458,3334404,9
6459,3334404,9
6460,3334404,9
6461,3334285,21
6462,3334404,9
6463,3334404,9
6464,3334285,21
6465,3334285,21
6466,3333035,147
6467,3334404,9
6468,3334285,21
6469,3333690,81
6470,3334404,9
6471,3334404,9
6472,3333928,57
6473,3334136,36
6474,3333035,147
6475,3332886,162
6476,3334404,9
6477,3334404,9
6478,3334404,9
6479,3334404,9
6480,3334404,9
6481,3334404,9
6482,3329406,513
6483,3334494,0
6484,3333154,135
6485,3334494,0
6486,3333184,132
6487,3334404,9
6488,3334136,36
6489,3334404,9
6490,3334494,0
6491,3334494,0
6492,3334404,9
6493,3332618,189
6494,3334404,9
6495,3334136,36
6496,3334255,24
6497,3334404,9
6498,3332618,189
6499,3332440,207
6500,3333868,63
6501,3334255,24
6502,3334047,45
6503,3333035,147
6504,3334404,9
6505,3334404,9
6506,3334404,9
6507,3333958,54
6508,3334404,9
6509,3334255,24
6510,3334494,0
6511,3333928,57
6512,3334255,24
6513,3334494,0
6514,3333868,63
6515,3334285,21
6516,3333928,57
6517,3334404,9
6518,3334404,9
6519,3334404,9
6520,3334107,39
6521,3334255,24
6522,3331964,255
6523,3334494,0
6524,3333690,81
6525,3334404,9
6526,3334494,0
6527,3332588,192
6528,3334404,9
6529,3334285,21
6530,3334494,0
6531,3334494,0
6532,3334494,0
6533,3334494,0
6534,3334404,9
6535,3333154,135
6536,3334404,9
6537,3334107,39
6538,3334494,0
6539,3334494,0
6540,3333928,57
6541,3334494,0
6542,3334404,9
6543,3334494,0
6544,3334255,24
6545,3334494,0
6546,3334494,0
6547,3334404,9
6548,3334107,39
6549,3334107,39
6550,3334494,0
6551,3334404,9
6552,3330357,417
6553,3334404,9
6554,3333928,57
6555,3334494,0
6556,3334494,0
6557,3333928,57
6558,3315787,1890
6559,3334404,9
6560,3334285,21
6561,3334404,9
6562,3334404,9
6563,3334285,21
6564,3334404,9
6565,3334285,21
6566,3332231,228
6567,3330595,393
6568,3334404,9
6569,3334404,9
6570,3334404,9
6571,3332440,207
6572,3325573,900
6573,3334404,9
6574,3334494,0
6575,3334255,24
6576,3334404,9
6577,3334494,0
6578,3332588,192
6579,3334285,21
6580,3334285,21
6581,3334285,21
6582,3334494,0
6583,3334107,39
6584,3332499,201
6585,3334404,9
6586,3334107,39
6587,3334136,36
6588,3334404,9
6589,3334494,0
6590,3334107,39
6591,3334404,9
6592,3334136,36
6593,3334255,24
6594,3334404,9
6595,3334107,39
6596,3334494,0
6597,3334404,9
6598,3333958,54
6599,3334285,21
6600,3334494,0
6601,3334494,0
6602,3334404,9
6603,3333928,57
6604,3334494,0
6605,3334047,45
6606,3334255,24
6607,3334494,0
6608,3334404,9
6609,3333958,54
6610,3333035,147
6611,3334404,9
6612,3334494,0
6613,3334255,24
6614,3331220,330
6615,3334494,0
6616,3332440,207
6617,3334107,39
6618,3334404,9
6619,3334404,9
6620,3334494,0
6621,3334404,9
6622,3334494,0
6623,3334107,39
6624,3334285,21
6625,3334107,39
6626,3333868,63
6627,3332588,192
6628,3334404,9
6629,3334136,36
6630,3334494,0
6631,3334494,0
6632,3334494,0
6633,3334404,9
6634,3293066,4200
6635,3334255,24
6636,3334285,21
6637,3334494,0
6638,3334255,24
6639,3334494,0
6640,3334285,21
6641,3334494,0
6642,3334494,0
6643,3334285,21
6644,3334404,9
6645,3334494,0
6646,3332588,192
6647,3334404,9
6648,3334494,0
6649,3334494,0
6650,3334107,39
6651,3334404,9
6652,3334107,39
6653,3334404,9
6654,3334255,24
6655,3334494,0
6656,3334494,0
6657,3334255,24
6658,3334107,39
6659,3334255,24
6660,3334404,9
6661,3334285,21
6662,3334494,0
6663,3334494,0
6664,3334255,24
6665,3334255,24
6666,3334494,0
6667,3334404,9
6668,3334285,21
6669,3334255,24
6670,3334255,24
6671,3334107,39
6672,3334107,39
6673,3334494,0
6674,3332588,192
6675,3334494,0
6676,3334494,0
6677,3333958,54
6678,3334255,24
6679,3334404,9
6680,3334285,21
6681,3334494,0
6682,3333958,54
6683,3334494,0
6684,3334255,24
6685,3334285,21
6686,3334494,0
6687,3334494,0
6688,3334494,0
6689,3333868,63
6690,3334404,9
6691,3325276,930
6692,3334404,9
6693,3334285,21
6694,3334494,0
6695,3334107,39
6696,3334404,9
6697,3334404,9
6698,3334404,9
6699,3334404,9
6700,3334255,24
6701,3334285,21
6702,3334494,0
6703,3333154,135
6704,3333928,57
6705,3334404,9
6706,3334494,0
6707,3334404,9
6708,3334285,21
6709,3334404,9
6710,3334494,0
6711,3333035,147
6712,3334404,9
6713,3334494,0
6714,3333035,147
6715,3334494,0
6716,3334404,9
6717,3334494,0
6718,3331547,297
6719,3317624,1704
6720,3334285,21
6721,3334404,9
6722,3334494,0
6723,3334285,21
6724,3334107,39
6725,3334404,9
6726,3334494,0
6727,3334107,39
6728,3334494,0
6729,3334107,39
6730,3334404,9
6731,3334494,0
6732,3334404,9
6733,3334404,9
6734,3334404,9
6735,3333184,132
6736,3334494,0
6737,3334494,0
6738,3334404,9
6739,3334494,0
6740,3334404,9
6741,3334404,9
6742,3334107,39
6743,3334494,0
6744,3334285,21
6745,3334404,9
6746,3334404,9
6747,3334494,0
6748,3332261,225
6749,3334255,24
6750,3334404,9
6751,3334404,9
6752,3334494,0
6753,3332886,162
6754,3334255,24
6755,3334255,24
6756,3334107,39
6757,3334285,21
6758,3333035,147
6759,3334404,9
6760,3334404,9
6761,3334494,0
6762,3334494,0
6763,3334404,9
6764,3334404,9
6765,3333928,57
6766,3334494,0
6767,3334107,39
6768,3334404,9
6769,3332856,165
6770,3334494,0
6771,3334107,39
6772,3334255,24
6773,3334404,9
6774,3334404,9
6775,3334494,0
6776,3334494,0
6777,3334494,0
6778,3334404,9
6779,3334404,9
6780,3334255,24
6781,3334494,0
6782,3334047,45
6783,3334404,9
6784,3334404,9
6785,3334404,9
6786,3334285,21
6787,3334494,0
6788,3332588,192
6789,3334494,0
6790,3332678,183
6791,3334136,36
6792,3334404,9
6793,3334494,0
6794,3333898,60
6795,3334404,9
6796,3334107,39
6797,3332618,189
6798,3334494,0
6799,3334404,9
6800,3334107,39
6801,3334136,36
6802,3334255,24
6803,3334255,24
6804,3334494,0
6805,3332440,207
6806,3334404,9
6807,3334494,0
6808,3334404,9
6809,3334285,21
6810,3332588,192
6811,3334404,9
6812,3334494,0
6813,3334255,24
6814,3334404,9
6815,3334107,39
6816,3334494,0
6817,3334285,21
6818,3334136,36
6819,3334404,9
6820,3334494,0
6821,3334404,9
6822,3334047,45
6823,3334404,9
6824,3329792,474
6825,3334285,21
6826,3332440,207
6827,3334136,36
6828,3334107,39
6829,3334494,0
6830,3334494,0
6831,3330803,372
6832,3334107,39
6833,3333958,54
6834,3334494,0
6835,3334404,9
6836,3334404,9
6837,3334136,36
6838,3334404,9
6839,3334285,21
6840,3334404,9
6841,3334494,0
6842,3334404,9
6843,3333154,135
6844,3334404,9
6845,3334404,9
6846,3334494,0
6847,3334404,9
6848,3334494,0
6849,3334285,21
6850,3330149,438
6851,3334404,9
6852,3334404,9
6853,3334107,39
6854,3334494,0
6855,3334494,0
6856,3333154,135
6857,3334404,9
6858,3334404,9
6859,3333868,63
6860,3334404,9
6861,3334494,0
6862,3334255,24
6863,3333154,135
6864,3334404,9
6865,3334404,9
6866,3334255,24
6867,3333898,60
6868,3334404,9
6869,3333035,147
6870,3333928,57
6871,3334255,24
6872,3334494,0
6873,3333928,57
6874,3334494,0
6875,3334404,9
6876,3333154,135
6877,3334136,36
6878,3334136,36
6879,3334255,24
6880,3334494,0
6881,3334404,9
6882,3330803,372
6883,3333154,135
6884,3334404,9
6885,3334494,0
6886,3334107,39
6887,3333898,60
6888,3334404,9
6889,3334494,0
6890,3334404,9
6891,3334494,0
6892,3334285,21
6893,3334404,9
6894,3332440,207
6895,3334404,9
6896,3334404,9
6897,3334255,24
6898,3334285,21
6899,3334136,36
6900,3334404,9
6901,3334404,9
6902,3334107,39
6903,3332618,189
6904,3334404,9
6905,3334107,39
6906,3334404,9
6907,3333035,147
6908,3334107,39
6909,3334494,0
6910,3334255,24
6911,3334255,24
6912,3334404,9
6913,3334494,0
6914,3334404,9
6915,3334494,0
6916,3334285,21
6917,3334494,0
6918,3334494,0
6919,3333154,135
6920,3334494,0
6921,3334404,9
6922,3334494,0
6923,3334494,0
6924,3334404,9
6925,3334136,36
6926,3334494,0
6927,3333868,63
6928,3334107,39
6929,3334494,0
6930,3334494,0
6931,3334404,9
6932,3334285,21
6933,3334404,9
6934,3334404,9
6935,3323227,1137
6936,3334047,45
6937,3334255,24
6938,3334404,9
6939,3334404,9
6940,3334404,9
6941,3334255,24
6942,3334404,9
6943,3334285,21
6944,3322486,1212
6945,3334404,9
6946,3334494,0
6947,3334107,39
6948,3334404,9
6949,3334285,21
6950,3334255,24
6951,3334255,24
6952,3334255,24
6953,3334404,9
6954,3332261,225
6955,3334494,0
6956,3334404,9
6957,3333779,72
6958,3334047,45
6959,3334136,36
6960,3334404,9
6961,3334404,9
6962,3334494,0
6963,3334285,21
6964,3334404,9
6965,3334107,39
6966,3334494,0
6967,3334404,9
6968,3334136,36
6969,3334494,0
6970,3334494,0
6971,3334494,0
6972,3334107,39
6973,3334255,24
6974,3334404,9
6975,3334494,0
6976,3334404,9
6977,3334494,0
6978,3329406,513
6979,3334107,39
6980,3334494,0
6981,3334404,9
6982,3334285,21
6983,3334404,9
6984,3334285,21
6985,3334494,0
6986,3333719,78
6987,3331845,267
6988,3334404,9
6989,3334494,0
6990,3334404,9
6991,3334404,9
6992,3334404,9
6993,3334107,39
6994,3334494,0
6995,3334285,21
6996,3334494,0
6997,3334494,0
6998,3334494,0
6999,3334404,9
7000,3334494,0
7001,3334494,0
7002,3334404,9
7003,3334255,24
7004,3334285,21
7005,3333898,60
7006,3334494,0
7007,3334404,9
7008,3334107,39
7009,3334404,9
7010,3334494,0
7011,3333333,117
7012,3334494,0
7013,3334494,0
7014,3333928,57
7015,3334494,0
7016,3334107,39
7017,3334404,9
7018,3334404,9
7019,3295920,3909
7020,3334285,21
7021,3333035,147
7022,3334404,9
7023,3334404,9
7024,3334285,21
7025,3334494,0
7026,3333154,135
7027,3334494,0
7028,3334404,9
7029,3333452,105
7030,3293331,4173
7031,3325721,885
7032,3334494,0
7033,3332588,192
7034,3332261,225
7035,3334255,24
7036,3334494,0
7037,3333868,63
7038,3334404,9
7039,3334494,0
7040,3333035,147
7041,3332440,207
7042,3333868,63
7043,3334136,36
7044,3334494,0
7045,3334494,0
7046,3334494,0
7047,3334107,39
7048,3334255,24
7049,3334404,9
7050,3334404,9
7051,3334494,0
7052,3334404,9
7053,3334404,9
7054,3334285,21
7055,3329971,456
7056,3334404,9
7057,3334285,21
7058,3334255,24
7059,3334285,21
7060,3334136,36
7061,3330298,423
7062,3331607,291
7063,3334494,0
7064,3334255,24
7065,3334494,0
7066,3334255,24
7067,3332886,162
7068,3334404,9
7069,3334494,0
7070,3334136,36
7071,3334494,0
7072,3334107,39
7073,3334285,21
7074,3239546,9705
7075,3333154,135
7076,3333898,60
7077,3334255,24
7078,3334404,9
7079,3333154,135
7080,3334107,39
7081,3334494,0
7082,3334255,24
7083,3334107,39
7084,3334255,24
7085,3334285,21
7086,3333035,147
7087,3334404,9
7088,3334494,0
7089,3334285,21
7090,3334404,9
7091,3334494,0
7092,3334494,0
7093,3334136,36
7094,3334494,0
7095,3333630,87
7096,3334404,9
7097,3334404,9
7098,3331458,306
7099,3334047,45
7100,3334255,24
7101,3334255,24
7102,3334404,9
7103,3334494,0
7104,3334494,0
7105,3334404,9
7106,3334404,9
7107,3334255,24
7108,3334404,9
7109,3334404,9
7110,3334107,39
7111,3334494,0
7112,3334404,9
7113,3334494,0
7114,3333898,60
7115,3334494,0
7116,3334285,21
7117,3333928,57
7118,3334494,0
7119,3334404,9
7120,3333898,60
7121,3334285,21
7122,3334404,9
7123,3334494,0
7124,3333154,135
7125,3334404,9
7126,3334285,21
7127,3334404,9
7128,3334404,9
7129,3334494,0
7130,3334494,0
7131,3334404,9
7132,3334494,0
7133,3334255,24
7134,3334494,0
7135,3334047,45
7136,3334047,45
7137,3334255,24
7138,3334255,24
7139,3334494,0
7140,3334494,0
7141,3334285,21
7142,3334255,24
7143,3334404,9
7144,3334404,9
7145,3334255,24
7146,3334404,9
7147,3334255,24
7148,3334494,0
7149,3334404,9
7150,3334255,24
7151,3334404,9
7152,3334494,0
7153,3332588,192
7154,3334494,0
7155,3334285,21
7156,3334404,9
7157,3334107,39
7158,3334494,0
7159,3331369,315
7160,3334494,0
7161,3334285,21
7162,3334285,21
7163,3334404,9
7164,3334404,9
7165,3334285,21
7166,3334494,0
7167,3334255,24
7168,3334404,9
7169,3332588,192
7170,3334404,9
7171,3334404,9
7172,3334107,39
7173,3333898,60
7174,3334404,9
7175,3334494,0
7176,3334494,0
7177,3334494,0
7178,3334404,9
7179,3333154,135
7180,3334255,24
7181,3334404,9
7182,3334404,9
7183,3334494,0
7184,3332440,207
7185,3334136,36
7186,3334404,9
7187,3334404,9
7188,3334255,24
7189,3301782,3312
7190,3334404,9
7191,3334404,9
7192,3334494,0
7193,3333958,54
7194,3334494,0
7195,3334494,0
7196,3334107,39
7197,3332261,225
7198,3334494,0
7199,3334285,21
7200,3334107,39
7201,3334404,9
7202,3334285,21
7203,3334404,9
7204,3334494,0
7205,3334136,36
7206,3334285,21
7207,3332023,249
7208,3334404,9
7209,3334404,9
7210,3334404,9
7211,3334494,0
7212,3334494,0
7213,3334404,9
7214,3314988,1971
7215,3334494,0
7216,3334404,9
7217,3334404,9
7218,3334494,0
7219,3334404,9
7220,3334255,24
7221,3334285,21
7222,3334107,39
7223,3334404,9
7224,3334255,24
7225,3334107,39
7226,3334404,9
7227,3334404,9
7228,3334494,0
7229,3334404,9
7230,3334404,9
7231,3334404,9
7232,3334494,0
7233,3334404,9
7234,3333035,147
7235,3332707,180
7236,3334404,9
7237,3334107,39
7238,3334494,0
7239,3334494,0
7240,3334404,9
7241,3334494,0
7242,3330119,441
7243,3334285,21
7244,3332886,162
7245,3334404,9
7246,3332440,207
7247,3334404,9
7248,3334494,0
7249,3333035,147
7250,3334494,0
7251,3332440,207
7252,3334047,45
7253,3334285,21
7254,3334107,39
7255,3334494,0
7256,3334136,36
7257,3334047,45
7258,3334404,9
7259,3333868,63
7260,3334255,24
7261,3334494,0
7262,3334494,0
7263,3325454,912
7264,3334404,9
7265,3334285,21
7266,3334494,0
7267,3334404,9
7268,3334494,0
7269,3334494,0
7270,3334494,0
7271,3334047,45
7272,3334494,0
7273,3332261,225
7274,3332856,165
7275,3334494,0
7276,3334404,9
7277,3334285,21
7278,3334404,9
7279,3334107,39
7280,3334494,0
7281,3333154,135
7282,3334494,0
7283,3334404,9
7284,3334285,21
7285,3331369,315
7286,3325573,900
7287,3333154,135
7288,3334494,0
7289,3334404,9
7290,3334404,9
7291,3334404,9
7292,3334494,0
7293,3334107,39
7294,3334494,0
7295,3334494,0
7296,3330595,393
7297,3334404,9
7298,3334136,36
7299,3334494,0
7300,3334494,0
7301,3334255,24
7302,3334404,9
7303,3334494,0
7304,3334255,24
7305,3334285,21
7306,3334494,0
7307,3333392,111
7308,3334494,0
7309,3255088,8097
7310,3334494,0
7311,3334494,0
7312,3334494,0
7313,3334136,36
7314,3334494,0
7315,3334255,24
7316,3334285,21
7317,3334494,0
7318,3334494,0
7319,3330536,399
7320,3334404,9
7321,3334107,39
7322,3334404,9
7323,3325454,912
7324,3334494,0
7325,3334285,21
7326,3334494,0
7327,3334494,0
7328,3333035,147
7329,3334494,0
7330,3333422,108
7331,3333868,63
7332,3334107,39
7333,3334494,0
7334,3334494,0
7335,3334404,9
7336,3334285,21
7337,3332886,162
7338,3334494,0
7339,3333928,57
7340,3334494,0
7341,3334404,9
7342,3231946,10494
7343,3334107,39
7344,3333868,63
7345,3334494,0
7346,3334494,0
7347,3334107,39
7348,3334107,39
7349,3334404,9
7350,3334494,0
7351,3334047,45
7352,3334494,0
7353,3334285,21
7354,3334255,24
7355,3334494,0
7356,3334494,0
7357,3334255,24
7358,3334404,9
7359,3334255,24
7360,3333630,87
7361,3334107,39
7362,3334494,0
7363,3334404,9
7364,3334404,9
7365,3334136,36
7366,3334494,0
7367,3334404,9
7368,3334494,0
7369,3334494,0
7370,3333690,81
7371,3334404,9
7372,3334404,9
7373,3334494,0
7374,3334404,9
7375,3334285,21
7376,3334494,0
7377,3334494,0
7378,3334285,21
7379,3334494,0
7380,3334255,24
7381,3334494,0
7382,3334404,9
7383,3333154,135
7384,3334255,24
7385,3334404,9
7386,3331785,273
7387,3334404,9
7388,3333928,57
7389,3334255,24
7390,3334285,21
7391,3334285,21
7392,3331964,255
7393,3334494,0
7394,3334404,9
7395,3334404,9
7396,3334255,24
7397,3331041,348
7398,3334494,0
7399,3334404,9
7400,3334494,0
7401,3333690,81
7402,3334255,24
7403,3334285,21
7404,3334136,36
7405,3334404,9
7406,3333719,78
7407,3334404,9
7408,3333035,147
7409,3334285,21
7410,3333690,81
7411,3334494,0
7412,3334285,21
7413,3334494,0
7414,3334107,39
7415,3333779,72
7416,3334494,0
7417,3334404,9
7418,3334494,0
7419,3334404,9
7420,3334494,0
7421,3334404,9
7422,3333035,147
7423,3334255,24
7424,3332588,192
7425,3333898,60
7426,3334494,0
7427,3334404,9
7428,3334285,21
7429,3334404,9
7430,3333154,135
7431,3334494,0
7432,3334404,9
7433,3334285,21
7434,3334494,0
7435,3334404,9
7436,3334107,39
7437,3334285,21
7438,3334494,0
7439,3334404,9
7440,3334285,21
7441,3334494,0
7442,3334404,9
7443,3334255,24
7444,3333154,135
7445,3334404,9
7446,3334494,0
7447,3334494,0
7448,3332440,207
7449,3334494,0
7450,3334494,0
7451,3334404,9
7452,3334404,9
7453,3334404,9
7454,3334404,9
7455,3334136,36
7456,3333154,135
7457,3329376,516
7458,3334285,21
7459,3334494,0
7460,3334285,21
7461,3334255,24
7462,3334285,21
7463,3334404,9
7464,3334494,0
7465,3334404,9
7466,3330803,372
7467,3334255,24
7468,3334404,9
7469,3334494,0
7470,3334285,21
7471,3334404,9
7472,3332618,189
7473,3334404,9
7474,3334494,0
7475,3334404,9
7476,3330119,441
7477,3334404,9
7478,3334285,21
7479,3333719,78
7480,3334494,0
7481,3331458,306
7482,3334494,0
7483,3334494,0
7484,3333035,147
7485,3334107,39
7486,3333898,60
7487,3329406,513
7488,3334404,9
7489,3334404,9
7490,3334255,24
7491,3334404,9
7492,3334285,21
7493,3334494,0
7494,3334255,24
7495,3333690,81
7496,3334285,21
7497,3334285,21
7498,3334255,24
7499,3334494,0
7500,3334285,21
7501,3334404,9
7502,3330774,375
7503,3334285,21
7504,3334255,24
7505,3334404,9
7506,3334494,0
7507,3334404,9
7508,3334494,0
7509,3334047,45
7510,3334404,9
7511,3334404,9
7512,3333035,147
7513,3334494,0
7514,3334494,0
7515,3334404,9
7516,3331845,267
7517,3333154,135
7518,3334494,0
7519,3334404,9
7520,3334255,24
7521,3334404,9
7522,3332023,249
7523,3334136,36
7524,3332886,162
7525,3332588,192
7526,3334494,0
7527,3334255,24
7528,3334404,9
7529,3334494,0
7530,3334404,9
7531,3334494,0
7532,3334494,0
7533,3334494,0
7534,3334404,9
7535,3334255,24
7536,3334404,9
7537,3334494,0
7538,3334404,9
7539,3334285,21
7540,3334107,39
7541,3334494,0
7542,3334285,21
7543,3334404,9
7544,3332886,162
7545,3334404,9
7546,3334494,0
7547,3334285,21
7548,3334494,0
7549,3334494,0
7550,3334285,21
7551,3334494,0
7552,3334047,45
7553,3334404,9
7554,3334494,0
7555,3334255,24
7556,3334494,0
7557,3332588,192
7558,3334494,0
7559,3334136,36
7560,3333958,54
7561,3333035,147
7562,3334494,0
7563,3334494,0
7564,3334136,36
7565,3332231,228
7566,3334494,0
7567,3334494,0
7568,3330922,360
7569,3334494,0
7570,3333035,147
7571,3334285,21
7572,3334107,39
7573,3334494,0
7574,3333035,147
7575,3334494,0
7576,3334404,9
7577,3334107,39
7578,3333154,135
7579,3334494,0
7580,3334494,0
7581,3334107,39
7582,3334255,24
7583,3334494,0
7584,3334494,0
7585,3334494,0
7586,3334285,21
7587,3334404,9
7588,3332588,192
7589,3334255,24
7590,3334404,9
7591,3334404,9
7592,3334285,21
7593,3334494,0
7594,3333690,81
7595,3333690,81
7596,3334404,9
7597,3334107,39
7598,3334404,9
7599,3334494,0
7600,3333868,63
7601,3334494,0
7602,3333154,135
7603,3333154,135
7604,3334494,0
7605,3332261,225
7606,3332588,192
7607,3334404,9
7608,3334404,9
7609,3334255,24
7610,3334404,9
7611,3334404,9
7612,3334494,0
7613,3333928,57
7614,3334494,0
7615,3334285,21
7616,3334255,24
7617,3334255,24
7618,3334494,0
7619,3334494,0
7620,3334255,24
7621,3334255,24
7622,3334404,9
7623,3334494,0
7624,3334404,9
7625,3334285,21
7626,3334494,0
7627,3334494,0
7628,3333690,81
7629,3334285,21
7630,3334494,0
7631,3331785,273
7632,3332053,246
7633,3334404,9
7634,3333154,135
7635,3334404,9
7636,3334494,0
7637,3334494,0
7638,3334404,9
7639,3334494,0
7640,3334255,24
7641,3334494,0
7642,3334494,0
7643,3334494,0
7644,3325127,945
7645,3334255,24
7646,3334404,9
7647,3334494,0
7648,3332618,189
7649,3334136,36
7650,3334494,0
7651,3334255,24
7652,3334285,21
7653,3334107,39
7654,3333422,108
7655,3333660,84
7656,3334494,0
7657,3334404,9
7658,3334107,39
7659,3334404,9
7660,3334494,0
7661,3334047,45
7662,3334285,21
7663,3334404,9
7664,3333928,57
7665,3334255,24
7666,3333035,147
7667,3334107,39
7668,3334494,0
7669,3334404,9
7670,3334107,39
7671,3334255,24
7672,3334494,0
7673,3334255,24
7674,3334255,24
7675,3334136,36
7676,3334404,9
7677,3334255,24
7678,3334494,0
7679,3334404,9
7680,3334255,24
7681,3334255,24
7682,3329763,477
7683,3334404,9
7684,3333035,147
7685,3332588,192
7686,3334404,9
7687,3334404,9
7688,3334404,9
7689,3334255,24
7690,3334107,39
7691,3334404,9
7692,3334404,9
7693,3334494,0
7694,3334285,21
7695,3334404,9
7696,3333958,54
7697,3334404,9
7698,3334404,9
7699,3334255,24
7700,3334494,0
7701,3334255,24
7702,3334404,9
7703,3334136,36
7704,3334494,0
7705,3334404,9
7706,3334404,9
7707,3334255,24
7708,3334404,9
7709,3332261,225
7710,3334107,39
7711,3330090,444
7712,3334255,24
7713,3332588,192
7714,3334255,24
7715,3334107,39
7716,3332469,204
7717,3331785,273
7718,3334404,9
7719,3334494,0
7720,3333154,135
7721,3334255,24
7722,3334107,39
7723,3332440,207
7724,3334494,0
7725,3333660,84
7726,3334107,39
7727,3334136,36
7728,3334494,0
7729,3334285,21
7730,3334404,9
7731,3333868,63
7732,3334494,0
7733,3333898,60
7734,3334255,24
7735,3334404,9
7736,3334494,0
7737,3334404,9
7738,3334404,9
7739,3334047,45
7740,3334255,24
7741,3334404,9
7742,3334494,0
7743,3334404,9
7744,3334107,39
7745,3334494,0
7746,3334494,0
7747,3332588,192
7748,3334494,0
7749,3334047,45
7750,3332588,192
7751,3334255,24
7752,3334255,24
7753,3334404,9
7754,3334136,36
7755,3334404,9
7756,3334494,0
7757,3334404,9
7758,3334404,9
7759,3334404,9
7760,3334494,0
7761,3334404,9
7762,3334404,9
7763,3334404,9
7764,3334285,21
7765,3334404,9
7766,3334494,0
7767,3334404,9
7768,3333035,147
7769,3333154,135
7770,3334494,0
7771,3334107,39
7772,3334255,24
7773,3334494,0
7774,3333035,147
7775,3334047,45
7776,3334404,9
7777,3334494,0
7778,3332231,228
7779,3334404,9
7780,3334494,0
7781,3334136,36
7782,3334285,21
7783,3334255,24
7784,3333898,60
7785,3332440,207
7786,3334285,21
7787,3334494,0
7788,3334494,0
7789,3334136,36
7790,3334404,9
7791,3334107,39
7792,3334494,0
7793,3332231,228
7794,3334255,24
7795,3334404,9
7796,3334404,9
7797,3333898,60
7798,3334285,21
7799,3334255,24
7800,3334404,9
7801,3325276,930
7802,3334255,24
7803,3334404,9
7804,3334107,39
7805,3334107,39
7806,3334494,0
7807,3334404,9
7808,3334255,24
7809,3334494,0
7810,3334404,9
7811,3334494,0
7812,3334255,24
7813,3334255,24
7814,3334404,9
7815,3334494,0
7816,3334494,0
7817,3334255,24
7818,3334494,0
7819,3333928,57
7820,3334255,24
7821,3334494,0
7822,3334255,24
7823,3334404,9
7824,3334136,36
7825,3333035,147
7826,3334255,24
7827,3333154,135
7828,3333154,135
7829,3334136,36
7830,3334255,24
7831,3334255,24
7832,3334107,39
7833,3334404,9
7834,3334404,9
7835,3334494,0
7836,3332707,180
7837,3333154,135
7838,3334494,0
7839,3334255,24
7840,3332261,225
7841,3333154,135
7842,3334255,24
7843,3334136,36
7844,3334494,0
7845,3334404,9
7846,3334255,24
7847,3334404,9
7848,3334255,24
7849,3334136,36
7850,3334404,9
7851,3332261,225
7852,3334404,9
7853,3334285,21
7854,3334285,21
7855,3334494,0
7856,3333690,81
7857,3334494,0
7858,3332053,246
7859,3334494,0
7860,3332886,162
7861,3334494,0
7862,3334107,39
7863,3334404,9
7864,3334255,24
7865,3334285,21
7866,3334285,21
7867,3334136,36
7868,3334285,21
7869,3334404,9
7870,3334107,39
7871,3334136,36
7872,3334047,45
7873,3334494,0
7874,3334107,39
7875,3334494,0
7876,3334494,0
7877,3334494,0
7878,3334255,24
7879,3334107,39
7880,3334107,39
7881,3334285,21
7882,3334404,9
7883,3334107,39
7884,3334404,9
7885,3328217,633
7886,3334255,24
7887,3334494,0
7888,3334494,0
7889,3334404,9
7890,3334255,24
7891,3334494,0
7892,3334494,0
7893,3334136,36
7894,3334494,0
7895,3334494,0
7896,3334404,9
7897,3334494,0
7898,3334404,9
7899,3334494,0
7900,3334255,24
7901,3334404,9
7902,3334494,0
7903,3334494,0
7904,3334285,21
7905,3334047,45
7906,3334494,0
7907,3333868,63
7908,3334494,0
7909,3334404,9
7910,3333154,135
7911,3334255,24
7912,3334494,0
7913,3334404,9
7914,3334136,36
7915,3334404,9
7916,3334404,9
7917,3334255,24
7918,3334494,0
7919,3334494,0
7920,3334255,24
7921,3334404,9
7922,3334494,0
7923,3334136,36
7924,3334285,21
7925,3333719,78
7926,3334107,39
7927,3334255,24
7928,3334255,24
7929,3334404,9
7930,3325127,945
7931,3333719,78
7932,3334285,21
7933,3334136,36
7934,3334285,21
7935,3334255,24
7936,3334404,9
7937,3333154,135
7938,3334494,0
7939,3333690,81
7940,3334404,9
7941,3253548,8256
7942,3334404,9
7943,3334494,0
7944,3333749,75
7945,3334404,9
7946,3334494,0
7947,3334107,39
7948,3333154,135
7949,3334107,39
7950,3334494,0
7951,3334255,24
7952,3334255,24
7953,3333928,57
7954,3334255,24
7955,3334404,9
7956,3334107,39
7957,3334107,39
7958,3334494,0
7959,3334255,24
7960,3334494,0
7961,3334404,9
7962,3334494,0
7963,3334404,9
7964,3334404,9
7965,3334255,24
7966,3334285,21
7967,3334136,36
7968,3334404,9
7969,3334136,36
7970,3334494,0
7971,3334404,9
7972,3334494,0
7973,3334047,45
7974,3334404,9
7975,3334136,36
7976,3332588,192
7977,3334285,21
7978,3334404,9
7979,3334404,9
7980,3334494,0
7981,3334255,24
7982,3328395,615
7983,3334404,9
7984,3334404,9
7985,3333154,135
7986,3334047,45
7987,3334494,0
7988,3333868,63
7989,3334255,24
7990,3334404,9
7991,3334136,36
7992,3334404,9
7993,3333868,63
7994,3334494,0
7995,3333154,135
7996,3332618,189
7997,3334494,0
7998,3334255,24
7999,3334494,0
8000,3334404,9
8001,3334136,36
8002,3334494,0
8003,3334107,39
8004,3334285,21
8005,3334494,0
8006,3334285,21
8007,3334255,24
8008,3334107,39
8009,3334494,0
8010,3334494,0
8011,3334255,24
8012,3334494,0
8013,3334494,0
8014,3334404,9
8015,3331398,312
8016,3334404,9
8017,3334404,9
8018,3334404,9
8019,3334285,21
8020,3334494,0
8021,3334404,9
8022,3334494,0
8023,3334404,9
8024,3334494,0
8025,3334136,36
8026,3333868,63
8027,3334494,0
8028,3334404,9
8029,3332261,225
8030,3334494,0
8031,3334107,39
8032,3333035,147
8033,3334494,0
8034,3334255,24
8035,3306444,2838
8036,3334107,39
8037,3334494,0
8038,3334285,21
8039,3334285,21
8040,3334404,9
8041,3334255,24
8042,3333868,63
8043,3334494,0
8044,3334404,9
8045,3334404,9
8046,3334404,9
8047,3334255,24
8048,3334255,24
8049,3334404,9
8050,3334404,9
8051,3334404,9
8052,3334404,9
8053,3334404,9
8054,3334494,0
8055,3334404,9
8056,3334494,0
8057,3334494,0
8058,3334494,0
8059,3334494,0
8060,3334404,9
8061,3334404,9
8062,3334494,0
8063,3334404,9
8064,3334404,9
8065,3334404,9
8066,3334107,39
8067,3334255,24
8068,3334494,0
8069,3334285,21
8070,3334404,9
8071,3334255,24
8072,3334494,0
8073,3334494,0
8074,3334494,0
8075,3334136,36
8076,3333154,135
8077,3334404,9
8078,3334255,24
8079,3334285,21
8080,3334404,9
8081,3334494,0
8082,3334404,9
8083,3334255,24
8084,3334494,0
8085,3334285,21
8086,3334107,39
8087,3333035,147
8088,3334255,24
8089,3334494,0
8090,3334285,21
8091,3334255,24
8092,3333035,147
8093,3333154,135
8094,3334494,0
8095,3334494,0
8096,3334255,24
8097,3334107,39
8098,3334404,9
8099,3334047,45
8100,3334494,0
8101,3334107,39
8102,3332588,192
8103,3334047,45
8104,3334404,9
8105,3334404,9
8106,3334404,9
8107,3334107,39
8108,3334255,24
8109,3334494,0
8110,3334494,0
8111,3334136,36
8112,3334404,9
8113,3334404,9
8114,3334494,0
8115,3334404,9
8116,3334404,9
8117,3334136,36
8118,3334107,39
8119,3332261,225
8120,3334404,9
8121,3334285,21
8122,3332588,192
8123,3334285,21
8124,3334494,0
8125,3334047,45
8126,3334494,0
8127,3334494,0
8128,3334107,39
8129,3334494,0
8130,3334494,0
8131,3334404,9
8132,3334494,0
8133,3334494,0
8134,3334404,9
8135,3334255,24
8136,3334404,9
8137,3334285,21
8138,3334494,0
8139,3334404,9
8140,3334494,0
8141,3334404,9
8142,3332886,162
8143,3334107,39
8144,3333154,135
8145,3334494,0
8146,3334047,45
8147,3334494,0
8148,3332588,192
8149,3334404,9
8150,3334494,0
8151,3334255,24
8152,3334494,0
8153,3334404,9
8154,3334285,21
8155,3329376,516
8156,3333035,147
8157,3334494,0
8158,3334255,24
8159,3334255,24
8160,3334404,9
8161,3334107,39
8162,3334494,0
8163,3322486,1212
8164,3334494,0
8165,3334494,0
8166,3330090,444
8167,3334494,0
8168,3334494,0
8169,3334404,9
8170,3334494,0
8171,3332618,189
8172,3334404,9
8173,3333035,147
8174,3334494,0
8175,3334494,0
8176,3334404,9
8177,3334255,24
8178,3334285,21
8179,3334107,39
8180,3332678,183
8181,3334404,9
8182,3334494,0
8183,3334494,0
8184,3334494,0
8185,3325573,900
8186,3334404,9
8187,3334404,9
8188,3333154,135
8189,3334404,9
8190,3334494,0
8191,3334107,39
8192,3329376,516
8193,3334494,0
8194,3334494,0
8195,3333422,108
8196,3333035,147
8197,3334404,9
8198,3333928,57
8199,3334136,36
8200,3334285,21
8201,3334404,9
8202,3334494,0
8203,3334404,9
8204,3334107,39
8205,3334285,21
8206,3334404,9
8207,3334404,9
8208,3334404,9
8209,3334494,0
8210,3333630,87
8211,3334107,39
8212,3334107,39
8213,3334107,39
8214,3334255,24
8215,3332856,165
8216,3334404,9
8217,3334107,39
8218,3334404,9
8219,3334494,0
8220,3334255,24
8221,3334255,24
8222,3333928,57
8223,3332707,180
8224,3333958,54
8225,3333154,135
8226,3332856,165
8227,3334404,9
8228,3333928,57
8229,3334494,0
8230,3328246,630
8231,3334404,9
8232,3334404,9
8233,3331964,255
8234,3334404,9
8235,3334494,0
8236,3334404,9
8237,3333571,93
8238,3334404,9
8239,3334494,0
8240,3334285,21
8241,3334494,0
8242,3334404,9
8243,3333958,54
8244,3332440,207
8245,3334404,9
8246,3334404,9
8247,3334285,21
8248,3334404,9
8249,3334404,9
8250,3334255,24
8251,3332618,189
8252,3334404,9
8253,3334494,0
8254,3334494,0
8255,3334494,0
8256,3334404,9
8257,3334285,21
8258,3334404,9
8259,3334404,9
8260,3334404,9
8261,3334255,24
8262,3334404,9
8263,3334255,24
8264,3334404,9
8265,3334494,0
8266,3332023,249
8267,3334285,21
8268,3334107,39
8269,3334494,0
8270,3334494,0
8271,3334285,21
8272,3334285,21
8273,3334494,0
8274,3334494,0
8275,3334404,9
8276,3334494,0
8277,3334494,0
8278,3334404,9
8279,3334404,9
8280,3334255,24
8281,3334494,0
8282,3334404,9
8283,3334404,9
8284,3334494,0
8285,3334494,0
8286,3334404,9
8287,3334404,9
8288,3334255,24
8289,3334404,9
8290,3334404,9
8291,3334107,39
8292,3334494,0
8293,3334107,39
8294,3334494,0
8295,3334285,21
8296,3334494,0
8297,3329495,504
8298,3334494,0
8299,3334494,0
8300,3333928,57
8301,3334404,9
8302,3334285,21
8303,3334107,39
8304,3334255,24
8305,3332440,207
8306,3334047,45
8307,3334404,9
8308,3334494,0
8309,3334494,0
8310,3334404,9
8311,3334404,9
8312,3334047,45
8313,3334494,0
8314,3334404,9
8315,3332618,189
8316,3334404,9
8317,3334494,0
8318,3334404,9
8319,3331785,273
8320,3332440,207
8321,3333928,57
8322,3334494,0
8323,3334404,9
8324,3334107,39
8325,3334255,24
8326,3334404,9
8327,3334404,9
8328,3333928,57
8329,3334255,24
8330,3334107,39
8331,3334285,21
8332,3334255,24
8333,3332440,207
8334,3334285,21
8335,3333154,135
8336,3334494,0
8337,3334255,24
8338,3334404,9
8339,3332588,192
8340,3334494,0
8341,3333154,135
8342,3334494,0
8343,3334494,0
8344,3334285,21
8345,3334494,0
8346,3334404,9
8347,3334255,24
8348,3334494,0
8349,3331845,267
8350,3333154,135
8351,3334494,0
8352,3334285,21
8353,3334494,0
8354,3334494,0
8355,3333898,60
8356,3334404,9
8357,3324563,1002
8358,3334494,0
8359,3334255,24
8360,3334494,0
8361,3334404,9
8362,3333452,105
8363,3334255,24
8364,3334404,9
8365,3334494,0
8366,3334404,9
8367,3332707,180
8368,3333779,72
8369,3323227,1137
8370,3334404,9
8371,3333035,147
8372,3333154,135
8373,3334255,24
8374,3334404,9
8375,3334255,24
8376,3334285,21
8377,3334404,9
8378,3334404,9
8379,3334285,21
8380,3334494,0
8381,3332440,207
8382,3334494,0
8383,3334404,9
8384,3334255,24
8385,3334494,0
8386,3334494,0
8387,3334494,0
8388,3334255,24
8389,3332588,192
8390,3334404,9
8391,3334136,36
8392,3334255,24
8393,3334404,9
8394,3334494,0
8395,3334255,24
8396,3333571,93
8397,3334494,0
8398,3334404,9
8399,3334404,9
8400,3334404,9
8401,3333958,54
8402,3334494,0
8403,3334494,0
8404,3328841,570
8405,3334255,24
8406,3334494,0
8407,3333719,78
8408,3334255,24
8409,3334404,9
8410,3334494,0
8411,3334404,9
8412,3334255,24
8413,3334107,39
8414,3334494,0
8415,3333154,135
8416,3334255,24
8417,3334285,21
8418,3334136,36
8419,3334285,21
8420,3334255,24
8421,3331785,273
8422,3334494,0
8423,3334255,24
8424,3334107,39
8425,3334285,21
8426,3334494,0
8427,3334285,21
8428,3334494,0
8429,3332053,246
8430,3331964,255
8431,3334494,0
8432,3334494,0
8433,3333958,54
8434,3334285,21
8435,3334285,21
8436,3334404,9
8437,3334494,0
8438,3334494,0
8439,3334404,9
8440,3334107,39
8441,3333958,54
8442,3334255,24
8443,3334404,9
8444,3334136,36
8445,3334404,9
8446,3334255,24
8447,3334285,21
8448,3334136,36
8449,3334404,9
8450,3334494,0
8451,3334285,21
8452,3334404,9
8453,3334494,0
8454,3334255,24
8455,3333154,135
8456,3334255,24
8457,3334285,21
8458,3334404,9
8459,3333928,57
8460,3334255,24
8461,3334494,0
8462,3334404,9
8463,3334494,0
8464,3334494,0
8465,3333868,63
8466,3334404,9
8467,3334494,0
8468,3334404,9
8469,3334285,21
8470,3334404,9
8471,3332588,192
8472,3334404,9
8473,3334285,21
8474,3332053,246
8475,3333898,60
8476,3334494,0
8477,3334107,39
8478,3334404,9
8479,3334285,21
8480,3334404,9
8481,3334494,0
8482,3334404,9
8483,3334404,9
8484,3334107,39
8485,3334404,9
8486,3334494,0
8487,3334494,0
8488,3330357,417
8489,3334494,0
8490,3334404,9
8491,3333690,81
8492,3334255,24
8493,3334404,9
8494,3334494,0
8495,3334494,0
8496,3334255,24
8497,3334404,9
8498,3334494,0
8499,3334494,0
8500,3334107,39
8501,3334107,39
8502,3334494,0
8503,3334404,9
8504,3334404,9
8505,3334494,0
8506,3334285,21
8507,3334494,0
8508,3334494,0
8509,3334404,9
8510,3334494,0
8511,3334404,9
8512,3334404,9
8513,3334494,0
8514,3334404,9
8515,3333154,135
8516,3334494,0
8517,3334136,36
8518,3265453,7029
8519,3333958,54
8520,3332886,162
8521,3334494,0
8522,3334494,0
8523,3334494,0
8524,3334404,9
8525,3334047,45
8526,3332856,165
8527,3334107,39
8528,3334404,9
8529,3334494,0
8530,3332440,207
8531,3334494,0
8532,3334404,9
8533,3333660,84
8534,3334404,9
8535,3334494,0
8536,3334494,0
8537,3334404,9
8538,3334107,39
8539,3334494,0
8540,3333958,54
8541,3334285,21
8542,3334494,0
8543,3334285,21
8544,3334404,9
8545,3334255,24
8546,3334404,9
8547,3334255,24
8548,3334494,0
8549,3334285,21
8550,3334494,0
8551,3334107,39
8552,3334494,0
8553,3334404,9
8554,3334494,0
8555,3334285,21
8556,3334494,0
8557,3334285,21
8558,3334285,21
8559,3333035,147
8560,3332856,165
8561,3334494,0
8562,3334494,0
8563,3334255,24
8564,3334404,9
8565,3333154,135
8566,3334404,9
8567,3334404,9
8568,3333868,63
8569,3332856,165
8570,3334404,9
8571,3334404,9
8572,3333154,135
8573,3334494,0
8574,3334404,9
8575,3334404,9
8576,3334494,0
8577,3334404,9
8578,3334404,9
8579,3332886,162
8580,3334285,21
8581,3334136,36
8582,3333928,57
8583,3334494,0
8584,3334047,45
8585,3334494,0
8586,3334494,0
8587,3334404,9
8588,3334255,24
8589,3334136,36
8590,3334404,9
8591,3334494,0
8592,3334404,9
8593,3334494,0
8594,3333630,87
8595,3334255,24
8596,3334255,24
8597,3334107,39
8598,3334494,0
8599,3334255,24
8600,3334404,9
8601,3334404,9
8602,3333868,63
8603,3334255,24
8604,3333035,147
8605,3333958,54
8606,3334285,21
8607,3334404,9
8608,3334107,39
8609,3334404,9
8610,3334107,39
8611,3334404,9
8612,3334404,9
8613,3334404,9
8614,3333690,81
8615,3333035,147
8616,3334404,9
8617,3334494,0
8618,3334494,0
8619,3334285,21
8620,3334494,0
8621,3210029,12780
8622,3334107,39
8623,3333928,57
8624,3334285,21
8625,3328276,627
8626,3334494,0
8627,3334404,9
8628,3334255,24
8629,3334494,0
8630,3334494,0
8631,3334404,9
8632,3334285,21
8633,3334494,0
8634,3334255,24
8635,3334136,36
8636,3334494,0
8637,3334494,0
8638,3334255,24
8639,3332707,180
8640,3334285,21
8641,3333154,135
8642,3334494,0
8643,3334494,0
8644,3334255,24
8645,3333690,81
8646,3334285,21
8647,3334404,9
8648,3333868,63
8649,3330387,414
8650,3334136,36
8651,3334047,45
8652,3334255,24
8653,3334404,9
8654,3334285,21
8655,3334255,24
8656,3334255,24
8657,3334494,0
8658,3334404,9
8659,3334494,0
8660,3334494,0
8661,3334404,9
8662,3334404,9
8663,3334255,24
8664,3333719,78
8665,3333958,54
8666,3334494,0
8667,3334107,39
8668,3334404,9
8669,3332023,249
8670,3333154,135
8671,3334404,9
8672,3334404,9
8673,3334285,21
8674,3333868,63
8675,3334285,21
8676,3334107,39
8677,3334494,0
8678,3334494,0
8679,3334404,9
8680,3334404,9
8681,3334404,9
8682,3333035,147
8683,3334255,24
8684,3334107,39
8685,3334494,0
8686,3334494,0
8687,3334285,21
8688,3333035,147
8689,3334404,9
8690,3334404,9
8691,3333481,102
8692,3334255,24
8693,3334285,21
8694,3334285,21
8695,3334494,0
8696,3334404,9
8697,3334404,9
8698,3334285,21
8699,3334404,9
8700,3334494,0
8701,3334136,36
8702,3334404,9
8703,3334285,21
8704,3334404,9
8705,3334404,9
8706,3334285,21
8707,3334494,0
8708,3334285,21
8709,3334404,9
8710,3334494,0
8711,3334404,9
8712,3334404,9
8713,3196614,14187
8714,3334494,0
8715,3334494,0
8716,3334136,36
8717,3334404,9
8718,3334285,21
8719,3334107,39
8720,3334494,0
8721,3334404,9
8722,3332618,189
8723,3334285,21
8724,3334404,9
8725,3333928,57
8726,3334494,0
8727,3334255,24
8728,3334494,0
8729,3334107,39
8730,3334107,39
8731,3334404,9
8732,3333154,135
8733,3334136,36
8734,3334404,9
8735,3334136,36
8736,3334494,0
8737,3334404,9
8738,3334285,21
8739,3334494,0
8740,3334494,0
8741,3331845,267
8742,3333690,81
8743,3334404,9
8744,3334404,9
8745,3334404,9
8746,3333928,57
8747,3334404,9
8748,3334285,21
8749,3334255,24
8750,3334255,24
8751,3334494,0
8752,3334404,9
8753,3334404,9
8754,3334404,9
8755,3334255,24
8756,3334494,0
8757,3334404,9
8758,3334404,9
8759,3333154,135
8760,3334255,24
8761,3334494,0
8762,3331458,306
8763,3334494,0
8764,3333898,60
8765,3334404,9
8766,3333928,57
8767,3334285,21
8768,3334404,9
8769,3333898,60
8770,3334404,9
8771,3333719,78
8772,3334494,0
8773,3334494,0
8774,3333719,78
8775,3325454,912
8776,3333630,87
8777,3334494,0
8778,3334404,9
8779,3334285,21
8780,3334285,21
8781,3334136,36
8782,3334404,9
8783,3334494,0
8784,3334494,0
8785,3333154,135
8786,3334494,0
8787,3332678,183
8788,3334255,24
8789,3334404,9
8790,3334494,0
8791,3334285,21
8792,3334047,45
8793,3334255,24
8794,3334404,9
8795,3334494,0
8796,3334285,21
8797,3334494,0
8798,3334285,21
8799,3334107,39
8800,3332440,207
8801,3334494,0
8802,3334255,24
8803,3334494,0
8804,3334494,0
8805,3334494,0
8806,3334404,9
8807,3333958,54
8808,3331607,291
8809,3334404,9
8810,3332678,183
8811,3334107,39
8812,3334285,21
8813,3334255,24
8814,3333035,147
8815,3334494,0
8816,3334285,21
8817,3333035,147
8818,3334404,9
8819,3334404,9
8820,3334494,0
8821,3334404,9
8822,3334285,21
8823,3334255,24
8824,3334404,9
8825,3334255,24
8826,3332588,192
8827,3334285,21
8828,3334404,9
8829,3334404,9
8830,3334494,0
8831,3334107,39
8832,3334404,9
8833,3332053,246
8834,3334255,24
8835,3334404,9
8836,3334494,0
8837,3334107,39
8838,3334404,9
8839,3333928,57
8840,3332588,192
8841,3334107,39
8842,3334255,24
8843,3334494,0
8844,3334047,45
8845,3334285,21
8846,3334404,9
8847,3334107,39
8848,3333719,78
8849,3334404,9
8850,3334255,24
8851,3334404,9
8852,3334404,9
8853,3334494,0
8854,3333035,147
8855,3334404,9
8856,3334404,9
8857,3334404,9
8858,3329287,525
8859,3334285,21
8860,3334107,39
8861,3334107,39
8862,3334494,0
8863,3334285,21
8864,3322486,1212
8865,3334494,0
8866,3334494,0
8867,3334285,21
8868,3334404,9
8869,3334404,9
8870,3334255,24
8871,3334285,21
8872,3334404,9
8873,3334404,9
8874,3334494,0
8875,3332588,192
8876,3334494,0
8877,3334494,0
8878,3334404,9
8879,3334404,9
8880,3334404,9
8881,3334255,24
8882,3334494,0
8883,3333928,57
8884,3334107,39
8885,3329733,480
8886,3334494,0
8887,3334404,9
8888,3334404,9
8889,3334404,9
8890,3334494,0
8891,3334285,21
8892,3332440,207
8893,3334494,0
8894,3334494,0
8895,3334404,9
8896,3334404,9
8897,3334404,9
8898,3334404,9
8899,3334136,36
8900,3334494,0
8901,3334404,9
8902,3334494,0
8903,3333690,81
8904,3334494,0
8905,3334494,0
8906,3334107,39
8907,3334494,0
8908,3334136,36
8909,3334255,24
8910,3334404,9
8911,3334404,9
8912,3334494,0
8913,3334404,9
8914,3334494,0
8915,3334285,21
8916,3334404,9
8917,3334494,0
8918,3333660,84
8919,3334494,0
8920,3334047,45
8921,3334285,21
8922,3334404,9
8923,3334404,9
8924,3333958,54
8925,3334494,0
8926,3334285,21
8927,3334494,0
8928,3332023,249
8929,3334494,0
8930,3334255,24
8931,3334494,0
8932,3334107,39
8933,3334107,39
8934,3334494,0
8935,3334285,21
8936,3334255,24
8937,3334255,24
8938,3334107,39
8939,3334404,9
8940,3333928,57
8941,3333630,87
8942,3327771,678
8943,3334494,0
8944,3333928,57
8945,3333660,84
8946,3334494,0
8947,3332053,246
8948,3334494,0
8949,3334404,9
8950,3334285,21
8951,3334404,9
8952,3334107,39
8953,3334494,0
8954,3334136,36
8955,3334107,39
8956,3334047,45
8957,3333898,60
8958,3334494,0
8959,3334107,39
8960,3334255,24
8961,3334494,0
8962,3334404,9
8963,3334285,21
8964,3334255,24
8965,3332588,192
8966,3298776,3618
8967,3334404,9
8968,3334285,21
8969,3333958,54
8970,3334494,0
8971,3333690,81
8972,3328663,588
8973,3334494,0
8974,3334285,21
8975,3334494,0
8976,3319224,1542
8977,3334494,0
8978,3334494,0
8979,3334255,24
8980,3334255,24
8981,3334404,9
8982,3333154,135
8983,3334404,9
8984,3334404,9
8985,3334285,21
8986,3334255,24
8987,3334107,39
8988,3332618,189
8989,3333868,63
8990,3334255,24
8991,3334255,24
8992,3334255,24
8993,3321655,1296
8994,3334404,9
8995,3334404,9
8996,3334494,0
8997,3334255,24
8998,3334404,9
8999,3334255,24
9000,3332440,207
9001,3334404,9
9002,3334404,9
9003,3334494,0
9004,3334285,21
9005,3331785,273
9006,3333630,87
9007,3334255,24
9008,3334404,9
9009,3334404,9
9010,3334404,9
9011,3323643,1095
9012,3334404,9
9013,3334255,24
9014,3334255,24
9015,3334404,9
9016,3334494,0
9017,3334285,21
9018,3334404,9
9019,3334494,0
9020,3334404,9
9021,3334255,24
9022,3334255,24
9023,3333035,147
9024,3334107,39
9025,3334494,0
9026,3334404,9
9027,3334255,24
9028,3334494,0
9029,3334494,0
9030,3334136,36
9031,3332618,189
9032,3332618,189
9033,3334107,39
9034,3333154,135
9035,3334404,9
9036,3334285,21
9037,3334494,0
9038,3334404,9
9039,3334494,0
9040,3334404,9
9041,3334107,39
9042,3334404,9
9043,3333035,147
9044,3333898,60
9045,3334494,0
9046,3334404,9
9047,3334404,9
9048,3334255,24
9049,3334404,9
9050,3333154,135
9051,3334404,9
9052,3334404,9
9053,3332588,192
9054,3334047,45
9055,3334494,0
9056,3332440,207
9057,3332856,165
9058,3332588,192
9059,3334255,24
9060,3334285,21
9061,3333868,63
9062,3334494,0
9063,3334404,9
9064,3334494,0
9065,3332618,189
9066,3334404,9
9067,3334107,39
9068,3334255,24
9069,3334255,24
9070,3334404,9
9071,3334404,9
9072,3334404,9
9073,3330803,372
9074,3331190,333
9075,3334107,39
9076,3316113,1857
9077,3334285,21
9078,3334404,9
9079,3334494,0
9080,3333690,81
9081,3333928,57
9082,3334494,0
9083,3334494,0
9084,3334494,0
9085,3334494,0
9086,3334255,24
9087,3334494,0
9088,3334285,21
9089,3334494,0
9090,3334285,21
9091,3334494,0
9092,3334494,0
9093,3334494,0
9094,3334285,21
9095,3334494,0
9096,3333154,135
9097,3334404,9
9098,3334494,0
9099,3334404,9
9100,3334285,21
9101,3334404,9
9102,3334404,9
9103,3334494,0
9104,3334494,0
9105,3333690,81
9106,3334404,9
9107,3334494,0
9108,3332588,192
9109,3334494,0
9110,3334285,21
9111,3334404,9
9112,3334404,9
9113,3334404,9
9114,3334136,36
9115,3333035,147
9116,3334494,0
9117,3334494,0
9118,3334404,9
9119,3334494,0
9120,3334255,24
9121,3333928,57
9122,3334494,0
9123,3334494,0
9124,3334494,0
9125,3334404,9
9126,3334404,9
9127,3333719,78
9128,3332440,207
9129,3334136,36
9130,3334404,9
9131,3334494,0
9132,3334494,0
9133,3334494,0
9134,3334285,21
9135,3334494,0
9136,3334494,0
9137,3334494,0
9138,3334404,9
9139,3334494,0
9140,3330119,441
9141,3334494,0
9142,3334494,0
9143,3334285,21
9144,3333719,78
9145,3334494,0
9146,3334494,0
9147,3334404,9
9148,3334255,24
9149,3333928,57
9150,3334494,0
9151,3334255,24
9152,3334285,21
9153,3333928,57
9154,3334255,24
9155,3334285,21
9156,3328841,570
9157,3334494,0
9158,3334255,24
9159,3334494,0
9160,3334404,9
9161,3334494,0
9162,3334494,0
9163,3334107,39
9164,3334494,0
9165,3334494,0
9166,3334285,21
9167,3325573,900
9168,3334136,36
9169,3333868,63
9170,3334285,21
9171,3334404,9
9172,3334047,45
9173,3331845,267
9174,3334404,9
9175,3334255,24
9176,3333868,63
9177,3334107,39
9178,3334136,36
9179,3334494,0
9180,3334107,39
9181,3334404,9
9182,3334285,21
9183,3334494,0
9184,3334494,0
9185,3332588,192
9186,3334285,21
9187,3334404,9
9188,3334404,9
9189,3333898,60
9190,3334285,21
9191,3334255,24
9192,3334494,0
9193,3334404,9
9194,3334404,9
9195,3334255,24
9196,3332053,246
9197,3334047,45
9198,3334255,24
9199,3334494,0
9200,3333154,135
9201,3334404,9
9202,3334047,45
9203,3332886,162
9204,3334255,24
9205,3334494,0
9206,3334255,24
9207,3334494,0
9208,3334404,9
9209,3332588,192
9210,3334404,9
9211,3286427,4878
9212,3334404,9
9213,3334404,9
9214,3334404,9
9215,3334255,24
9216,3334285,21
9217,3334494,0
9218,3334404,9
9219,3334494,0
9220,3332678,183
9221,3334107,39
9222,3333154,135
9223,3334494,0
9224,3334255,24
9225,3334404,9
9226,3334136,36
9227,3334107,39
9228,3333868,63
9229,3334255,24
9230,3334494,0
9231,3334404,9
9232,3333154,135
9233,3334107,39
9234,3333035,147
9235,3334404,9
9236,3334404,9
9237,3329971,456
9238,3334494,0
9239,3334047,45
9240,3334404,9
9241,3334404,9
9242,3334285,21
9243,3334494,0
9244,3334404,9
9245,3334404,9
9246,3334404,9
9247,3334494,0
9248,3334404,9
9249,3331458,306
9250,3334404,9
9251,3334494,0
9252,3334107,39
9253,3334285,21
9254,3334494,0
9255,3334255,24
9256,3334285,21
9257,3332440,207
9258,3334494,0
9259,3333898,60
9260,3334285,21
9261,3333868,63
9262,3334494,0
9263,3334494,0
9264,3333690,81
9265,3334285,21
9266,3334285,21
9267,3334255,24
9268,3334136,36
9269,3334494,0
9270,3334404,9
9271,3334494,0
9272,3334404,9
9273,3332588,192
9274,3334404,9
9275,3333868,63
9276,3334255,24
9277,3334404,9
9278,3332261,225
9279,3334494,0
9280,3334404,9
9281,3332886,162
9282,3334494,0
9283,3334107,39
9284,3333898,60
9285,3334494,0
9286,3334404,9
9287,3333154,135
9288,3333868,63
9289,3334404,9
9290,3334494,0
9291,3334494,0
9292,3332916,159
9293,3148819,19248
9294,3334285,21
9295,3334404,9
9296,3334404,9
9297,3334404,9
9298,3334404,9
9299,3334494,0
9300,3334404,9
9301,3302342,3255
9302,3334285,21
9303,3334494,0
9304,3334494,0
9305,3334285,21
9306,3332588,192
9307,3333898,60
9308,3334404,9
9309,3334255,24
9310,3334404,9
9311,3329376,516
9312,3334107,39
9313,3334107,39
9314,3334255,24
9315,3334494,0
9316,3334107,39
9317,3334404,9
9318,3327504,705
9319,3334494,0
9320,3334255,24
9321,3334404,9
9322,3333898,60
9323,3333035,147
9324,3334255,24
9325,3334404,9
9326,3334136,36
9327,3334494,0
9328,3334285,21
9329,3329138,540
9330,3334255,24
9331,3334404,9
9332,3330803,372
9333,3334047,45
9334,3334494,0
9335,3334255,24
9336,3334404,9
9337,3334404,9
9338,3331369,315
9339,3334404,9
9340,3334494,0
9341,3334255,24
9342,3334136,36
9343,3333035,147
9344,3334494,0
9345,3334404,9
9346,3333154,135
9347,3334494,0
9348,3334404,9
9349,3334285,21
9350,3334285,21
9351,3334404,9
9352,3334494,0
9353,3334494,0
9354,3334255,24
9355,3332469,204
9356,3334404,9
9357,3334285,21
9358,3334285,21
9359,3334404,9
9360,3333154,135
9361,3334494,0
9362,3334404,9
9363,3334107,39
9364,3334255,24
9365,3334255,24
9366,3334404,9
9367,3334494,0
9368,3334404,9
9369,3334494,0
9370,3334494,0
9371,3334404,9
9372,3334255,24
9373,3333719,78
9374,3333690,81
9375,3332440,207
9376,3334494,0
9377,3334255,24
9378,3334285,21
9379,3334107,39
9380,3334136,36
9381,3334404,9
9382,3334494,0
9383,3334404,9
9384,3334404,9
9385,3334404,9
9386,3329346,519
9387,3334404,9
9388,3334404,9
9389,3334285,21
9390,3334136,36
9391,3334255,24
9392,3334255,24
9393,3334255,24
9394,3334285,21
9395,3334255,24
9396,3333928,57
9397,3334255,24
9398,3334404,9
9399,3331309,321
9400,3334494,0
9401,3334404,9
9402,3334404,9
9403,3334404,9
9404,3334494,0
9405,3334494,0
9406,3334494,0
9407,3334494,0
9408,3334404,9
9409,3334404,9
9410,3334404,9
9411,3332588,192
9412,3334494,0
9413,3334255,24
9414,3334494,0
9415,3334494,0
9416,3334136,36
9417,3334107,39
9418,3334404,9
9419,3334404,9
9420,3334404,9
9421,3334404,9
9422,3334494,0
9423,3334494,0
9424,3334494,0
9425,3334494,0
9426,3334404,9
9427,3334404,9
9428,3334404,9
9429,3334047,45
9430,3334404,9
9431,3334404,9
9432,3332618,189
9433,3334494,0
9434,3332588,192
9435,3334285,21
9436,3334404,9
9437,3334494,0
9438,3334107,39
9439,3334047,45
9440,3334494,0
9441,3334494,0
9442,3334255,24
9443,3334404,9
9444,3334404,9
9445,3334494,0
9446,3334494,0
9447,3334404,9
9448,3333928,57
9449,3334404,9
9450,3334047,45
9451,3334404,9
9452,3333154,135
9453,3334494,0
9454,3334255,24
9455,3334494,0
9456,3333154,135
9457,3333154,135
9458,3334255,24
9459,3334107,39
9460,3334404,9
9461,3334404,9
9462,3334494,0
9463,3334494,0
9464,3332053,246
9465,3334404,9
9466,3334285,21
9467,3334494,0
9468,3334494,0
9469,3334255,24
9470,3334494,0
9471,3334047,45
9472,3334404,9
9473,3334404,9
9474,3334494,0
9475,3334285,21
9476,3334107,39
9477,3333928,57
9478,3334255,24
9479,3334494,0
9480,3332856,165
9481,3334404,9
9482,3334494,0
9483,3334285,21
9484,3325573,900
9485,3334404,9
9486,3334494,0
9487,3334494,0
9488,3334107,39
9489,3334255,24
9490,3334404,9
9491,3334285,21
9492,3334494,0
9493,3334285,21
9494,3334404,9
9495,3334136,36
9496,3334255,24
9497,3334404,9
9498,3334494,0
9499,3334494,0
9500,3334404,9
9501,3331964,255
9502,3334494,0
9503,3334404,9
9504,3334494,0
9505,3334494,0
9506,3334404,9
9507,3334404,9
9508,3334107,39
9509,3334107,39
9510,3329584,495
9511,3334285,21
9512,3332588,192
9513,3334404,9
9514,3334494,0
9515,3334404,9
9516,3334285,21
9517,3334107,39
9518,3334107,39
9519,3334404,9
9520,3334494,0
9521,3334404,9
9522,3334255,24
9523,3334494,0
9524,3334047,45
9525,3334136,36
9526,3334404,9
9527,3334404,9
9528,3333035,147
9529,3334047,45
9530,3334404,9
9531,3334494,0
9532,3334494,0
9533,3334285,21
9534,3334136,36
9535,3334136,36
9536,3334107,39
9537,3333154,135
9538,3333154,135
9539,3334404,9
9540,3334494,0
9541,3334255,24
9542,3334404,9
9543,3334494,0
9544,3334494,0
9545,3334494,0
9546,3333719,78
9547,3334255,24
9548,3328663,588
9549,3334107,39
9550,3334107,39
9551,3334404,9
9552,3333719,78
9553,3334404,9
9554,3334404,9
9555,3334404,9
9556,3334255,24
9557,3334494,0
9558,3334255,24
9559,3334404,9
9560,3334404,9
9561,3334285,21
9562,3334107,39
9563,3325276,930
9564,3334404,9
9565,3334494,0
9566,3334285,21
9567,3334494,0
9568,3334404,9
9569,3334285,21
9570,3334494,0
9571,3334404,9
9572,3334494,0
9573,3334404,9
9574,3332588,192
9575,3334285,21
9576,3333154,135
9577,3334404,9
9578,3334494,0
9579,3334285,21
9580,3334255,24
9581,3334285,21
9582,3331964,255
9583,3334136,36
9584,3334136,36
9585,3334285,21
9586,3334404,9
9587,3334494,0
9588,3334404,9
9589,3334404,9
9590,3334494,0
9591,3334404,9
9592,3334404,9
9593,3334404,9
9594,3332023,249
9595,3334107,39
9596,3334494,0
9597,3334494,0
9598,3334494,0
9599,3334285,21
9600,3334494,0
9601,3334404,9
9602,3334494,0
9603,3334494,0
9604,3332469,204
9605,3334494,0
9606,3334404,9
9607,3334255,24
9608,3334255,24
9609,3333928,57
9610,3334404,9
9611,3334494,0
9612,3334285,21
9613,3334404,9
9614,3334494,0
9615,3334494,0
9616,3334255,24
9617,3334255,24
9618,3334494,0
9619,3333928,57
9620,3333928,57
9621,3334107,39
9622,3334404,9
9623,3334255,24
9624,3334494,0
9625,3334047,45
9626,3256484,7953
9627,3334136,36
9628,3334107,39
9629,3334255,24
9630,3332588,192
9631,3334404,9
9632,3334285,21
9633,3334107,39
9634,3334494,0
9635,3334404,9
9636,3334404,9
9637,3334494,0
9638,3331964,255
9639,3334255,24
9640,3334107,39
9641,3334404,9
9642,3330000,453
9643,3334404,9
9644,3334494,0
9645,3334494,0
9646,3334255,24
9647,3334404,9
9648,3334047,45
9649,3334494,0
9650,3334255,24
9651,3334404,9
9652,3334047,45
9653,3334107,39
9654,3331785,273
9655,3334285,21
9656,3334136,36
9657,3334494,0
9658,3332440,207
9659,3332886,162
9660,3334404,9
9661,3334285,21
9662,3334404,9
9663,3333928,57
9664,3334285,21
9665,3332588,192
9666,3334255,24
9667,3334255,24
9668,3334107,39
9669,3334494,0
9670,3333928,57
9671,3334285,21
9672,3332440,207
9673,3334404,9
9674,3332588,192
9675,3334494,0
9676,3333868,63
9677,3333154,135
9678,3325573,900
9679,3334404,9
9680,3332588,192
9681,3333154,135
9682,3334404,9
9683,3334494,0
9684,3334136,36
9685,3334047,45
9686,3334047,45
9687,3334494,0
9688,3334107,39
9689,3334285,21
9690,3334494,0
9691,3333154,135
9692,3334404,9
9693,3334494,0
9694,3333035,147
9695,3334494,0
9696,3334494,0
9697,3334404,9
9698,3334136,36
9699,3334107,39
9700,3334285,21
9701,3334494,0
9702,3334404,9
9703,3334255,24
9704,3334404,9
9705,3333660,84
9706,3334494,0
9707,3334404,9
9708,3333928,57
9709,3334285,21
9710,3334255,24
9711,3334404,9
9712,3334255,24
9713,3334494,0
9714,3334494,0
9715,3334494,0
9716,3334404,9
9717,3334255,24
9718,3334494,0
9719,3334404,9
9720,3334255,24
9721,3334404,9
9722,3334107,39
9723,3334494,0
9724,3334255,24
9725,3334494,0
9726,3325454,912
9727,3334404,9
9728,3334404,9
9729,3334494,0
9730,3334494,0
9731,3334136,36
9732,3334255,24
9733,3334255,24
9734,3334107,39
9735,3334404,9
9736,3333928,57
9737,3334404,9
9738,3334404,9
9739,3334255,24
9740,3334255,24
9741,3334404,9
9742,3334494,0
9743,3334404,9
9744,3334136,36
9745,3334494,0
9746,3334494,0
9747,3334255,24
9748,3334404,9
9749,3334285,21
9750,3334047,45
9751,3334136,36
9752,3334404,9
9753,3334404,9
9754,3333928,57
9755,3334404,9
9756,3334494,0
9757,3334404,9
9758,3334255,24
9759,3331785,273
9760,3334285,21
9761,3334285,21
9762,3325276,930
9763,3334107,39
9764,3334494,0
9765,3333154,135
9766,3334107,39
9767,3334494,0
9768,3334404,9
9769,3334285,21
9770,3334255,24
9771,3334255,24
9772,3334255,24
9773,3333154,135
9774,3334494,0
9775,3334285,21
9776,3334494,0
9777,3334404,9
9778,3334285,21
9779,3334255,24
9780,3333898,60
9781,3303876,3099
9782,3330714,381
9783,3334285,21
9784,3334404,9
9785,3193418,14523
9786,3334494,0
9787,3333719,78
9788,3276464,5898
9789,3334404,9
9790,3334404,9
9791,3334494,0
9792,3334404,9
9793,3334107,39
9794,3334404,9
9795,3333898,60
9796,3334494,0
9797,3334404,9
9798,3334404,9
9799,3334136,36
9800,3334107,39
9801,3334404,9
9802,3334107,39
9803,3333035,147
9804,3334404,9
9805,3334255,24
9806,3334404,9
9807,3333154,135
9808,3334404,9
9809,3334494,0
9810,3334404,9
9811,3334494,0
9812,3334404,9
9813,3334494,0
9814,3334494,0
9815,3334285,21
9816,3334494,0
9817,3334404,9
9818,3334404,9
9819,3334404,9
9820,3334255,24
9821,3334404,9
9822,3334285,21
9823,3334136,36
9824,3334404,9
9825,3334494,0
9826,3334255,24
9827,3334404,9
9828,3334285,21
9829,3334404,9
9830,3334255,24
9831,3327771,678
9832,3334404,9
9833,3333868,63
9834,3334136,36
9835,3334404,9
9836,3334136,36
9837,3334255,24
9838,2945181,41709
9839,3334494,0
9840,3334494,0
9841,3334255,24
9842,3334494,0
9843,3334404,9
9844,3334404,9
9845,3333928,57
9846,3334285,21
9847,3334285,21
9848,3266473,6924
9849,3334285,21
9850,3334285,21
9851,3320736,1389
9852,3333154,135
9853,3334494,0
9854,3333928,57
9855,3334494,0
9856,3334404,9
9857,3334404,9
9858,3334404,9
9859,3334107,39
9860,3334494,0
9861,3334136,36
9862,3334285,21
9863,3333154,135
9864,3334107,39
9865,3333928,57
9866,3334285,21
9867,3334494,0
9868,3334404,9
9869,3334494,0
9870,3334255,24
9871,3334107,39
9872,3334404,9
9873,3334255,24
9874,3334107,39
9875,3334494,0
9876,3334255,24
9877,3334285,21
9878,3334285,21
9879,3334494,0
9880,3332023,249
9881,3334404,9
9882,3334255,24
9883,3334255,24
9884,3334404,9
9885,3334494,0
9886,3334494,0
9887,3334494,0
9888,3334494,0
9889,3334255,24
9890,3334255,24
9891,3334404,9
9892,3334285,21
9893,3334285,21
9894,3334255,24
9895,3334404,9
9896,3334255,24
9897,3333928,57
9898,3334494,0
9899,3334404,9
9900,3334494,0
9901,3334404,9
9902,3332588,192
9903,3334404,9
9904,3334255,24
9905,3334494,0
9906,3334285,21
9907,3334285,21
9908,3334107,39
9909,3334494,0
9910,3334404,9
9911,3334404,9
9912,3334404,9
9913,3334107,39
9914,3334404,9
9915,3332261,225
9916,3334255,24
9917,3334285,21
9918,3333035,147
9919,3334494,0
9920,3333154,135
9921,3334404,9
9922,3333898,60
9923,3334107,39
9924,3318957,1569
9925,3333898,60
9926,3332261,225
9927,3334404,9
9928,3334255,24
9929,3334285,21
9930,3334494,0
9931,3334404,9
9932,3329852,468
9933,3334404,9
9934,3334285,21
9935,3334136,36
9936,3334404,9
9937,3334404,9
9938,3334494,0
9939,3333630,87
9940,3334255,24
9941,3334494,0
9942,3334494,0
9943,3334404,9
9944,3334404,9
9945,3334255,24
9946,3334107,39
9947,3334494,0
9948,3334494,0
9949,3334404,9
9950,3334494,0
9951,3334494,0
9952,3334404,9
9953,3334285,21
9954,3334255,24
9955,3332588,192
9956,3334136,36
9957,3334404,9
9958,3334255,24
9959,3334404,9
9960,3334494,0
9961,3334136,36
9962,3334494,0
9963,3334404,9
9964,3334107,39
9965,3334404,9
9966,3334107,39
9967,3334404,9
9968,3334404,9
9969,3334404,9
9970,3334404,9
9971,3334494,0
9972,3334404,9
9973,3334494,0
9974,3332440,207
9975,3334404,9
9976,3334404,9
9977,3334494,0
9978,3334494,0
9979,3334107,39
9980,3334494,0
9981,3334404,9
9982,3334255,24
9983,3334285,21
9984,3333630,87
9985,3334494,0
9986,3334404,9
9987,3334494,0
9988,3334255,24
9989,3334255,24
9990,3334107,39
9991,3334494,0
9992,3334494,0
9993,3334494,0
9994,3334404,9
9995,3334255,24
9996,3334494,0
9997,3334404,9
9998,3334494,0
9999,3334107,39
10000,3333928,57
10001,3334404,9
10002,3334404,9
10003,3332261,225
10004,3323643,1095
10005,3334404,9
10006,3334285,21
10007,3334404,9
10008,3281032,5430
10009,3334285,21
10010,3334285,21
10011,3334404,9
10012,3333035,147
10013,3334255,24
10014,3334404,9
10015,3334107,39
10016,3334494,0
10017,3333958,54
10018,3334255,24
10019,3334285,21
10020,3333035,147
10021,3334285,21
10022,3334107,39
10023,3334047,45
10024,3334494,0
10025,3334047,45
10026,3334404,9
10027,3333630,87
10028,3334404,9
10029,3334494,0
10030,3334285,21
10031,3334404,9
10032,3334494,0
10033,3334285,21
10034,3334404,9
10035,3334047,45
10036,3334494,0
10037,3334285,21
10038,3334285,21
10039,3334404,9
10040,3332469,204
10041,3334494,0
10042,3334494,0
10043,3334494,0
10044,3334107,39
10045,3334255,24
10046,3332618,189
10047,3334255,24
10048,3334255,24
10049,3334255,24
10050,3333035,147
10051,3334404,9
10052,3331785,273
10053,3334404,9
10054,3334404,9
10055,3333154,135
10056,3334494,0
10057,3334494,0
10058,3333958,54
10059,3333868,63
10060,3334494,0
10061,3334494,0
10062,3334404,9
10063,3334285,21
10064,3333154,135
10065,3333154,135
10066,3334285,21
10067,3334285,21
10068,3334107,39
10069,3334404,9
10070,3334107,39
10071,3334404,9
10072,3334107,39
10073,3334404,9
10074,3334255,24
10075,3334494,0
10076,3334494,0
10077,3332440,207
10078,3334404,9
10079,3334404,9
10080,3334494,0
10081,3334285,21
10082,3334107,39
10083,3334404,9
10084,3334404,9
10085,3334494,0
10086,3334494,0
10087,3332588,192
10088,3334494,0
10089,3334404,9
10090,3334285,21
10091,3334285,21
10092,3334494,0
10093,3334494,0
10094,3333154,135
10095,3334404,9
10096,3332618,189
10097,3334404,9
10098,3334136,36
10099,3332202,231
10100,3332588,192
10101,3332440,207
10102,3333868,63
10103,3332886,162
10104,3334404,9
10105,3334404,9
10106,3334136,36
10107,3334494,0
10108,3334404,9
10109,3334285,21
10110,3334255,24
10111,3334494,0
10112,3334404,9
10113,3334494,0
10114,3334107,39
10115,3324890,969
10116,3334136,36
10117,3332083,243
10118,3334285,21
10119,3334494,0
10120,3334494,0
10121,3334494,0
10122,3334285,21
10123,3334404,9
10124,3334494,0
10125,3334136,36
10126,3334255,24
10127,3334404,9
10128,3334404,9
10129,3334494,0
10130,3334494,0
10131,3334494,0
10132,3334404,9
10133,3334255,24
10134,3333749,75
10135,3334404,9
10136,3334404,9
10137,3333898,60
10138,3334494,0
10139,3334494,0
10140,3334285,21
10141,3334494,0
10142,3334494,0
10143,3328633,591
10144,3334494,0
10145,3333392,111
10146,3334107,39
10147,3333898,60
10148,3334404,9
10149,3334494,0
10150,3333035,147
10151,3334494,0
10152,3334107,39
10153,3334494,0
10154,3334107,39
10155,3330090,444
10156,3334285,21
10157,3334255,24
10158,3334404,9
10159,3334285,21
10160,3334404,9
10161,3334255,24
10162,3333928,57
10163,3334404,9
10164,3334285,21
10165,3334404,9
10166,3334255,24
10167,3333958,54
10168,3334285,21
10169,3334404,9
10170,3334404,9
10171,3333928,57
10172,3332588,192
10173,3334255,24
10174,3334404,9
10175,3333868,63
10176,3334494,0
10177,3334404,9
10178,3334404,9
10179,3334404,9
10180,3334404,9
10181,3334494,0
10182,3334404,9
10183,3334285,21
10184,3334494,0
10185,3334494,0
10186,3334494,0
10187,3334255,24
10188,3334285,21
10189,3334494,0
10190,3334136,36
10191,3334494,0
10192,3334047,45
10193,3334404,9
10194,3334494,0
10195,3334285,21
10196,3334404,9
10197,3334255,24
10198,3334285,21
10199,3331369,315
10200,3334047,45
10201,3334494,0
10202,3334404,9
10203,3334404,9
10204,3334404,9
10205,3334494,0
10206,3334136,36
10207,3334107,39
10208,3334404,9
10209,3334494,0
10210,3334107,39
10211,3334494,0
10212,3334494,0
10213,3334404,9
10214,3334404,9
10215,3334404,9
10216,3334404,9
10217,3334494,0
10218,3334047,45
10219,3334107,39
10220,3332291,222
10221,3334404,9
10222,3334404,9
10223,3334404,9
10224,3334404,9
10225,3334404,9
10226,3334494,0
10227,3334404,9
10228,3334285,21
10229,3334285,21
10230,3334285,21
10231,3334494,0
10232,3332440,207
10233,3332588,192
10234,3334255,24
10235,3325573,900
10236,3334047,45
10237,3334494,0
10238,3334107,39
10239,3334494,0
10240,3334404,9
10241,3322337,1227
10242,3334494,0
10243,3334404,9
10244,3334404,9
10245,3316320,1836
10246,3334107,39
10247,3334285,21
10248,3334107,39
10249,3334404,9
10250,3332469,204
10251,3334494,0
10252,3334404,9
10253,3334494,0
10254,3334404,9
10255,3333928,57
10256,3334494,0
10257,3334285,21
10258,3332886,162
10259,3334494,0
10260,3333898,60
10261,3334107,39
10262,3334494,0
10263,3334107,39
10264,3334494,0
10265,3333898,60
10266,3334404,9
10267,3334494,0
10268,3334285,21
10269,3332588,192
10270,3334404,9
10271,3334255,24
10272,3334494,0
10273,3334494,0
10274,3230388,10656
10275,3324652,993
10276,3334285,21
10277,3334404,9
10278,3333154,135
10279,3334404,9
10280,3334494,0
10281,3334494,0
10282,3292272,4281
10283,3333154,135
10284,3334404,9
10285,3334494,0
10286,3334494,0
10287,3334494,0
10288,3281325,5400
10289,3333928,57
10290,3334404,9
10291,3303404,3147
10292,3334404,9
10293,3334494,0
10294,3334107,39
10295,3334285,21
10296,3333035,147
10297,3334285,21
10298,3334255,24
10299,3333898,60
10300,3334404,9
10301,3334494,0
10302,3334107,39
10303,3332261,225
10304,3333928,57
10305,3334494,0
10306,3334404,9
10307,3334404,9
10308,3334285,21
10309,3334404,9
10310,3334404,9
10311,3334404,9
10312,3334494,0
10313,3334404,9
10314,3334404,9
10315,3322130,1248
10316,3334404,9
10317,3333154,135
10318,3334404,9
10319,3334285,21
10320,3334494,0
10321,3334255,24
10322,3334494,0
10323,3334404,9
10324,3312532,2220
10325,3333928,57
10326,3334404,9
10327,3334285,21
10328,3334255,24
10329,3333392,111
10330,3334494,0
10331,3334107,39
10332,3334404,9
10333,3334285,21
10334,3334404,9
10335,3334404,9
10336,3334404,9
10337,3334494,0
10338,3334494,0
10339,3333898,60
10340,3333928,57
10341,3334494,0
10342,3334404,9
10343,3334404,9
10344,3334404,9
10345,3334494,0
10346,3334404,9
10347,3334494,0
10348,3333928,57
10349,3334285,21
10350,3332440,207
10351,3334404,9
10352,3334285,21
10353,3334404,9
10354,3334404,9
10355,3334404,9
10356,3334494,0
10357,3334494,0
10358,3232552,10431
10359,3330119,441
10360,3330060,447
10361,3334285,21
10362,3334404,9
10363,3334494,0
10364,3334404,9
10365,3334494,0
10366,3334255,24
10367,3334255,24
10368,3334494,0
10369,3334255,24
10370,3334494,0
10371,3334404,9
10372,3334255,24
10373,3333690,81
10374,3334285,21
10375,3334107,39
10376,3334404,9
10377,3333690,81
10378,3334404,9
10379,3334255,24
10380,3334136,36
10381,3334255,24
10382,3334494,0
10383,3334136,36
10384,3334404,9
10385,3332886,162
10386,3332023,249
10387,3334494,0
10388,3334404,9
10389,3334494,0
10390,3322634,1197
10391,3334494,0
10392,3334404,9
10393,3330119,441
10394,3334494,0
10395,3334255,24
10396,3334285,21
10397,3331577,294
10398,3334107,39
10399,3334404,9
10400,3334285,21
10401,3334404,9
10402,3334285,21
10403,3334404,9
10404,3334404,9
10405,3334285,21
10406,3334285,21
10407,3334494,0
10408,3334494,0
10409,3334404,9
10410,3334404,9
10411,3334404,9
10412,3334255,24
10413,3334047,45
10414,3334404,9
10415,3334136,36
10416,3334494,0
10417,3334404,9
10418,3330298,423
10419,3334285,21
10420,3334255,24
10421,3334255,24
10422,3333154,135
10423,3334404,9
10424,3332588,192
10425,3323643,1095
10426,3334494,0
10427,3334255,24
10428,3334494,0
10429,3334404,9
10430,3334404,9
10431,3334255,24
10432,3334285,21
10433,3333898,60
10434,3334404,9
10435,3334494,0
10436,3334404,9
10437,3334404,9
10438,3334404,9
10439,3334494,0
10440,3334404,9
10441,3334404,9
10442,3333154,135
10443,3334107,39
10444,3334494,0
10445,3334494,0
10446,3332588,192
10447,3334285,21
10448,3334494,0
10449,3334404,9
10450,3334494,0
10451,3334255,24
10452,3334494,0
10453,3334255,24
10454,3334494,0
10455,3334285,21
10456,3334494,0
10457,3325454,912
10458,3334494,0
10459,3334404,9
10460,3334494,0
10461,3272780,6276
10462,3334404,9
10463,3333690,81
10464,3334494,0
10465,3334404,9
10466,3334136,36
10467,3334494,0
10468,3334494,0
10469,3334285,21
10470,3334255,24
10471,3334494,0
10472,3334494,0
10473,3332440,207
10474,3334494,0
10475,3334404,9
10476,3334404,9
10477,3334494,0
10478,3334494,0
10479,3334255,24
10480,3334494,0
10481,3333035,147
10482,3334494,0
10483,3334285,21
10484,3334107,39
10485,3333690,81
10486,3334404,9
10487,3334404,9
10488,3334404,9
10489,3334404,9
10490,3334494,0
10491,3334404,9
10492,3334494,0
10493,3334494,0
10494,3334285,21
10495,3334255,24
10496,3334494,0
10497,3334404,9
10498,3332588,192
10499,3334404,9
10500,3334494,0
10501,3334494,0
10502,3334494,0
10503,3334494,0
10504,3334404,9
10505,3334404,9
10506,3327979,657
10507,3334285,21
10508,3334285,21
10509,3334494,0
10510,3333035,147
10511,3334404,9
10512,3332440,207
10513,3334404,9
10514,3334404,9
10515,3334404,9
10516,3334404,9
10517,3334107,39
10518,3334494,0
10519,3334285,21
10520,3334404,9
10521,3331845,267
10522,3333660,84
10523,3333928,57
10524,3334255,24
10525,3334404,9
10526,3322486,1212
10527,3334494,0
10528,3334285,21
10529,3332886,162
10530,3333868,63
10531,3334285,21
10532,3334404,9
10533,3332588,192
10534,3334404,9
10535,3334494,0
10536,3334107,39
10537,3334404,9
10538,3334255,24
10539,3334404,9
10540,3334107,39
10541,3334404,9
10542,3334404,9
10543,3334404,9
10544,3331874,264
10545,3334404,9
10546,3334404,9
10547,3334494,0
10548,3334494,0
10549,3334494,0
10550,3334494,0
10551,3332023,249
10552,3334255,24
10553,3334107,39
10554,3334404,9
10555,3334494,0
10556,3334404,9
10557,3334404,9
10558,3334255,24
10559,3334494,0
10560,3334494,0
10561,3334255,24
10562,3334494,0
10563,3334255,24
10564,3334404,9
10565,3334285,21
10566,3334494,0
10567,3334404,9
10568,3334494,0
10569,3332618,189
10570,3332886,162
10571,3334404,9
10572,3334404,9
10573,3334494,0
10574,3334255,24
10575,3334494,0
10576,3334255,24
10577,3334404,9
10578,3333898,60
10579,3334404,9
10580,3333035,147
10581,3334494,0
10582,3334107,39
10583,3334255,24
10584,3334404,9
10585,3334404,9
10586,3333928,57
10587,3334404,9
10588,3334285,21
10589,3334255,24
10590,3334494,0
10591,3334107,39
10592,3334404,9
10593,3334404,9
10594,3334494,0
10595,3334404,9
10596,3334107,39
10597,3334285,21
10598,3334404,9
10599,3334285,21
10600,3333154,135
10601,3334404,9
10602,3334494,0
10603,3334285,21
10604,3334494,0
10605,3334107,39
10606,3334494,0
10607,3334255,24
10608,3329406,513
10609,3334494,0
10610,3334285,21
10611,3334494,0
10612,3334404,9
10613,3334404,9
10614,3334494,0
10615,3334494,0
10616,3334255,24
10617,3334404,9
10618,3332856,165
10619,3334404,9
10620,3334404,9
10621,3334285,21
10622,3334255,24
10623,3334136,36
10624,3332856,165
10625,3334404,9
10626,3334255,24
10627,3334136,36
10628,3334404,9
10629,3333035,147
10630,3332588,192
10631,3334494,0
10632,3334107,39
10633,3334494,0
10634,3334404,9
10635,3334494,0
10636,3334404,9
10637,3334494,0
10638,3334107,39
10639,3334404,9
10640,3334404,9
10641,3334404,9
10642,3334136,36
10643,3334107,39
10644,3332440,207
10645,3333958,54
10646,3334494,0
10647,3334107,39
10648,3334494,0
10649,3281208,5412
10650,3334404,9
10651,3334047,45
10652,3334404,9
10653,3334494,0
10654,3334494,0
10655,3333154,135
10656,3334494,0
10657,3334136,36
10658,3333035,147
10659,3334404,9
10660,3334136,36
10661,3334494,0
10662,3334404,9
10663,3334404,9
10664,3334404,9
10665,3334404,9
10666,3334404,9
10667,3334285,21
10668,3334404,9
10669,3333868,63
10670,3334494,0
10671,3334404,9
10672,3334255,24
10673,3334494,0
10674,3334285,21
10675,3334255,24
10676,3334107,39
10677,3334494,0
10678,3334494,0
10679,3334136,36
10680,3332588,192
10681,3334404,9
10682,3334494,0
10683,3334404,9
10684,3334494,0
10685,3334404,9
10686,3334285,21
10687,3334404,9
10688,3334494,0
10689,3333868,63
10690,3334255,24
10691,3334404,9
10692,3332588,192
10693,3334494,0
10694,3334494,0
10695,3334404,9
10696,3333868,63
10697,3322486,1212
10698,3334494,0
10699,3334404,9
10700,3334494,0
10701,3334494,0
10702,3334494,0
10703,3334494,0
10704,3334255,24
10705,3334107,39
10706,3334494,0
10707,3334107,39
10708,3334494,0
10709,3334047,45
10710,3334107,39
10711,3334404,9
10712,3334404,9
10713,3334285,21
10714,3334494,0
10715,3334107,39
10716,3334494,0
10717,3333719,78
10718,3334255,24
10719,3334136,36
10720,3334404,9
10721,3332469,204
10722,3334404,9
10723,3334404,9
10724,3334494,0
10725,3334494,0
10726,3332023,249
10727,3334494,0
10728,3334107,39
10729,3334404,9
10730,3334255,24
10731,3334404,9
10732,3334494,0
10733,3334494,0
10734,3334494,0
10735,3334494,0
10736,3334494,0
10737,3334404,9
10738,3334404,9
10739,3333928,57
10740,3334285,21
10741,3334494,0
10742,3334255,24
10743,3334404,9
10744,3333928,57
10745,3334494,0
10746,3334255,24
10747,3333660,84
10748,3334404,9
10749,3334136,36
10750,3334404,9
10751,3332588,192
10752,3334494,0
10753,3334255,24
10754,3334404,9
10755,3334404,9
10756,3334107,39
10757,3334494,0
10758,3334255,24
10759,3334494,0
10760,3334285,21
10761,3334285,21
10762,3334494,0
10763,3334255,24
10764,3334285,21
10765,3334404,9
10766,3334404,9
10767,3334494,0
10768,3334404,9
10769,3165283,17496
10770,3334404,9
10771,3334404,9
10772,3334285,21
10773,3334494,0
10774,3334285,21
10775,3334404,9
10776,3334404,9
10777,3334404,9
10778,3334404,9
10779,3334107,39
10780,3334107,39
10781,3329406,513
10782,3334494,0
10783,3334494,0
10784,3334285,21
10785,3334404,9
10786,3333154,135
10787,3334494,0
10788,3334404,9
10789,3334404,9
10790,3334494,0
10791,3334494,0
10792,3325513,906
10793,3334107,39
10794,3334285,21
10795,3333154,135
10796,3334285,21
10797,3334494,0
10798,3334404,9
10799,3334404,9
10800,3333868,63
10801,3334285,21
10802,3334494,0
10803,3331964,255
10804,3334404,9
10805,3331369,315
10806,3334494,0
10807,3332261,225
10808,3334494,0
10809,3334285,21
10810,3334047,45
10811,3334047,45
10812,3334494,0
10813,3333035,147
10814,3334404,9
10815,3334494,0
10816,3334494,0
10817,3334107,39
10818,3334107,39
10819,3334285,21
10820,3334404,9
10821,3334255,24
10822,3334404,9
10823,3334494,0
10824,3334285,21
10825,3333035,147
10826,3334404,9
10827,3334404,9
10828,3334404,9
10829,3334494,0
10830,3334404,9
10831,3334136,36
10832,3334404,9
10833,3334404,9
10834,3334107,39
10835,3334494,0
10836,3334107,39
10837,3334404,9
10838,3334494,0
10839,3334404,9
10840,3334404,9
10841,3334136,36
10842,3334255,24
10843,3333868,63
10844,3334494,0
10845,3334255,24
10846,3334404,9
10847,3334494,0
10848,3332856,165
10849,3334494,0
10850,3334404,9
10851,3334404,9
10852,3334107,39
10853,3334404,9
10854,3332588,192
10855,3333928,57
10856,3334107,39
10857,3334404,9
10858,3334285,21
10859,3334494,0
10860,3333035,147
10861,3334404,9
10862,3334404,9
10863,3333958,54
10864,3322337,1227
10865,3333898,60
10866,3334404,9
10867,3334494,0
10868,3333035,147
10869,3334285,21
10870,3334494,0
10871,3334404,9
10872,3333690,81
10873,3334285,21
10874,3333898,60
10875,3333035,147
10876,3333660,84
10877,3334136,36
10878,3334494,0
10879,3334404,9
10880,3334285,21
10881,3334107,39
10882,3334494,0
10883,3333660,84
10884,3288482,4668
10885,3334404,9
10886,3334404,9
10887,3334494,0
10888,3334494,0
10889,3334107,39
10890,3334404,9
10891,3334404,9
10892,3334285,21
10893,3334494,0
10894,3332440,207
10895,3334285,21
10896,3334285,21
10897,3334404,9
10898,3310551,2421
10899,3334404,9
10900,3334404,9
10901,3334404,9
10902,3334404,9
10903,3334404,9
10904,3281061,5427
10905,3334494,0
10906,3334404,9
10907,3334107,39
10908,3334255,24
10909,3334404,9
10910,3334136,36
10911,3334255,24
10912,3333898,60
10913,3334494,0
10914,3237492,9918
10915,3334404,9
10916,3332023,249
10917,3334494,0
10918,3334494,0
10919,3334494,0
10920,3334404,9
10921,3333868,63
10922,3334494,0
10923,3334494,0
10924,3334285,21
10925,3334494,0
10926,3334494,0
10927,3334404,9
10928,3334404,9
10929,3334107,39
10930,3334494,0
10931,3334404,9
10932,3326969,759
10933,3334255,24
10934,3334136,36
10935,3334494,0
10936,3331041,348
10937,3332588,192
10938,3334494,0
10939,3334494,0
10940,3334404,9
10941,3334494,0
10942,3334494,0
10943,3334494,0
10944,3334404,9
10945,3334255,24
10946,3334494,0
10947,3334494,0
10948,3334494,0
10949,3334404,9
10950,3333868,63
10951,3333898,60
10952,3334255,24
10953,3334285,21
10954,3334107,39
10955,3334494,0
10956,3334494,0
10957,3334494,0
10958,3334404,9
10959,3334107,39
10960,3334404,9
10961,3334494,0
10962,3334285,21
10963,3333898,60
10964,3334047,45
10965,3334494,0
10966,3333868,63
10967,3331428,309
10968,3334404,9
10969,3334285,21
10970,3334404,9
10971,3334494,0
10972,3334494,0
10973,3334404,9
10974,3334404,9
10975,3334107,39
10976,3334404,9
10977,3334404,9
10978,3334404,9
10979,3334285,21
10980,3333928,57
10981,3334404,9
10982,3329435,510
10983,3334404,9
10984,3334494,0
10985,3334107,39
10986,3334107,39
10987,3334494,0
10988,3334255,24
10989,3334285,21
10990,3334494,0
10991,3334494,0
10992,3334404,9
10993,3334255,24
10994,3334107,39
10995,3334255,24
10996,3334107,39
10997,3334285,21
10998,3334494,0
10999,3334494,0
11000,3334494,0
11001,3334494,0
11002,3334107,39
11003,3331428,309
11004,3334494,0
11005,3334047,45
11006,3334404,9
11007,3334255,24
11008,3334404,9
11009,3334494,0
11010,3334285,21
11011,3334285,21
11012,3332440,207
11013,3332588,192
11014,3333958,54
11015,3334404,9
11016,3334255,24
11017,3334285,21
11018,3334255,24
11019,3334404,9
11020,3334494,0
11021,3334404,9
11022,3334136,36
11023,3334285,21
11024,3334494,0
11025,3334136,36
11026,3334255,24
11027,3334494,0
11028,3334404,9
11029,3333035,147
11030,3334494,0
11031,3334494,0
11032,3334404,9
11033,3334404,9
11034,3334494,0
11035,3334255,24
11036,3334107,39
11037,3333154,135
11038,3334494,0
11039,3334404,9
11040,3334494,0
11041,3334107,39
11042,3333928,57
11043,3334494,0
11044,3334285,21
11045,3334404,9
11046,3333868,63
11047,3334494,0
11048,3334285,21
11049,3334494,0
11050,3334494,0
11051,3334255,24
11052,3334494,0
11053,3334047,45
11054,3334404,9
11055,3334136,36
11056,3334404,9
11057,3334494,0
11058,3334494,0
11059,3334107,39
11060,3334404,9
11061,3334255,24
11062,3334255,24
11063,3333928,57
11064,3334404,9
11065,3334285,21
11066,3334285,21
11067,3334494,0
11068,3334285,21
11069,3334494,0
11070,3334107,39
11071,3334494,0
11072,3334404,9
11073,3334404,9
11074,3334285,21
11075,3334285,21
11076,3334404,9
11077,3334494,0
11078,3334404,9
11079,3334404,9
11080,3334404,9
11081,3334404,9
11082,3334404,9
11083,3332440,207
11084,3334255,24
11085,3334404,9
11086,3334285,21
11087,3334404,9
11088,3333184,132
11089,3332886,162
11090,3334255,24
11091,3333898,60
11092,3334285,21
11093,3333035,147
11094,3334494,0
11095,3334494,0
11096,3334404,9
11097,3334494,0
11098,3334494,0
11099,3334494,0
11100,3333184,132
11101,3334404,9
11102,3334494,0
11103,3334285,21
11104,3334494,0
11105,3334404,9
11106,3334404,9
11107,3334404,9
11108,3334404,9
11109,3334494,0
11110,3334404,9
11111,3334494,0
11112,3333898,60
11113,3334107,39
11114,3334255,24
11115,3334404,9
11116,3334494,0
11117,3333868,63
11118,3334404,9
11119,3334136,36
11120,3334494,0
11121,3334255,24
11122,3334285,21
11123,3332023,249
11124,3334255,24
11125,3334494,0
11126,3334285,21
11127,3334107,39
11128,3334494,0
11129,3334136,36
11130,3334255,24
11131,3334404,9
11132,3334255,24
11133,3334494,0
11134,3334255,24
11135,3334494,0
11136,3334255,24
11137,3334404,9
11138,3334255,24
11139,3334404,9
11140,3334255,24
11141,3334494,0
11142,3334047,45
11143,3334494,0
11144,3334494,0
11145,3316942,1773
11146,3330714,381
11147,3334285,21
11148,3297304,3768
11149,3334404,9
11150,3332588,192
11151,3334285,21
11152,3334404,9
11153,3334404,9
11154,3334136,36
11155,3334107,39
11156,3334404,9
11157,3334255,24
11158,3334285,21
11159,3334404,9
11160,3334255,24
11161,3334404,9
11162,3334404,9
11163,3334494,0
11164,3334107,39
11165,3334047,45
11166,3334494,0
11167,3334404,9
11168,3334285,21
11169,3334404,9
11170,3334047,45
11171,3334494,0
11172,3333719,78
11173,3333660,84
11174,3334285,21
11175,3334136,36
11176,3334494,0
11177,3334404,9
11178,3334494,0
11179,3334107,39
11180,3334494,0
11181,3334404,9
11182,3334047,45
11183,3334107,39
11184,3334494,0
11185,3333868,63
11186,3334285,21
11187,3334404,9
11188,3334494,0
11189,3334107,39
11190,3334285,21
11191,3334285,21
11192,3296097,3891
11193,3333035,147
11194,3334404,9
11195,3334404,9
11196,3334107,39
11197,3334404,9
11198,3334494,0
11199,3334255,24
11200,3334285,21
11201,3334404,9
11202,3334494,0
11203,3334494,0
11204,3333928,57
11205,3334404,9
11206,3334255,24
11207,3334494,0
11208,3333779,72
11209,3333154,135
11210,3334136,36
11211,3334494,0
11212,3334047,45
11213,3334494,0
11214,3334255,24
11215,3334404,9
11216,3333958,54
11217,3334285,21
11218,3332440,207
11219,3334494,0
11220,3334494,0
11221,3334404,9
11222,3331964,255
11223,3334255,24
11224,3334494,0
11225,3330803,372
11226,3334047,45
11227,3332588,192
11228,3334404,9
11229,3334404,9
11230,3334285,21
11231,3334404,9
11232,3334285,21
11233,3334404,9
11234,3334404,9
11235,3334255,24
11236,3334404,9
11237,3332023,249
11238,3334285,21
11239,3333035,147
11240,3334404,9
11241,3334047,45
11242,3334404,9
11243,3333928,57
11244,3334494,0
11245,3334255,24
11246,3334494,0
11247,3334404,9
11248,3334494,0
11249,3333333,117
11250,3334494,0
11251,3334494,0
11252,3334494,0
11253,3334494,0
11254,3334255,24
11255,3334404,9
11256,3334494,0
11257,3334404,9
11258,3334494,0
11259,3334404,9
11260,3332261,225
11261,3334494,0
11262,3329257,528
11263,3330803,372
11264,3334404,9
11265,3334107,39
11266,3334136,36
11267,3334255,24
11268,3334404,9
11269,3334494,0
11270,3334404,9
11271,3331785,273
11272,3334404,9
11273,3334404,9
11274,3334107,39
11275,3329525,501
11276,3333154,135
11277,3334404,9
11278,3334285,21
11279,3332588,192
11280,3334494,0
11281,3334404,9
11282,3334494,0
11283,3334255,24
11284,3334404,9
11285,3334404,9
11286,3334494,0
11287,3325454,912
11288,3332291,222
11289,3334404,9
11290,3334494,0
11291,3334404,9
11292,3334404,9
11293,3334255,24
11294,3333868,63
11295,3334285,21
11296,3334255,24
11297,3334494,0
11298,3334404,9
11299,3334494,0
11300,3334404,9
11301,3334404,9
11302,3334285,21
11303,3334494,0
11304,3334255,24
11305,3334285,21
11306,3334494,0
11307,3334494,0
11308,3334494,0
11309,3334255,24
11310,3334494,0
11311,3334285,21
11312,3334136,36
11313,3334285,21
11314,3334494,0
11315,3334255,24
11316,3334404,9
11317,3334255,24
11318,3331785,273
11319,3334255,24
11320,3334494,0
11321,3334404,9
11322,3334404,9
11323,3333958,54
11324,3333898,60
11325,3334404,9
11326,3334494,0
11327,3334404,9
11328,3334404,9
11329,3334404,9
11330,3334494,0
11331,3334494,0
11332,3334136,36
11333,3332678,183
11334,3334404,9
11335,3334047,45
11336,3334285,21
11337,3334494,0
11338,3334494,0
11339,3334285,21
11340,3334404,9
11341,3334107,39
11342,3334404,9
11343,3334404,9
11344,3334494,0
11345,3334285,21
11346,3334494,0
11347,3334404,9
11348,3334494,0
11349,3334136,36
11350,3334136,36
11351,3334494,0
11352,3334404,9
11353,3334255,24
11354,3331220,330
11355,3334255,24
11356,3333898,60
11357,3334255,24
11358,3334255,24
11359,3334107,39
11360,3334494,0
11361,3334404,9
11362,3334255,24
11363,3334136,36
11364,3334404,9
11365,3334255,24
11366,3334494,0
11367,3334255,24
11368,3334404,9
11369,3334136,36
11370,3334494,0
11371,3334494,0
11372,3334255,24
11373,3334107,39
11374,3334404,9
11375,3334255,24
11376,3334255,24
11377,3334494,0
11378,3334107,39
11379,3334494,0
11380,3332588,192
11381,3331964,255
11382,3334404,9
11383,3334255,24
11384,3334404,9
11385,3334255,24
11386,3334494,0
11387,3334255,24
11388,3334404,9
11389,3334404,9
11390,3334404,9
11391,3334107,39
11392,3334404,9
11393,3334404,9
11394,3334285,21
11395,3334285,21
11396,3334494,0
11397,3334255,24
11398,3334255,24
11399,3334494,0
11400,3334494,0
11401,3334107,39
11402,3334494,0
11403,3334255,24
11404,3334494,0
11405,3334404,9
11406,3334107,39
11407,3334404,9
11408,3332707,180
11409,3334136,36
11410,3334404,9
11411,3334136,36
11412,3333898,60
11413,3334404,9
11414,3332588,192
11415,3334107,39
11416,3334285,21
11417,3334494,0
11418,3334494,0
11419,3334494,0
11420,3334285,21
11421,3234198,10260
11422,3332440,207
11423,3334255,24
11424,3334107,39
11425,3334404,9
11426,3333690,81
11427,3334255,24
11428,3334255,24
11429,3334255,24
11430,3334494,0
11431,3334255,24
11432,3334494,0
11433,3334255,24
11434,3334494,0
11435,3334285,21
11436,3334494,0
11437,3334255,24
11438,3334494,0
11439,3334107,39
11440,3334494,0
11441,3334494,0
11442,3331785,273
11443,3334404,9
11444,3334136,36
11445,3334404,9
11446,3334255,24
11447,3334404,9
11448,3329406,513
11449,3334494,0
11450,3334494,0
11451,3334285,21
11452,3334404,9
11453,3334047,45
11454,3332886,162
11455,3325454,912
11456,3333928,57
11457,3333035,147
11458,3334285,21
11459,3334107,39
11460,3334404,9
11461,3334404,9
11462,3334047,45
11463,3334404,9
11464,3334494,0
11465,3334255,24
11466,3322337,1227
11467,3334255,24
11468,3334404,9
11469,3333958,54
11470,3333719,78
11471,3334047,45
11472,3334404,9
11473,3334136,36
11474,3333958,54
11475,3334404,9
11476,3334404,9
11477,3334107,39
11478,3334285,21
11479,3334404,9
11480,3333035,147
11481,3334494,0
11482,3334494,0
11483,3332588,192
11484,3332261,225
11485,3332440,207
11486,3329376,516
11487,3334285,21
11488,3334285,21
11489,3334107,39
11490,3334404,9
11491,3334494,0
11492,3334404,9
11493,3334404,9
11494,3334404,9
11495,3334107,39
11496,3334285,21
11497,3334047,45
11498,3334494,0
11499,3333154,135
11500,3334494,0
11501,3334404,9
11502,3332856,165
11503,3333035,147
11504,3334404,9
11505,3334494,0
11506,3334404,9
11507,3334107,39
11508,3334404,9
11509,3334255,24
11510,3334494,0
11511,3334255,24
11512,3334494,0
11513,3334285,21
11514,3334255,24
11515,3334285,21
11516,3332588,192
11517,3334404,9
11518,3334404,9
11519,3334494,0
11520,3334107,39
11521,3334404,9
11522,3332440,207
11523,3334404,9
11524,3334494,0
11525,3334404,9
11526,3334107,39
11527,3334285,21
11528,3334107,39
11529,3334255,24
11530,3334404,9
11531,3334494,0
11532,3334285,21
11533,3334255,24
11534,3334494,0
11535,3334404,9
11536,3333243,126
11537,3334404,9
11538,3334494,0
11539,3334404,9
11540,3334107,39
11541,3333958,54
11542,3334255,24
11543,3334494,0
11544,3334404,9
11545,3334136,36
11546,3334404,9
11547,3334404,9
11548,3334404,9
11549,3334494,0
11550,3334404,9
11551,3333035,147
11552,3333154,135
11553,3300603,3432
11554,3334404,9
11555,3328960,558
11556,3334136,36
11557,3334404,9
11558,3334285,21
11559,3334494,0
11560,3334136,36
11561,3334494,0
11562,3334404,9
11563,3334494,0
11564,3334404,9
11565,3334494,0
11566,3334404,9
11567,3334255,24
11568,3334285,21
11569,3334285,21
11570,3334404,9
11571,3334494,0
11572,3333154,135
11573,3334255,24
11574,3334404,9
11575,3333928,57
11576,3334404,9
11577,3334494,0
11578,3334404,9
11579,3334404,9
11580,3334494,0
11581,3333154,135
11582,3334404,9
11583,3334404,9
11584,3334494,0
11585,3334404,9
11586,3334494,0
11587,3334404,9
11588,3334494,0
11589,3334494,0
11590,3334285,21
11591,3334255,24
11592,3334404,9
11593,3331785,273
11594,3334285,21
11595,3334494,0
11596,3334494,0
11597,3334494,0
11598,3334107,39
11599,3334107,39
11600,3334404,9
11601,3333928,57
11602,3333928,57
11603,3333154,135
11604,3334494,0
11605,3334404,9
11606,3332886,162
11607,3334404,9
11608,3334255,24
11609,3334404,9
11610,3334136,36
11611,3334494,0
11612,3334107,39
11613,3334494,0
11614,3332023,249
11615,3334494,0
11616,3334255,24
11617,3334404,9
11618,3334404,9
11619,3334494,0
11620,3332886,162
11621,3333928,57
11622,3334494,0
11623,3334494,0
11624,3334255,24
11625,3334107,39
11626,3332588,192
11627,3334494,0
11628,3334404,9
11629,3334404,9
11630,3334404,9
11631,3333749,75
11632,3334494,0
11633,3334404,9
11634,3333154,135
11635,3334404,9
11636,3334404,9
11637,3334494,0
11638,3334404,9
11639,3334107,39
11640,3334494,0
11641,3332440,207
11642,3334404,9
11643,3334494,0
11644,3334494,0
11645,3334404,9
11646,3334404,9
11647,3334404,9
11648,3334494,0
11649,3334494,0
11650,3334255,24
11651,3334107,39
11652,3334285,21
11653,3332588,192
11654,3333898,60
11655,3334285,21
11656,3334255,24
11657,3334404,9
11658,3334255,24
11659,3334404,9
11660,3332440,207
11661,3334494,0
11662,3334494,0
11663,3334404,9
11664,3334494,0
11665,3334255,24
11666,3334404,9
11667,3329138,540
11668,3334047,45
11669,3333928,57
11670,3333630,87
11671,3334255,24
11672,3334404,9
11673,3334404,9
11674,3334285,21
11675,3334494,0
11676,3332618,189
11677,3333928,57
11678,3334494,0
11679,3334404,9
11680,3334494,0
11681,3334494,0
11682,3333898,60
11683,3332261,225
11684,3334404,9
11685,3334136,36
11686,3334136,36
11687,3334404,9
11688,3334107,39
11689,3334136,36
11690,3334494,0
11691,3334404,9
11692,3334255,24
11693,3334285,21
11694,3334494,0
11695,3334404,9
11696,3334494,0
11697,3334107,39
11698,3334404,9
11699,3334255,24
11700,3333928,57
11701,3334404,9
11702,3334494,0
11703,3334404,9
11704,3334404,9
11705,3332231,228
11706,3328663,588
11707,3334255,24
11708,3334404,9
11709,3334404,9
11710,3334404,9
11711,3334255,24
11712,3334404,9
11713,3333035,147
11714,3333958,54
11715,3334404,9
11716,3334285,21
11717,3334494,0
11718,3333928,57
11719,3334494,0
11720,3334255,24
11721,3334107,39
11722,3334494,0
11723,3334285,21
11724,3334136,36
11725,3334494,0
11726,3334255,24
11727,3330803,372
11728,3334255,24
11729,3334255,24
11730,3334404,9
11731,3334494,0
11732,3334404,9
11733,3334404,9
11734,3331220,330
11735,3334285,21
11736,3334494,0
11737,3334285,21
11738,3334404,9
11739,3334494,0
11740,3334404,9
11741,3319224,1542
11742,3334047,45
11743,3334404,9
11744,3334404,9
11745,3334255,24
11746,3334404,9
11747,3334494,0
11748,3333928,57
11749,3333154,135
11750,3334255,24
11751,3334404,9
11752,3332886,162
11753,3334404,9
11754,3334404,9
11755,3332053,246
11756,3334107,39
11757,3331369,315
11758,3334494,0
11759,3334404,9
11760,3334255,24
11761,3334494,0
11762,3334404,9
11763,3333035,147
11764,3334494,0
11765,3334494,0
11766,3333154,135
11767,3334255,24
11768,3333154,135
11769,3334404,9
11770,3334494,0
11771,3334404,9
11772,3334255,24
11773,3333035,147
11774,3334107,39
11775,3334285,21
11776,3334285,21
11777,3334107,39
11778,3334404,9
11779,3325573,900
11780,3334404,9
11781,3333690,81
11782,3333690,81
11783,3334107,39
11784,3332261,225
11785,3334404,9
11786,3334494,0
11787,3333749,75
11788,3334404,9
11789,3334494,0
11790,3334285,21
11791,3334404,9
11792,3334404,9
11793,3334494,0
11794,3334494,0
11795,3334494,0
11796,3332588,192
11797,3332588,192
11798,3334285,21
11799,3332588,192
11800,3334494,0
11801,3332886,162
11802,3334494,0
11803,3333154,135
11804,3334494,0
11805,3334285,21
11806,3334255,24
11807,3332588,192
11808,3334494,0
11809,3334494,0
11810,3333660,84
11811,3334255,24
11812,3332231,228
11813,3334285,21
11814,3334285,21
11815,3334404,9
11816,3334404,9
11817,3334404,9
11818,3334404,9
11819,3334255,24
11820,3334494,0
11821,3334494,0
11822,3334404,9
11823,3334285,21
11824,3334047,45
11825,3334494,0
11826,3334494,0
11827,3334404,9
11828,3334404,9
11829,3334255,24
11830,3334285,21
11831,3334494,0
11832,3334404,9
11833,3334494,0
11834,3333898,60
11835,3334494,0
11836,3333630,87
11837,3334494,0
11838,3334107,39
11839,3330803,372
11840,3334285,21
11841,3334494,0
11842,3333928,57
11843,3334494,0
11844,3334107,39
11845,3332707,180
11846,3334107,39
11847,3334255,24
11848,3332023,249
11849,3334404,9
11850,3332886,162
11851,3334494,0
11852,3334494,0
11853,3333719,78
11854,3334285,21
11855,3334107,39
11856,3332856,165
11857,3334404,9
11858,3334494,0
11859,3334494,0
11860,3334136,36
11861,3334494,0
11862,3334404,9
11863,3333154,135
11864,3334494,0
11865,3334404,9
11866,3334255,24
11867,3334255,24
11868,3334404,9
11869,3334494,0
11870,3333630,87
11871,3334285,21
11872,3334404,9
11873,3332440,207
11874,3334404,9
11875,3334285,21
11876,3334404,9
11877,3334404,9
11878,3325454,912
11879,3333154,135
11880,3334255,24
11881,3334255,24
11882,3334255,24
11883,3329554,498
11884,3334494,0
11885,3334494,0
11886,3334404,9
11887,3334404,9
11888,3334494,0
11889,3334107,39
11890,3332588,192
11891,3334494,0
11892,3332588,192
11893,3334136,36
11894,3330833,369
11895,3332588,192
11896,3334404,9
11897,3334404,9
11898,3334494,0
11899,3331577,294
11900,3334404,9
11901,3334255,24
11902,3334285,21
11903,3334136,36
11904,3334404,9
11905,3334285,21
11906,3334285,21
11907,3334494,0
11908,3334494,0
11909,3334285,21
11910,3334404,9
11911,3334404,9
11912,3334494,0
11913,3334107,39
11914,3334494,0
11915,3334404,9
11916,3334136,36
11917,3334404,9
11918,3334404,9
11919,3334404,9
11920,3334404,9
11921,3334107,39
11922,3334494,0
11923,3334404,9
11924,3334494,0
11925,3334255,24
11926,3322486,1212
11927,3334404,9
11928,3334494,0
11929,3334494,0
11930,3334107,39
11931,3334285,21
11932,3334494,0
11933,3334107,39
11934,3334285,21
11935,3334107,39
11936,3334494,0
11937,3334255,24
11938,3332856,165
11939,3334404,9
11940,3334404,9
11941,3334255,24
11942,3334494,0
11943,3334285,21
11944,3334494,0
11945,3334107,39
11946,3332440,207
11947,3334494,0
11948,3333928,57
11949,3334494,0
11950,3334107,39
11951,3333958,54
11952,3334494,0
11953,3333928,57
11954,3334404,9
11955,3334047,45
11956,3333928,57
11957,3334255,24
11958,3334404,9
11959,3333154,135
11960,3334285,21
11961,3334107,39
11962,3334494,0
11963,3332886,162
11964,3334494,0
11965,3334107,39
11966,3334285,21
11967,3334404,9
11968,3334494,0
11969,3334404,9
11970,3334494,0
11971,3334404,9
11972,3334404,9
11973,3334494,0
11974,3334404,9
11975,3334494,0
11976,3334494,0
11977,3334494,0
11978,3334404,9
11979,3333928,57
11980,3334494,0
11981,3334404,9
11982,3334404,9
11983,3334285,21
11984,3334404,9
11985,3334285,21
11986,3324890,969
11987,3334494,0
11988,3334404,9
11989,3334404,9
11990,3334255,24
11991,3332440,207
11992,3334494,0
11993,3334404,9
11994,3334494,0
11995,3334404,9
11996,3334494,0
11997,3334107,39
11998,3334285,21
11999,3334494,0
12000,3325098,948
12001,3334107,39
12002,3334494,0
12003,3334285,21
12004,3334494,0
12005,3332588,192
12006,3334107,39
12007,3333035,147
12008,3334494,0
12009,3334404,9
12010,3334404,9
12011,3334494,0
12012,3334285,21
12013,3334255,24
12014,3334494,0
12015,3334255,24
12016,3334107,39
12017,3334255,24
12018,3332261,225
12019,3331250,327
12020,3334404,9
12021,3334494,0
12022,3334404,9
12023,3333928,57
12024,3334404,9
12025,3334404,9
12026,3334404,9
12027,3334107,39
12028,3332023,249
12029,3334255,24
12030,3334285,21
12031,3334255,24
12032,3334285,21
12033,3334404,9
12034,3334404,9
12035,3334107,39
12036,3334107,39
12037,3334404,9
12038,3334494,0
12039,3333690,81
12040,3334255,24
12041,3334255,24
12042,3334404,9
12043,3333868,63
12044,3334494,0
12045,3332588,192
12046,3334404,9
12047,3334494,0
12048,3334404,9
12049,3334494,0
12050,3334285,21
12051,3334494,0
12052,3332023,249
12053,3333035,147
12054,3333958,54
12055,3333868,63
12056,3334494,0
12057,3334404,9
12058,3332440,207
12059,3334494,0
12060,3334494,0
12061,3334494,0
12062,3334404,9
12063,3333035,147
12064,3334494,0
12065,3334285,21
12066,3334404,9
12067,3334494,0
12068,3334285,21
12069,3334404,9
12070,3334404,9
12071,3334404,9
12072,3334285,21
12073,3334404,9
12074,3334404,9
12075,3334404,9
12076,3334255,24
12077,3334285,21
12078,3334404,9
12079,3334255,24
12080,3333898,60
12081,3334494,0
12082,3334107,39
12083,3334107,39
12084,3334494,0
12085,3334494,0
12086,3334494,0
12087,3334255,24
12088,3334494,0
12089,3333928,57
12090,3334255,24
12091,3334494,0
12092,3334494,0
12093,3334404,9
12094,3325573,900
12095,3334136,36
12096,3334404,9
12097,3334404,9
12098,3334404,9
12099,3334404,9
12100,3334404,9
12101,3334047,45
12102,3334494,0
12103,3334494,0
12104,3332588,192
12105,3334494,0
12106,3332440,207
12107,3332440,207
12108,3333928,57
12109,3334494,0
12110,3333154,135
12111,3334107,39
12112,3334107,39
12113,3334136,36
12114,3334107,39
12115,3131266,21126
12116,3334404,9
12117,3334404,9
12118,3334107,39
12119,3334494,0
12120,3334494,0
12121,3333928,57
12122,3334255,24
12123,3334494,0
12124,3334494,0
12125,3334404,9
12126,3334494,0
12127,3334255,24
12128,3334285,21
12129,3334494,0
12130,3334107,39
12131,3334404,9
12132,3334494,0
12133,3334494,0
12134,3334404,9
12135,3334404,9
12136,3333958,54
12137,3334404,9
12138,3334136,36
12139,3334136,36
12140,3334136,36
12141,3334285,21
12142,3334404,9
12143,3334285,21
12144,3334404,9
12145,3334404,9
12146,3334404,9
12147,3334255,24
12148,3333898,60
12149,3334494,0
12150,3333571,93
12151,3334404,9
12152,3334404,9
12153,3334285,21
12154,3334494,0
12155,3334404,9
12156,3334285,21
12157,3334404,9
12158,3334494,0
12159,3334494,0
12160,3334255,24
12161,3334285,21
12162,3333035,147
12163,3334404,9
12164,3334404,9
12165,3334404,9
12166,3334404,9
12167,3334404,9
12168,3334404,9
12169,3334255,24
12170,3334494,0
12171,3334494,0
12172,3334494,0
12173,3334285,21
12174,3334107,39
12175,3334404,9
12176,3325454,912
12177,3334494,0
12178,3334255,24
12179,3334404,9
12180,3334494,0
12181,3334404,9
12182,3334404,9
12183,3334255,24
12184,3334255,24
12185,3334404,9
12186,3334404,9
12187,3334494,0
12188,3334494,0
12189,3334494,0
12190,3334107,39
12191,3334404,9
12192,3334107,39
12193,3334404,9
12194,3334255,24
12195,3334107,39
12196,3334255,24
12197,3334494,0
12198,3334107,39
12199,3334404,9
12200,3334494,0
12201,3332023,249
12202,3334494,0
12203,3334404,9
12204,3334404,9
12205,3334494,0
12206,3334255,24
12207,3334494,0
12208,3333035,147
12209,3334494,0
12210,3333154,135
12211,3334107,39
12212,3334404,9
12213,3334136,36
12214,3334255,24
12215,3332618,189
12216,3334255,24
12217,3334494,0
12218,3334404,9
12219,3334404,9
12220,3334494,0
12221,3334494,0
12222,3332440,207
12223,3334285,21
12224,3334285,21
12225,3332707,180
12226,3334404,9
12227,3333154,135
12228,3331815,270
12229,3334494,0
12230,3334255,24
12231,3333154,135
12232,3334285,21
12233,3334285,21
12234,3334494,0
12235,3334285,21
12236,3334494,0
12237,3334404,9
12238,3334404,9
12239,3334494,0
12240,3334494,0
12241,3334255,24
12242,3333898,60
12243,3334494,0
12244,3334107,39
12245,3334404,9
12246,3334404,9
12247,3334255,24
12248,3334404,9
12249,3334494,0
12250,3311231,2352
12251,3334404,9
12252,3334404,9
12253,3334404,9
12254,3330774,375
12255,3334285,21
12256,3334404,9
12257,3334285,21
12258,3334107,39
12259,3334494,0
12260,3332856,165
12261,3332588,192
12262,3332440,207
12263,3334404,9
12264,3334494,0
12265,3334404,9
12266,3334404,9
12267,3334107,39
12268,3334404,9
12269,3334404,9
12270,3334494,0
12271,3334494,0
12272,3334285,21
12273,3334494,0
12274,3334494,0
12275,3331845,267
12276,3334404,9
12277,3334494,0
12278,3334494,0
12279,3332023,249
12280,3334404,9
12281,3334404,9
12282,3334494,0
12283,3334404,9
12284,3334047,45
12285,3334404,9
12286,3334404,9
12287,3334285,21
12288,3334494,0
12289,3334494,0
12290,3332023,249
12291,3334404,9
12292,3331964,255
12293,3334255,24
12294,3334404,9
12295,3334404,9
12296,3334136,36
12297,3334255,24
12298,3334494,0
12299,3334255,24
12300,3334285,21
12301,3334404,9
12302,3332588,192
12303,3334255,24
12304,3334285,21
12305,3328841,570
12306,3334494,0
12307,3334494,0
12308,3334255,24
12309,3334494,0
12310,3334494,0
12311,3334107,39
12312,3334136,36
12313,3334255,24
12314,3334285,21
12315,3334494,0
12316,3332231,228
12317,3334494,0
12318,3334255,24
12319,3334494,0
12320,3334494,0
12321,3334285,21
12322,3334255,24
12323,3334404,9
12324,3334494,0
12325,3334404,9
12326,3334285,21
12327,3334404,9
12328,3334255,24
12329,3334404,9
12330,3334107,39
12331,3334494,0
12332,3331369,315
12333,3334255,24
12334,3334404,9
12335,3334255,24
12336,3332231,228
12337,3334494,0
12338,3334285,21
12339,3334285,21
12340,3334404,9
12341,3334136,36
12342,3333154,135
12343,3334255,24
12344,3329852,468
12345,3334404,9
12346,3334107,39
12347,3334494,0
12348,3332261,225
12349,3334107,39
12350,3334494,0
12351,3332588,192
12352,3334255,24
12353,3333154,135
12354,3333690,81
12355,3332588,192
12356,3334404,9
12357,3334494,0
12358,3333154,135
12359,3334494,0
12360,3334494,0
12361,3334494,0
12362,3334494,0
12363,3334404,9
12364,3334494,0
12365,3334047,45
12366,3334285,21
12367,3334285,21
12368,3332856,165
12369,3334494,0
12370,3334107,39
12371,3334404,9
12372,3334494,0
12373,3333928,57
12374,3333928,57
12375,3334494,0
12376,3334404,9
12377,3331428,309
12378,3334494,0
12379,3331785,273
12380,3334255,24
12381,3334404,9
12382,3334404,9
12383,3334285,21
12384,3334404,9
12385,3334404,9
12386,3334404,9
12387,3333898,60
12388,3334404,9
12389,3334404,9
12390,3334494,0
12391,3334494,0
12392,3334255,24
12393,3334404,9
12394,3334404,9
12395,3334494,0
12396,3334494,0
12397,3332707,180
12398,3334404,9
12399,3334404,9
12400,3334285,21
12401,3334494,0
12402,3334494,0
12403,3334107,39
12404,3333660,84
12405,3334285,21
12406,3334136,36
12407,3330982,354
12408,3334404,9
12409,3334404,9
12410,3332588,192
12411,3334285,21
12412,3334136,36
12413,3334404,9
12414,3334285,21
12415,3334494,0
12416,3334136,36
12417,3334404,9
12418,3334494,0
12419,3334494,0
12420,3334494,0
12421,3334107,39
12422,3334404,9
12423,3334494,0
12424,3334494,0
12425,3333154,135
12426,3334404,9
12427,3334285,21
12428,3334404,9
12429,3333690,81
12430,3334494,0
12431,3334255,24
12432,3334404,9
12433,3334404,9
12434,3334494,0
12435,3334404,9
12436,3334494,0
12437,3334494,0
12438,3334107,39
12439,3334494,0
12440,3334404,9
12441,3334285,21
12442,3334255,24
12443,3331369,315
12444,3334047,45
12445,3334494,0
12446,3334404,9
12447,3334494,0
12448,3334494,0
12449,3334404,9
12450,3334136,36
12451,3334285,21
12452,3334404,9
12453,3334285,21
12454,3334404,9
12455,3334494,0
12456,3333868,63
12457,3334255,24
12458,3334404,9
12459,3334404,9
12460,3334404,9
12461,3334107,39
12462,3334494,0
12463,3334494,0
12464,3332856,165
12465,3334404,9
12466,3334255,24
12467,3334285,21
12468,3334136,36
12469,3333154,135
12470,3333154,135
12471,3334494,0
12472,3334404,9
12473,3332856,165
12474,3332856,165
12475,3334404,9
12476,3334404,9
12477,3334494,0
12478,3334255,24
12479,3334494,0
12480,3334285,21
12481,3334285,21
12482,3334404,9
12483,3334494,0
12484,3334494,0
12485,3333958,54
12486,3334285,21
12487,3334494,0
12488,3334404,9
12489,3334494,0
12490,3334494,0
12491,3334255,24
12492,3334255,24
12493,3334404,9
12494,3334255,24
12495,3333958,54
12496,3334404,9
12497,3334494,0
12498,3334404,9
12499,3334494,0
12500,3334404,9
12501,3237521,9915
12502,3334494,0
12503,3334107,39
12504,3334047,45
12505,3325781,879
12506,3334404,9
12507,3334494,0
12508,3334404,9
12509,3334404,9
12510,3334255,24
12511,3334404,9
12512,3334107,39
12513,3334404,9
12514,3334404,9
12515,3334404,9
12516,3334494,0
12517,3334404,9
12518,3334494,0
12519,3334404,9
12520,3334494,0
12521,3334494,0
12522,3334404,9
12523,3334255,24
12524,3334404,9
12525,3333868,63
12526,3334255,24
12527,3334404,9
12528,3334255,24
12529,3334494,0
12530,3334494,0
12531,3332588,192
12532,3334255,24
12533,3332678,183
12534,3334404,9
12535,3334404,9
12536,3334404,9
12537,3334255,24
12538,3334255,24
12539,3333035,147
12540,3334285,21
12541,3334494,0
12542,3334285,21
12543,3330298,423
12544,3334404,9
12545,3334494,0
12546,3334255,24
12547,3334255,24
12548,3334404,9
12549,3330922,360
12550,3332588,192
12551,3334404,9
12552,3334107,39
12553,3334404,9
12554,3334255,24
12555,3334285,21
12556,3334404,9
12557,3334404,9
12558,3333035,147
12559,3334494,0
12560,3334404,9
12561,3332231,228
12562,3334494,0
12563,3334494,0
12564,3334404,9
12565,3334255,24
12566,3334404,9
12567,3334494,0
12568,3334255,24
12569,3334404,9
12570,3334494,0
12571,3334404,9
12572,3334285,21
12573,3334255,24
12574,3334285,21
12575,3333749,75
12576,3334494,0
12577,3332886,162
12578,3334136,36
12579,3334494,0
12580,3334404,9
12581,3334494,0
12582,3334494,0
12583,3334404,9
12584,3332588,192
12585,3332588,192
12586,3334404,9
12587,3334404,9
12588,3333154,135
12589,3334285,21
12590,3334494,0
12591,3334494,0
12592,3334404,9
12593,3334285,21
12594,3334494,0
12595,3332886,162
12596,3334494,0
12597,3334404,9
12598,3332469,204
12599,3334404,9
12600,3334255,24
12601,3334136,36
12602,3334107,39
12603,3334494,0
12604,3333154,135
12605,3334404,9
12606,3334404,9
12607,3334285,21
12608,3334494,0
12609,3334404,9
12610,3334404,9
12611,3334404,9
12612,3334404,9
12613,3334255,24
12614,3334494,0
12615,3334494,0
12616,3334404,9
12617,3334494,0
12618,3334404,9
12619,3334107,39
12620,3334494,0
12621,3334255,24
12622,3334404,9
12623,3332678,183
12624,3334285,21
12625,3334107,39
12626,3333928,57
12627,3334494,0
12628,3334255,24
12629,3334047,45
12630,3334285,21
12631,3334404,9
12632,3334255,24
12633,3334404,9
12634,3334255,24
12635,3334494,0
12636,3334404,9
12637,3334494,0
12638,3334404,9
12639,3334404,9
12640,3334107,39
12641,3334404,9
12642,3332440,207
12643,3334404,9
12644,3334494,0
12645,3333154,135
12646,3334285,21
12647,3334404,9
12648,3331458,306
12649,3334494,0
12650,3334494,0
12651,3334404,9
12652,3334494,0
12653,3334494,0
12654,3334255,24
12655,3334285,21
12656,3334404,9
12657,3334136,36
12658,3334404,9
12659,3303463,3141
12660,3334285,21
12661,3334494,0
12662,3333154,135
12663,3334404,9
12664,3334494,0
12665,3334404,9
12666,3334255,24
12667,3333928,57
12668,3334404,9
12669,3334404,9
12670,3333928,57
12671,3334404,9
12672,3332886,162
12673,3334255,24
12674,3334107,39
12675,3334136,36
12676,3334494,0
12677,3333154,135
12678,3334494,0
12679,3334285,21
12680,3334494,0
12681,3334255,24
12682,3334494,0
12683,3333154,135
12684,3334494,0
12685,3334255,24
12686,3334255,24
12687,3331845,267
12688,3334285,21
12689,3334404,9
12690,3334404,9
12691,3334107,39
12692,3334404,9
12693,3334404,9
12694,3334404,9
12695,3333868,63
12696,3334255,24
12697,3334255,24
12698,3334255,24
12699,3333035,147
12700,3334255,24
12701,3334047,45
12702,3334494,0
12703,3334285,21
12704,3332856,165
12705,3333868,63
12706,3334494,0
12707,3334285,21
12708,3333154,135
12709,3219215,11820
12710,3334404,9
12711,3334255,24
12712,3334494,0
12713,3334404,9
12714,3291685,4341
12715,3333928,57
12716,3334404,9
12717,3333660,84
12718,3334404,9
12719,3334494,0
12720,3334404,9
12721,3334494,0
12722,3334494,0
12723,3333035,147
12724,3334494,0
12725,3334494,0
12726,3333035,147
12727,3334285,21
12728,3333035,147
12729,3334494,0
12730,3334404,9
12731,3334404,9
12732,3332588,192
12733,3331398,312
12734,3334404,9
12735,3334285,21
12736,3334255,24
12737,3334404,9
12738,3334494,0
12739,3334136,36
12740,3334107,39
12741,3334494,0
12742,3334494,0
12743,3334404,9
12744,3333690,81
12745,3334494,0
12746,3334494,0
12747,3334255,24
12748,3333719,78
12749,3334285,21
12750,3334494,0
12751,3334494,0
12752,3334107,39
12753,3334107,39
12754,3334494,0
12755,3334404,9
12756,3334494,0
12757,3334494,0
12758,3334494,0
12759,3334494,0
12760,3332588,192
12761,3334494,0
12762,3334404,9
12763,3334136,36
12764,3334494,0
12765,3334494,0
12766,3334404,9
12767,3334494,0
12768,3334285,21
12769,3334404,9
12770,3333868,63
12771,3334255,24
12772,3334404,9
12773,3334494,0
12774,3334404,9
12775,3334494,0
12776,3334494,0
12777,3334285,21
12778,3334255,24
12779,3334285,21
12780,3333154,135
12781,3334494,0
12782,3331428,309
12783,3334404,9
12784,3263674,7212
12785,3334404,9
12786,3334494,0
12787,3334494,0
12788,3334255,24
12789,3333154,135
12790,3334255,24
12791,3334404,9
12792,3334107,39
12793,3334404,9
12794,3334255,24
12795,3332588,192
12796,3334494,0
12797,3334494,0
12798,3334136,36
12799,3334107,39
12800,3334285,21
12801,3334404,9
12802,3334255,24
12803,3334285,21
12804,3334404,9
12805,3334047,45
12806,3334494,0
12807,3333719,78
12808,3333154,135
12809,3334494,0
12810,3333958,54
12811,3334404,9
12812,3334404,9
12813,3334255,24
12814,3334494,0
12815,3334404,9
12816,3334404,9
12817,3334285,21
12818,3333035,147
12819,3331845,267
12820,3333035,147
12821,3334494,0
12822,3334255,24
12823,3334404,9
12824,3333868,63
12825,3334494,0
12826,3334107,39
12827,3334285,21
12828,3334494,0
12829,3334494,0
12830,3334494,0
12831,3334404,9
12832,3334404,9
12833,3331428,309
12834,3334494,0
12835,3334255,24
12836,3333154,135
12837,3334255,24
12838,3334107,39
12839,3334404,9
12840,3334494,0
12841,3334494,0
12842,3334494,0
12843,3333035,147
12844,3334255,24
12845,3334494,0
12846,3334404,9
12847,3334107,39
12848,3334285,21
12849,3334255,24
12850,3331785,273
12851,3334494,0
12852,3334494,0
12853,3334255,24
12854,3334404,9
12855,3332588,192
12856,3334285,21
12857,3334404,9
12858,3334404,9
12859,3165905,17430
12860,3333154,135
12861,3334494,0
12862,3332588,192
12863,3293449,4161
12864,3334404,9
12865,3332440,207
12866,3334404,9
12867,3334285,21
12868,3334136,36
12869,3334404,9
12870,3334255,24
12871,3334285,21
12872,3334404,9
12873,3334255,24
12874,3334404,9
12875,3334107,39
12876,3334255,24
12877,3334494,0
12878,3333452,105
12879,3334255,24
12880,3334285,21
12881,3334404,9
12882,3334404,9
12883,3334404,9
12884,3332588,192
12885,3332678,183
12886,3334255,24
12887,3334285,21
12888,3334404,9
12889,3334255,24
12890,3334285,21
12891,3334404,9
12892,3334404,9
12893,3334494,0
12894,3332588,192
12895,3334255,24
12896,3334285,21
12897,3334404,9
12898,3334107,39
12899,3333868,63
12900,3334404,9
12901,3334255,24
12902,3334255,24
12903,3334494,0
12904,3334404,9
12905,3334285,21
12906,3334404,9
12907,3334494,0
12908,3334285,21
12909,3334107,39
12910,3334494,0
12911,3334107,39
12912,3334494,0
12913,3334494,0
12914,3334404,9
12915,3334494,0
12916,3334404,9
12917,3334404,9
12918,3334404,9
12919,3333690,81
12920,3334047,45
12921,3334285,21
12922,3334494,0
12923,3334404,9
12924,3334494,0
12925,3333154,135
12926,3334404,9
12927,3334494,0
12928,3325305,927
12929,3332588,192
12930,3334404,9
12931,3334404,9
12932,3334107,39
12933,3334136,36
12934,3334047,45
12935,3334404,9
12936,3333898,60
12937,3334404,9
12938,3334404,9
12939,3334494,0
12940,3334404,9
12941,3332588,192
12942,3334136,36
12943,3332231,228
12944,3334285,21
12945,3334285,21
12946,3334494,0
12947,3334494,0
12948,3334285,21
12949,3334494,0
12950,3334404,9
12951,3334404,9
12952,3334494,0
12953,3333630,87
12954,3334404,9
12955,3334404,9
12956,3334494,0
12957,3334404,9
12958,3334494,0
12959,3334285,21
12960,3334404,9
12961,3334404,9
12962,3331964,255
12963,3334255,24
12964,3332469,204
12965,3334404,9
12966,3334494,0
12967,3334404,9
12968,3334285,21
12969,3333928,57
12970,3334404,9
12971,3333154,135
12972,3334494,0
12973,3334494,0
12974,3334404,9
12975,3334494,0
12976,3334494,0
12977,3334494,0
12978,3334047,45
12979,3334404,9
12980,3334404,9
12981,3334494,0
12982,3334404,9
12983,3334404,9
12984,3334404,9
12985,3334494,0
12986,3334107,39
12987,3334285,21
12988,3334047,45
12989,3330565,396
12990,3334404,9
12991,3334494,0
12992,3334404,9
12993,3334285,21
12994,3334255,24
12995,3333719,78
12996,3334404,9
12997,3334285,21
12998,3334285,21
12999,3334404,9
13000,3334404,9
13001,3334494,0
13002,3334107,39
13003,3334494,0
13004,3334285,21
13005,3334404,9
13006,3334285,21
13007,3334404,9
13008,3292478,4260
13009,3334404,9
13010,3333035,147
13011,3334494,0
13012,3334285,21
13013,3334255,24
13014,3334404,9
13015,3334404,9
13016,3334255,24
13017,3334494,0
13018,3334494,0
13019,3334494,0
13020,3331845,267
13021,3333660,84
13022,3334494,0
13023,3334494,0
13024,3334107,39
13025,3334255,24
13026,3334404,9
13027,3334494,0
13028,3334285,21
13029,3333035,147
13030,3334047,45
13031,3334404,9
13032,3334404,9
13033,3334404,9
13034,3334404,9
13035,3334107,39
13036,3333690,81
13037,3334404,9
13038,3334494,0
13039,3334255,24
13040,3334494,0
13041,3334255,24
13042,3334404,9
13043,3334494,0
13044,3334404,9
13045,3334136,36
13046,3333035,147
13047,3334494,0
13048,3334404,9
13049,3334494,0
13050,3334255,24
13051,3334404,9
13052,3334404,9
13053,3334494,0
13054,3334494,0
13055,3334494,0
13056,3334404,9
13057,3334494,0
13058,3334404,9
13059,3334404,9
13060,3334285,21
13061,3334136,36
13062,3334494,0
13063,3334494,0
13064,3334494,0
13065,3334494,0
13066,3334494,0
13067,3334404,9
13068,3334404,9
13069,3333868,63
13070,3334494,0
13071,3334404,9
13072,3334494,0
13073,3334255,24
13074,3334404,9
13075,3334404,9
13076,3334404,9
13077,3334404,9
13078,3334494,0
13079,3334404,9
13080,3334404,9
13081,3334404,9
13082,3334285,21
13083,3334494,0
13084,3334404,9
13085,3334494,0
13086,3334285,21
13087,3334494,0
13088,3334494,0
13089,3334285,21
13090,3334494,0
13091,3334404,9
13092,3334107,39
13093,3334494,0
13094,3334494,0
13095,3334285,21
13096,3333928,57
13097,3334494,0
13098,3334285,21
13099,3334404,9
13100,3333035,147
13101,3334404,9
13102,3334494,0
13103,3334494,0
13104,3334255,24
13105,3334404,9
13106,3334255,24
13107,3334404,9
13108,3334494,0
13109,3334404,9
13110,3334285,21
13111,3334494,0
13112,3334107,39
13113,3334285,21
13114,3334404,9
13115,3333779,72
13116,3334285,21
13117,3334494,0
13118,3334255,24
13119,3334107,39
13120,3333154,135
13121,3334494,0
13122,3334255,24
13123,3334404,9
13124,3334404,9
13125,3334404,9
13126,3270092,6552
13127,3334494,0
13128,3334404,9
13129,3334107,39
13130,3334285,21
13131,3333719,78
13132,3333154,135
13133,3334404,9
13134,3334107,39
13135,3334255,24
13136,3334404,9
13137,3334494,0
13138,3334107,39
13139,3334494,0
13140,3334404,9
13141,3334404,9
13142,3334404,9
13143,3334136,36
13144,3334285,21
13145,3334255,24
13146,3333154,135
13147,3334285,21
13148,3334404,9
13149,3334107,39
13150,3334404,9
13151,3334255,24
13152,3334494,0
13153,3334255,24
13154,3334494,0
13155,3334494,0
13156,3334494,0
13157,3332856,165
13158,3334494,0
13159,3334404,9
13160,3333928,57
13161,3334494,0
13162,3334404,9
13163,3334494,0
13164,3334404,9
13165,3333958,54
13166,3326790,777
13167,3334494,0
13168,3334404,9
13169,3334285,21
13170,3334255,24
13171,3334404,9
13172,3334494,0
13173,3333154,135
13174,3334107,39
13175,3334404,9
13176,3334285,21
13177,3334494,0
13178,3334494,0
13179,3333035,147
13180,3334404,9
13181,3333928,57
13182,3334404,9
13183,3334404,9
13184,3334494,0
13185,3334255,24
13186,3334404,9
13187,3334494,0
13188,3334285,21
13189,3334255,24
13190,3333868,63
13191,3334494,0
13192,3334404,9
13193,3334404,9
13194,3334255,24
13195,3334107,39
13196,3333154,135
13197,3334404,9
13198,3334494,0
13199,3333035,147
13200,3331785,273
13201,3334404,9
13202,3334404,9
13203,3334285,21
13204,3334255,24
13205,3322337,1227
13206,3334136,36
13207,3333868,63
13208,3334404,9
13209,3333511,99
13210,3334494,0
13211,3334107,39
13212,3332588,192
13213,3334494,0
13214,3334494,0
13215,3334404,9
13216,3334404,9
13217,3334494,0
13218,3334136,36
13219,3334494,0
13220,3334494,0
13221,3334107,39
13222,3334285,21
13223,3334404,9
13224,3334494,0
13225,3334404,9
13226,3334404,9
13227,3332291,222
13228,3333958,54
13229,3334404,9
13230,3332440,207
13231,3334136,36
13232,3334404,9
13233,3334107,39
13234,3334285,21
13235,3334494,0
13236,3334255,24
13237,3333690,81
13238,3333958,54
13239,3334494,0
13240,3334494,0
13241,3334255,24
13242,3334494,0
13243,3334285,21
13244,3334404,9
13245,3334404,9
13246,3334494,0
13247,3334255,24
13248,3332261,225
13249,3334404,9
13250,3334494,0
13251,3334404,9
13252,3333303,120
13253,3334404,9
13254,3334404,9
13255,3333719,78
13256,3334255,24
13257,3334404,9
13258,3334494,0
13259,3334255,24
13260,3334404,9
13261,3334404,9
13262,3334494,0
13263,3333035,147
13264,3334047,45
13265,3334494,0
13266,3334285,21
13267,3334285,21
13268,3334107,39
13269,3334404,9
13270,3333898,60
13271,3334255,24
13272,3334255,24
13273,3334107,39
13274,3334494,0
13275,3334494,0
13276,3334404,9
13277,3334404,9
13278,3334404,9
13279,3334404,9
13280,3334494,0
13281,3334404,9
13282,3334404,9
13283,3332588,192
13284,3334494,0
13285,3334404,9
13286,3334494,0
13287,3334404,9
13288,3334494,0
13289,3334404,9
13290,3334404,9
13291,3334494,0
13292,3334404,9
13293,3334494,0
13294,3332023,249
13295,3315846,1884
13296,3333928,57
13297,3334494,0
13298,3334404,9
13299,3334404,9
13300,3334136,36
13301,3334136,36
13302,3334136,36
13303,3334494,0
13304,3334494,0
13305,3334255,24
13306,3334404,9
13307,3334494,0
13308,3334494,0
13309,3334255,24
13310,3334494,0
13311,3334255,24
13312,3334285,21
13313,3334285,21
13314,3331845,267
13315,3334107,39
13316,3334404,9
13317,3334494,0
13318,3334494,0
13319,3334255,24
13320,3334404,9
13321,3334404,9
13322,3334494,0
13323,3334404,9
13324,3174171,16554
13325,3334255,24
13326,3334404,9
13327,3334047,45
13328,3334285,21
13329,3334494,0
13330,3334107,39
13331,3332618,189
13332,3334494,0
13333,3334107,39
13334,3334255,24
13335,3334285,21
13336,3334404,9
13337,3325573,900
13338,3334404,9
13339,3333392,111
13340,3334285,21
13341,3334404,9
13342,3332440,207
13343,3332588,192
13344,3333928,57
13345,3334494,0
13346,3334285,21
13347,3334255,24
13348,3334404,9
13349,3332440,207
13350,3334285,21
13351,3333898,60
13352,3334404,9
13353,3334494,0
13354,3334494,0
13355,3334494,0
13356,3334494,0
13357,3334285,21
13358,3334404,9
13359,3328544,600
13360,3333422,108
13361,3334255,24
13362,3334404,9
13363,3334404,9
13364,3334494,0
13365,3334404,9
13366,3334404,9
13367,3334494,0
13368,3334494,0
13369,3334255,24
13370,3334404,9
13371,3334285,21
13372,3334494,0
13373,3334255,24
13374,3334107,39
13375,3333719,78
13376,3334107,39
13377,3334255,24
13378,3332618,189
13379,3334285,21
13380,3334285,21
13381,3334494,0
13382,3334107,39
13383,3334494,0
13384,3334255,24
13385,3333898,60
13386,3334404,9
13387,3333928,57
13388,3334285,21
13389,3333154,135
13390,3334404,9
13391,3334285,21
13392,3333154,135
13393,3334404,9
13394,3334404,9
13395,3334047,45
13396,3334107,39
13397,3334494,0
13398,3334136,36
13399,3334494,0
13400,3334107,39
13401,3334404,9
13402,3332440,207
13403,3334404,9
13404,3334494,0
13405,3334404,9
13406,3334494,0
13407,3334404,9
13408,3334404,9
13409,3334404,9
13410,3334404,9
13411,3334404,9
13412,3332588,192
13413,3334285,21
13414,3334494,0
13415,3334494,0
13416,3334494,0
13417,3334285,21
13418,3334255,24
13419,3334285,21
13420,3334107,39
13421,3334494,0
13422,3334255,24
13423,3334404,9
13424,3334494,0
13425,3334107,39
13426,3309812,2496
13427,3334494,0
13428,3334255,24
13429,3334494,0
13430,3334404,9
13431,3332588,192
13432,3334494,0
13433,3334255,24
13434,3333154,135
13435,3334107,39
13436,3334285,21
13437,3334494,0
13438,3334404,9
13439,3332440,207
13440,3334494,0
13441,3334107,39
13442,3334404,9
13443,3334404,9
13444,3331964,255
13445,3333035,147
13446,3332023,249
13447,3334404,9
13448,3334494,0
13449,3334404,9
13450,3334404,9
13451,3334404,9
13452,3334494,0
13453,3334285,21
13454,3334107,39
13455,3334107,39
13456,3334494,0
13457,3332440,207
13458,3334404,9
13459,3334107,39
13460,3334107,39
13461,3334255,24
13462,3333958,54
13463,3334494,0
13464,3334107,39
13465,3334404,9
13466,3334404,9
13467,3334404,9
13468,3332886,162
13469,3334255,24
13470,3334404,9
13471,3334285,21
13472,3334107,39
13473,3333154,135
13474,3334404,9
13475,3334494,0
13476,3334494,0
13477,3334494,0
13478,3333690,81
13479,3334404,9
13480,3334255,24
13481,3334494,0
13482,3334494,0
13483,3334285,21
13484,3333928,57
13485,3332440,207
13486,3333928,57
13487,3334285,21
13488,3334404,9
13489,3334047,45
13490,3334494,0
13491,3332588,192
13492,3334285,21
13493,3334404,9
13494,3334255,24
13495,3334255,24
13496,3334285,21
13497,3334494,0
13498,3334136,36
13499,3334494,0
13500,3332588,192
13501,3334404,9
13502,3334494,0
13503,3332440,207
13504,3334494,0
13505,3334255,24
13506,3334285,21
13507,3334404,9
13508,3334494,0
13509,3334404,9
13510,3334494,0
13511,3333719,78
13512,3332588,192
13513,3334494,0
13514,3334404,9
13515,3334404,9
13516,3333958,54
13517,3334404,9
13518,3333154,135
13519,3334136,36
13520,3334107,39
13521,3334404,9
13522,3334107,39
13523,3334255,24
13524,3334404,9
13525,3334404,9
13526,3334107,39
13527,3334494,0
13528,3334107,39
13529,3334255,24
13530,3334255,24
13531,3334404,9
13532,3334136,36
13533,3334404,9
13534,3334494,0
13535,3334285,21
13536,3334404,9
13537,3334494,0
13538,3334285,21
13539,3332588,192
13540,3333035,147
13541,3334404,9
13542,3333481,102
13543,3334285,21
13544,3333660,84
13545,3334255,24
13546,3333928,57
13547,3334285,21
13548,3334494,0
13549,3334494,0
13550,3334404,9
13551,3332440,207
13552,3334404,9
13553,3334404,9
13554,3334494,0
13555,3333928,57
13556,3334107,39
13557,3334107,39
13558,3334494,0
13559,3334494,0
13560,3333868,63
13561,3334255,24
13562,3334404,9
13563,3334255,24
13564,3334404,9
13565,3333154,135
13566,3334107,39
13567,3334136,36
13568,3334494,0
13569,3333035,147
13570,3334136,36
13571,3334107,39
13572,3333154,135
13573,3325454,912
13574,3334404,9
13575,3334494,0
13576,3325038,954
13577,3332588,192
13578,3334494,0
13579,3334404,9
13580,3334285,21
13581,3334494,0
13582,3334404,9
13583,3334285,21
13584,3334404,9
13585,3334494,0
13586,3334404,9
13587,3333154,135
13588,3334255,24
13589,3334255,24
13590,3334047,45
13591,3334107,39
13592,3333660,84
13593,3334107,39
13594,3334494,0
13595,3333928,57
13596,3334404,9
13597,3334494,0
13598,3334494,0
13599,3334404,9
13600,3334107,39
13601,3333928,57
13602,3334255,24
13603,3334494,0
13604,3334494,0
13605,3334494,0
13606,3333154,135
13607,3334404,9
13608,3333154,135
13609,3333035,147
13610,3334404,9
13611,3328692,585
13612,3334255,24
13613,3334404,9
13614,3334404,9
13615,3334494,0
13616,3334404,9
13617,3334255,24
13618,3334107,39
13619,3333154,135
13620,3334255,24
13621,3334404,9
13622,3334404,9
13623,3334404,9
13624,3334285,21
13625,3334404,9
13626,3334285,21
13627,3333035,147
13628,3334494,0
13629,3333035,147
13630,3334494,0
13631,3334404,9
13632,3334494,0
13633,3334404,9
13634,3334404,9
13635,3334494,0
13636,3334136,36
13637,3334494,0
13638,3334494,0
13639,3334404,9
13640,3334494,0
13641,3334494,0
13642,3334404,9
13643,3334404,9
13644,3334404,9
13645,3334255,24
13646,3333154,135
13647,3333898,60
13648,3334494,0
13649,3334404,9
13650,3334255,24
13651,3334136,36
13652,3334494,0
13653,3332440,207
13654,3334255,24
13655,3334255,24
13656,3334494,0
13657,3334285,21
13658,3334285,21
13659,3334404,9
13660,3334494,0
13661,3334494,0
13662,3334494,0
13663,3334494,0
13664,3334494,0
13665,3334404,9
13666,3334494,0
13667,3334255,24
13668,3333154,135
13669,3334404,9
13670,3334107,39
13671,3334285,21
13672,3334136,36
13673,3334404,9
13674,3334494,0
13675,3334494,0
13676,3334404,9
13677,3334404,9
13678,3334494,0
13679,3334494,0
13680,3334107,39
13681,3334255,24
13682,3329317,522
13683,3334285,21
13684,3333868,63
13685,3334494,0
13686,3334404,9
13687,3334285,21
13688,3334255,24
13689,3334494,0
13690,3334285,21
13691,3332886,162
13692,3319372,1527
13693,3333928,57
13694,3334285,21
13695,3334285,21
13696,3334494,0
13697,3334404,9
13698,3334255,24
13699,3334255,24
13700,3334494,0
13701,3334404,9
13702,3333630,87
13703,3334285,21
13704,3334107,39
13705,3333868,63
13706,3334404,9
13707,3333660,84
13708,3334494,0
13709,3334494,0
13710,3334494,0
13711,3334494,0
13712,3334285,21
13713,3334255,24
13714,3334107,39
13715,3334255,24
13716,3334494,0
13717,3334494,0
13718,3332707,180
13719,3334285,21
13720,3333630,87
13721,3334404,9
13722,3334255,24
13723,3334404,9
13724,3334285,21
13725,3334107,39
13726,3334404,9
13727,3333958,54
13728,3334404,9
13729,3334285,21
13730,3334404,9
13731,3334404,9
13732,3334404,9
13733,3334404,9
13734,3334404,9
13735,3333154,135
13736,3334107,39
13737,3333065,144
13738,3334404,9
13739,3334285,21
13740,3334404,9
13741,3334404,9
13742,3333898,60
13743,3334255,24
13744,3334494,0
13745,3333630,87
13746,3334255,24
13747,3334404,9
13748,3334107,39
13749,3334494,0
13750,3334494,0
13751,3334285,21
13752,3334107,39
13753,3334107,39
13754,3334404,9
13755,3334285,21
13756,3333928,57
13757,3334494,0
13758,3325573,900
13759,3331398,312
13760,3334255,24
13761,3334255,24
13762,3332440,207
13763,3334494,0
13764,3334494,0
13765,3334107,39
13766,3334404,9
13767,3334494,0
13768,3333035,147
13769,3334255,24
13770,3333928,57
13771,3334107,39
13772,3334255,24
13773,3334136,36
13774,3333928,57
13775,3334255,24
13776,3334285,21
13777,3334404,9
13778,3334107,39
13779,3334255,24
13780,3334255,24
13781,3334285,21
13782,3334494,0
13783,3334404,9
13784,3334285,21
13785,3332261,225
13786,3334404,9
13787,3334404,9
13788,3334047,45
13789,3333868,63
13790,3334285,21
13791,3334494,0
13792,3334494,0
13793,3332588,192
13794,3334494,0
13795,3334494,0
13796,3334404,9
13797,3334494,0
13798,3334494,0
13799,3334494,0
13800,3334494,0
13801,3325573,900
13802,3334404,9
13803,3334494,0
13804,3334404,9
13805,3322486,1212
13806,3334404,9
13807,3334494,0
13808,3334494,0
13809,3333719,78
13810,3334404,9
13811,3330119,441
13812,3334494,0
13813,3334494,0
13814,3334494,0
13815,3334404,9
13816,3334494,0
13817,3334494,0
13818,3334404,9
13819,3334285,21
13820,3329376,516
13821,3334494,0
13822,3333928,57
13823,3334494,0
13824,3333154,135
13825,3332588,192
13826,3334255,24
13827,3334494,0
13828,3334494,0
13829,3333035,147
13830,3330298,423
13831,3334107,39
13832,3334494,0
13833,3334494,0
13834,3334494,0
13835,3328722,582
13836,3334285,21
13837,3334404,9
13838,3334255,24
13839,3334494,0
13840,3334255,24
13841,3334404,9
13842,3334494,0
13843,3334255,24
13844,3334255,24
13845,3334255,24
13846,3334255,24
13847,3334255,24
13848,3334404,9
13849,3333392,111
13850,3334494,0
13851,3334404,9
13852,3244119,9231
13853,3334136,36
13854,3333868,63
13855,3333035,147
13856,3334107,39
13857,3334494,0
13858,3334047,45
13859,3334494,0
13860,3331874,264
13861,3334494,0
13862,3334285,21
13863,3333868,63
13864,3334404,9
13865,3334107,39
13866,3334494,0
13867,3333928,57
13868,3334404,9
13869,3334285,21
13870,3334494,0
13871,3334285,21
13872,3334494,0
13873,3334255,24
13874,3333154,135
13875,3334494,0
13876,3334404,9
13877,3334107,39
13878,3334136,36
13879,3334404,9
13880,3332053,246
13881,3334404,9
13882,3334285,21
13883,3334107,39
13884,3334285,21
13885,3334494,0
13886,3333928,57
13887,3334255,24
13888,3334404,9
13889,3334107,39
13890,3334494,0
13891,3333868,63
13892,3334404,9
13893,3334404,9
13894,3334494,0
13895,3334255,24
13896,3334494,0
13897,3334494,0
13898,3334404,9
13899,3334047,45
13900,3334255,24
13901,3334136,36
13902,3333154,135
13903,3334404,9
13904,3333690,81
13905,3332440,207
13906,3334404,9
13907,3334494,0
13908,3333928,57
13909,3334494,0
13910,3334494,0
13911,3334494,0
13912,3334404,9
13913,3334136,36
13914,3334494,0
13915,3334404,9
13916,3334404,9
13917,3334404,9
13918,3334494,0
13919,3334404,9
13920,3334404,9
13921,3334136,36
13922,3333571,93
13923,3333660,84
13924,3334404,9
13925,3334404,9
13926,3334494,0
13927,3334255,24
13928,3334494,0
13929,3334404,9
13930,3334494,0
13931,3332440,207
13932,3334494,0
13933,3334285,21
13934,3334404,9
13935,3334285,21
13936,3334404,9
13937,3334494,0
13938,3334255,24
13939,3334404,9
13940,3334404,9
13941,3334404,9
13942,3289481,4566
13943,3333035,147
13944,3334255,24
13945,3334494,0
13946,3333035,147
13947,3334404,9
13948,3334404,9
13949,3334494,0
13950,3334494,0
13951,3334494,0
13952,3334285,21
13953,3334494,0
13954,3334285,21
13955,3334494,0
13956,3333928,57
13957,3334285,21
13958,3334404,9
13959,3334494,0
13960,3334255,24
13961,3334494,0
13962,3334404,9
13963,3331964,255
13964,3334255,24
13965,3334404,9
13966,3334404,9
13967,3334255,24
13968,3334404,9
13969,3334404,9
13970,3334404,9
13971,3334404,9
13972,3331845,267
13973,3334136,36
13974,3334047,45
13975,3334494,0
13976,3334404,9
13977,3334494,0
13978,3334404,9
13979,3334494,0
13980,3334494,0
13981,3334255,24
13982,3332856,165
13983,3334255,24
13984,3333154,135
13985,3334494,0
13986,3332440,207
13987,3334404,9
13988,3334404,9
13989,3330149,438
13990,3334494,0
13991,3334404,9
13992,3333898,60
13993,3334404,9
13994,3334107,39
13995,3334494,0
13996,3334255,24
13997,3334404,9
13998,3334255,24
13999,3334404,9
14000,3334255,24
14001,3332231,228
14002,3334404,9
14003,3334404,9
14004,3334494,0
14005,3334404,9
14006,3324949,963
14007,3334494,0
14008,3334255,24
14009,3334494,0
14010,3334404,9
14011,3334107,39
14012,3334404,9
14013,3285782,4944
14014,3334494,0
14015,3334404,9
14016,3334404,9
14017,3333928,57
14018,3332588,192
14019,3334404,9
14020,3334255,24
14021,3334404,9
14022,3332886,162
14023,3334404,9
14024,3334285,21
14025,3334107,39
14026,3334404,9
14027,3334494,0
14028,3334285,21
14029,3334494,0
14030,3334494,0
14031,3334047,45
14032,3333868,63
14033,3334285,21
14034,3334285,21
14035,3334494,0
14036,3334494,0
14037,3334404,9
14038,3334404,9
14039,3334107,39
14040,3325573,900
14041,3334404,9
14042,3333154,135
14043,3334107,39
14044,3334255,24
14045,3334404,9
14046,3334404,9
14047,3333035,147
14048,3334404,9
14049,3333154,135
14050,3334494,0
14051,3334404,9
14052,3334047,45
14053,3334494,0
14054,3334255,24
14055,3334255,24
14056,3334107,39
14057,3334494,0
14058,3334494,0
14059,3334494,0
14060,3333035,147
14061,3333898,60
14062,3334285,21
14063,3334285,21
14064,3334107,39
14065,3334404,9
14066,3333154,135
14067,3334494,0
14068,3334136,36
14069,3334494,0
14070,3334404,9
14071,3333690,81
14072,3332588,192
14073,3334255,24
14074,3333303,120
14075,3334404,9
14076,3334136,36
14077,3334047,45
14078,3334404,9
14079,3334494,0
14080,3334494,0
14081,3333898,60
14082,3333928,57
14083,3334494,0
14084,3333958,54
14085,3331874,264
14086,3334285,21
14087,3334255,24
14088,3334494,0
14089,3323851,1074
14090,3334404,9
14091,3334404,9
14092,3334404,9
14093,3334494,0
14094,3334136,36
14095,3334404,9
14096,3333154,135
14097,3334404,9
14098,3334494,0
14099,3334494,0
14100,3334136,36
14101,3333868,63
14102,3334494,0
14103,3334285,21
14104,3334404,9
14105,3334404,9
14106,3334404,9
14107,3334404,9
14108,3334404,9
14109,3334404,9
14110,3334494,0
14111,3334404,9
14112,3325573,900
14113,3333035,147
14114,3334404,9
14115,3334404,9
14116,3334404,9
14117,3334285,21
14118,3334107,39
14119,3333154,135
14120,3334404,9
14121,3334107,39
14122,3334494,0
14123,3334047,45
14124,3332618,189
14125,3334494,0
14126,3334285,21
14127,3334404,9
14128,3334494,0
14129,3334494,0
14130,3334494,0
14131,3264461,7131
14132,3334136,36
14133,3334494,0
14134,3332588,192
14135,3334404,9
14136,3334404,9
14137,3333928,57
14138,3334255,24
14139,3334285,21
14140,3334404,9
14141,3334404,9
14142,3334404,9
14143,3328157,639
14144,3333035,147
14145,3334107,39
14146,3333958,54
14147,3334404,9
14148,3334494,0
14149,3334494,0
14150,3334285,21
14151,3334404,9
14152,3334285,21
14153,3334404,9
14154,3334404,9
14155,3334494,0
14156,3333690,81
14157,3333898,60
14158,3334404,9
14159,3334404,9
14160,3334404,9
14161,3334404,9
14162,3334404,9
14163,3334404,9
14164,3334494,0
14165,3334404,9
14166,3333154,135
14167,3326731,783
14168,3334404,9
14169,3334107,39
14170,3333779,72
14171,3334285,21
14172,3334494,0
14173,3331785,273
14174,3334047,45
14175,3332261,225
14176,3334107,39
14177,3334494,0
14178,3334404,9
14179,3334494,0
14180,3333154,135
14181,3334494,0
14182,3334494,0
14183,3334494,0
14184,3334494,0
14185,3325573,900
14186,3334404,9
14187,3334494,0
14188,3334255,24
14189,3334404,9
14190,3334285,21
14191,3334404,9
14192,3334285,21
14193,3333660,84
14194,3332588,192
14195,3334255,24
14196,3333154,135
14197,3334285,21
14198,3334404,9
14199,3334404,9
14200,3334494,0
14201,2515364,94707
14202,3334404,9
14203,3333690,81
14204,3334047,45
14205,3334255,24
14206,3334494,0
14207,3334404,9
14208,3334494,0
14209,3334285,21
14210,3334494,0
14211,3329733,480
14212,3333928,57
14213,3334404,9
14214,3331845,267
14215,3334285,21
14216,3334404,9
14217,3334404,9
14218,3334494,0
14219,3334494,0
14220,3334404,9
14221,3334404,9
14222,3333779,72
14223,3334494,0
14224,3334255,24
14225,3334404,9
14226,3334404,9
14227,3334285,21
14228,3334494,0
14229,3334255,24
14230,3334404,9
14231,3334136,36
14232,3287484,4770
14233,3334404,9
14234,3334255,24
14235,3333630,87
14236,3334494,0
14237,3334404,9
14238,3334404,9
14239,3334494,0
14240,3334404,9
14241,3334404,9
14242,3334285,21
14243,3334255,24
14244,3334255,24
14245,3334404,9
14246,3334285,21
14247,3334494,0
14248,3334255,24
14249,3333898,60
14250,3334494,0
14251,3334255,24
14252,3334255,24
14253,3333154,135
14254,3334404,9
14255,3334285,21
14256,3334404,9
14257,3334404,9
14258,3334494,0
14259,3334404,9
14260,3334404,9
14261,3334404,9
14262,3334494,0
14263,3334404,9
14264,3332440,207
14265,3334404,9
14266,3334494,0
14267,3334107,39
14268,3334494,0
14269,3334404,9
14270,3334494,0
14271,3334404,9
14272,3334404,9
14273,3334494,0
14274,3334255,24
14275,3330357,417
14276,3334136,36
14277,3333928,57
14278,3334404,9
14279,3334404,9
14280,3334404,9
14281,3334494,0
14282,3334404,9
14283,3330149,438
14284,3334404,9
14285,3334404,9
14286,3334494,0
14287,3332588,192
14288,3334285,21
14289,3334107,39
14290,3334404,9
14291,3334047,45
14292,3332053,246
14293,3334404,9
14294,3333928,57
14295,3334285,21
14296,3334494,0
14297,3293890,4116
14298,3334494,0
14299,3334494,0
14300,3334494,0
14301,3333928,57
14302,3334136,36
14303,3334255,24
14304,3334494,0
14305,3334494,0
14306,3334494,0
14307,3331666,285
14308,3334107,39
14309,3334494,0
14310,3334494,0
14311,3334404,9
14312,3334494,0
14313,3334494,0
14314,3334404,9
14315,3332440,207
14316,3334136,36
14317,3334404,9
14318,3334494,0
14319,3334404,9
14320,3334404,9
14321,3334404,9
14322,3334404,9
14323,3334107,39
14324,3334107,39
14325,3334494,0
14326,3334404,9
14327,3333868,63
14328,3331369,315
14329,3334404,9
14330,3334494,0
14331,3334404,9
14332,3334404,9
14333,3334494,0
14334,3334404,9
14335,3334494,0
14336,3332886,162
14337,3334494,0
14338,3334404,9
14339,3334494,0
14340,3334404,9
14341,3334494,0
14342,3333928,57
14343,3334285,21
14344,3334404,9
14345,3330803,372
14346,3331309,321
14347,3334255,24
14348,3334285,21
14349,3334047,45
14350,3334404,9
14351,3334494,0
14352,3334404,9
14353,3334285,21
14354,3333154,135
14355,3334404,9
14356,3334494,0
14357,3334494,0
14358,3334255,24
14359,3334285,21
14360,3334494,0
14361,3334404,9
14362,3333958,54
14363,3333154,135
14364,3334404,9
14365,3334107,39
14366,3334255,24
14367,3334285,21
14368,3333898,60
14369,3334404,9
14370,3334255,24
14371,3334494,0
14372,3334285,21
14373,3334494,0
14374,3333928,57
14375,3334494,0
14376,3334285,21
14377,3334285,21
14378,3334255,24
14379,3334494,0
14380,3334404,9
14381,3334494,0
14382,3334404,9
14383,3334494,0
14384,3334285,21
14385,3334404,9
14386,3334494,0
14387,3334494,0
14388,3332469,204
14389,3334404,9
14390,3333035,147
14391,3334285,21
14392,3333928,57
14393,3334404,9
14394,3334404,9
14395,3334404,9
14396,3334255,24
14397,3334107,39
14398,3334255,24
14399,3334494,0
14400,3334404,9
14401,3334404,9
14402,3334494,0
14403,3334404,9
14404,3334494,0
14405,3334494,0
14406,3334285,21
14407,3332440,207
14408,3334404,9
14409,3334494,0
14410,3334404,9
14411,3334047,45
14412,3334494,0
14413,3334107,39
14414,3334107,39
14415,3334107,39
14416,3334494,0
14417,3334404,9
14418,3334404,9
14419,3334404,9
14420,3334255,24
14421,3334494,0
14422,3333928,57
14423,3334404,9
14424,3334404,9
14425,3334494,0
14426,3334107,39
14427,3334107,39
14428,3334494,0
14429,3334404,9
14430,3334107,39
14431,3334404,9
14432,3334255,24
14433,3334494,0
14434,3334255,24
14435,3334404,9
14436,3334404,9
14437,3334494,0
14438,3334494,0
14439,3334285,21
14440,3334136,36
14441,3334404,9
14442,3334494,0
14443,3334285,21
14444,3333928,57
14445,3334404,9
14446,3332588,192
14447,3288658,4650
14448,3334494,0
14449,3334107,39
14450,3333690,81
14451,3334494,0
14452,3334255,24
14453,3334494,0
14454,3334107,39
14455,3334255,24
14456,3333898,60
14457,3334404,9
14458,3334285,21
14459,3334404,9
14460,3334404,9
14461,3334494,0
14462,3334494,0
14463,3333035,147
14464,3333035,147
14465,3333154,135
14466,3334494,0
14467,3334285,21
14468,3334255,24
14469,3329079,546
14470,3334404,9
14471,3334136,36
14472,3334255,24
14473,3334285,21
14474,3334404,9
14475,3333154,135
14476,3333481,102
14477,3334494,0
14478,3332023,249
14479,3334136,36
14480,3334107,39
14481,3334255,24
14482,3334404,9
14483,3330833,369
14484,3334404,9
14485,3236885,9981
14486,3334404,9
14487,3334404,9
14488,3334494,0
14489,3334494,0
14490,3334404,9
14491,3334255,24
14492,3334285,21
14493,3334494,0
14494,3334494,0
14495,3334404,9
14496,3334285,21
14497,3334255,24
14498,3334255,24
14499,3334047,45
14500,3333154,135
14501,3334404,9
14502,3334404,9
14503,3334404,9
14504,3334494,0
14505,3333035,147
14506,3334404,9
14507,3334494,0
14508,3334494,0
14509,3334255,24
14510,3333452,105
14511,3334285,21
14512,3334404,9
14513,3334494,0
14514,3333154,135
14515,3334494,0
14516,3334404,9
14517,3334404,9
14518,3334494,0
14519,3334255,24
14520,3334494,0
14521,3334494,0
14522,3334404,9
14523,3331964,255
14524,3334255,24
14525,3334255,24
14526,3334404,9
14527,3334404,9
14528,3319224,1542
14529,3330744,378
14530,3333690,81
14531,3334285,21
14532,3334255,24
14533,3334404,9
14534,3334136,36
14535,3334494,0
14536,3334494,0
14537,3334255,24
14538,3334494,0
14539,3334107,39
14540,3334494,0
14541,3334404,9
14542,3333035,147
14543,3334107,39
14544,3334404,9
14545,3334494,0
14546,3332886,162
14547,3334404,9
14548,3334494,0
14549,3331964,255
14550,3334404,9
14551,3334404,9
14552,3333154,135
14553,3334255,24
14554,3334404,9
14555,3334494,0
14556,3334494,0
14557,3334494,0
14558,3334404,9
14559,3334285,21
14560,3334404,9
14561,3334404,9
14562,3334285,21
14563,3334285,21
14564,3334404,9
14565,3332440,207
14566,3332588,192
14567,3331398,312
14568,3334404,9
14569,3334494,0
14570,3334404,9
14571,3334255,24
14572,3334285,21
14573,3334107,39
14574,3334494,0
14575,3334404,9
14576,3334404,9
14577,3334494,0
14578,3334494,0
14579,3334494,0
14580,3334255,24
14581,3334404,9
14582,3334494,0
14583,3329852,468
14584,3334255,24
14585,3334285,21
14586,3334255,24
14587,3334285,21
14588,3333660,84
14589,3334404,9
14590,3334404,9
14591,3334404,9
14592,3333154,135
14593,3334404,9
14594,3334404,9
14595,3334255,24
14596,3334494,0
14597,3334255,24
14598,3334494,0
14599,3334404,9
14600,3328752,579
14601,3333690,81
14602,3332023,249
14603,3334285,21
14604,3334494,0
14605,3334255,24
14606,3333928,57
14607,3334404,9
14608,3333958,54
14609,3334494,0
14610,3334494,0
14611,3333035,147
14612,3333868,63
14613,3334404,9
14614,3334285,21
14615,3334404,9
14616,3334285,21
14617,3333690,81
14618,3303876,3099
14619,3334404,9
14620,3334107,39
14621,3334494,0
14622,3334404,9
14623,3334136,36
14624,3334404,9
14625,3332588,192
14626,3334494,0
14627,3334285,21
14628,3334494,0
14629,3334255,24
14630,3334494,0
14631,3334404,9
14632,3334404,9
14633,3334404,9
14634,3334404,9
14635,3334404,9
14636,3334494,0
14637,3334404,9
14638,3334494,0
14639,3334494,0
14640,3334404,9
14641,3334107,39
14642,3333958,54
14643,3334285,21
14644,3334494,0
14645,3334494,0
14646,3334255,24
14647,3334404,9
14648,3333630,87
14649,3333690,81
14650,3334404,9
14651,3332856,165
14652,3334494,0
14653,3334285,21
14654,3334107,39
14655,3334404,9
14656,3334404,9
14657,3334494,0
14658,3334404,9
14659,3332440,207
14660,3334404,9
14661,3334494,0
14662,3332618,189
14663,3334494,0
14664,3332856,165
14665,3334494,0
14666,3334285,21
14667,3334404,9
14668,3334404,9
14669,3334494,0
14670,3334404,9
14671,3334494,0
14672,3334494,0
14673,3334107,39
14674,3334047,45
14675,3334107,39
14676,3334404,9
14677,3334404,9
14678,3334494,0
14679,3334107,39
14680,3334494,0
14681,3334285,21
14682,3334285,21
14683,3334494,0
14684,3332588,192
14685,3332886,162
14686,3334285,21
14687,3334107,39
14688,3334494,0
14689,3334404,9
14690,3331964,255
14691,3332023,249
14692,3333928,57
14693,3334255,24
14694,3334404,9
14695,3334404,9
14696,3334404,9
14697,3334285,21
14698,3334404,9
14699,3334285,21
14700,3334285,21
14701,3334047,45
14702,3334404,9
14703,3334404,9
14704,3334404,9
14705,3332886,162
14706,3334285,21
14707,3334494,0
14708,3334285,21
14709,3334494,0
14710,3334255,24
14711,3334494,0
14712,3334494,0
14713,3334255,24
14714,3332231,228
14715,3334494,0
14716,3334107,39
14717,3333868,63
14718,3334494,0
14719,3334404,9
14720,3332618,189
14721,3334107,39
14722,3332588,192
14723,3334494,0
14724,3334404,9
14725,3333719,78
14726,3334494,0
14727,3332469,204
14728,3334285,21
14729,3334255,24
14730,3333690,81
14731,3333571,93
14732,3334494,0
14733,3334494,0
14734,3333154,135
14735,3334285,21
14736,3334136,36
14737,3334404,9
14738,3334494,0
14739,3333154,135
14740,3334285,21
14741,3334255,24
14742,3334494,0
14743,3334107,39
14744,3334404,9
14745,3334107,39
14746,3334404,9
14747,3334285,21
14748,3334285,21
14749,3334404,9
14750,3334404,9
14751,3334285,21
14752,2970617,38820
14753,3333035,147
14754,3334285,21
14755,3331279,324
14756,3334255,24
14757,3334404,9
14758,3334285,21
14759,3334494,0
14760,3334404,9
14761,3334494,0
14762,3334404,9
14763,3334255,24
14764,3334404,9
14765,3334285,21
14766,3332469,204
14767,3334494,0
14768,3334404,9
14769,3334494,0
14770,3334107,39
14771,3334285,21
14772,3334285,21
14773,3334494,0
14774,3334404,9
14775,3334404,9
14776,3334404,9
14777,3334494,0
14778,3334404,9
14779,3334107,39
14780,3334494,0
14781,3334494,0
14782,3333868,63
14783,3334404,9
14784,3289187,4596
14785,3334404,9
14786,3334136,36
14787,3334494,0
14788,3334255,24
14789,3334404,9
14790,3332856,165
14791,3334255,24
14792,3334107,39
14793,3334494,0
14794,3334285,21
14795,3334285,21
14796,3331845,267
14797,3334404,9
14798,3334494,0
14799,3332440,207
14800,3334404,9
14801,3334285,21
14802,3334107,39
14803,3334107,39
14804,3334285,21
14805,3334285,21
14806,3332588,192
14807,3334255,24
14808,3334285,21
14809,3334107,39
14810,3334404,9
14811,3334107,39
14812,3334404,9
14813,3281589,5373
14814,3334404,9
14815,3334494,0
14816,3334404,9
14817,3334255,24
14818,3334047,45
14819,3334494,0
14820,3333898,60
14821,3334494,0
14822,3334404,9
14823,3333868,63
14824,3334255,24
14825,3334107,39
14826,3334494,0
14827,3334136,36
14828,3334285,21
14829,3334494,0
14830,3334404,9
14831,3334404,9
14832,3334136,36
14833,3334494,0
14834,3334107,39
14835,3334404,9
14836,3333154,135
14837,3334255,24
14838,3334404,9
14839,3334494,0
14840,3334404,9
14841,3334107,39
14842,3334255,24
14843,3334255,24
14844,3334255,24
14845,3333928,57
14846,3334404,9
14847,3334404,9
14848,3334404,9
14849,3334404,9
14850,3333452,105
14851,3334255,24
14852,3334494,0
14853,3334494,0
14854,3334494,0
14855,3330119,441
14856,3334494,0
14857,3334255,24
14858,3334404,9
14859,3334285,21
14860,3334404,9
14861,3329376,516
14862,3334494,0
14863,3334494,0
14864,3333154,135
14865,3333660,84
14866,3334404,9
14867,3334404,9
14868,3334285,21
14869,3334255,24
14870,3334404,9
14871,3333928,57
14872,3334494,0
14873,3334255,24
14874,3334047,45
14875,3331964,255
14876,3334285,21
14877,3334494,0
14878,3334285,21
14879,3334494,0
14880,3334404,9
14881,3334285,21
14882,3334404,9
14883,3332440,207
14884,3334494,0
14885,3334107,39
14886,3334404,9
14887,3333154,135
14888,3334494,0
14889,3334494,0
14890,3333928,57
14891,3334285,21
14892,3334494,0
14893,3334404,9
14894,3334107,39
14895,3334494,0
14896,3334255,24
14897,3334494,0
14898,3334404,9
14899,3332618,189
14900,3334404,9
14901,3334136,36
14902,3334255,24
14903,3332588,192
14904,3333928,57
14905,3325276,930
14906,3334494,0
14907,3334404,9
14908,3333035,147
14909,3333898,60
14910,3334404,9
14911,3334494,0
14912,3334494,0
14913,3334255,24
14914,3332856,165
14915,3334404,9
14916,3334285,21
14917,3334255,24
14918,3334404,9
14919,3334404,9
14920,3334136,36
14921,3334404,9
14922,3334255,24
14923,3334494,0
14924,3334404,9
14925,3334494,0
14926,3334404,9
14927,3334494,0
14928,3334107,39
14929,3330774,375
14930,3334404,9
14931,3334494,0
14932,3334494,0
14933,3334285,21
14934,3334107,39
14935,3334404,9
14936,3334494,0
14937,3334255,24
14938,3333868,63
14939,3334136,36
14940,3334404,9
14941,3334494,0
14942,3334494,0
14943,3334404,9
14944,3334404,9
14945,3334494,0
14946,3334494,0
14947,3334494,0
14948,3334404,9
14949,3285958,4926
14950,3334494,0
14951,3334136,36
14952,3334285,21
14953,3334107,39
14954,3315787,1890
14955,3334255,24
14956,3334404,9
14957,3332678,183
14958,3333154,135
14959,3333154,135
14960,3334494,0
14961,3334404,9
14962,3334285,21
14963,3334255,24
14964,3334255,24
14965,3325454,912
14966,3334404,9
14967,3334404,9
14968,3333035,147
14969,3333690,81
14970,3334107,39
14971,3332588,192
14972,3334404,9
14973,3334404,9
14974,3334404,9
14975,3332588,192
14976,3334404,9
14977,3334494,0
14978,3333154,135
14979,3334404,9
14980,3330268,426
14981,3334494,0
14982,3334107,39
14983,3331964,255
14984,3333898,60
14985,3332469,204
14986,3334404,9
14987,3334404,9
14988,3334136,36
14989,3334285,21
14990,3334404,9
14991,3334404,9
14992,3334404,9
14993,3334255,24
14994,3281061,5427
14995,3334404,9
14996,3333928,57
14997,3334285,21
14998,3334255,24
14999,3333749,75
15000,3334494,0
15001,3334404,9
15002,3334107,39
15003,3333630,87
15004,3334107,39
15005,3334404,9
15006,3334285,21
15007,3334404,9
15008,3334494,0
15009,3334285,21
15010,3334107,39
15011,3334494,0
15012,3333690,81
15013,3334255,24
15014,3334255,24
15015,3334404,9
15016,3334494,0
15017,3334404,9
15018,3334494,0
15019,3334255,24
15020,3334494,0
15021,3330149,438
15022,3334404,9
15023,3334047,45
15024,3334494,0
15025,3334285,21
15026,3334404,9
15027,3334107,39
15028,3334494,0
15029,3334494,0
15030,3334255,24
15031,3334494,0
15032,3334494,0
15033,3334494,0
15034,3334285,21
15035,3333154,135
15036,3334494,0
15037,3334285,21
15038,3331101,342
15039,3334404,9
15040,3333154,135
15041,3334494,0
15042,3334255,24
15043,3334255,24
15044,3334404,9
15045,3334404,9
15046,3334494,0
15047,3334494,0
15048,3334107,39
15049,3334494,0
15050,3334494,0
15051,3334255,24
15052,3334494,0
15053,3334255,24
15054,3334255,24
15055,3334107,39
15056,3334404,9
15057,3334494,0
15058,3322337,1227
15059,3334255,24
15060,3334404,9
15061,3334494,0
15062,3334136,36
15063,3334494,0
15064,3333928,57
15065,3334494,0
15066,3334404,9
15067,3334494,0
15068,3334404,9
15069,3334494,0
15070,3269100,6654
15071,3334404,9
15072,3334494,0
15073,3332440,207
15074,3334494,0
15075,3334255,24
15076,3334494,0
15077,3334404,9
15078,3334404,9
15079,3334494,0
15080,3334285,21
15081,3334285,21
15082,3334136,36
15083,3333035,147
15084,3334136,36
15085,3334285,21
15086,3334494,0
15087,3334494,0
15088,3334404,9
15089,3334136,36
15090,3334285,21
15091,3334494,0
15092,3334255,24
15093,3333154,135
15094,3334494,0
15095,3334494,0
15096,3332886,162
15097,3334255,24
15098,3334494,0
15099,3334404,9
15100,3334107,39
15101,3334107,39
15102,3334404,9
15103,3333154,135
15104,3334285,21
15105,3333898,60
15106,3334285,21
15107,3334255,24
15108,3334404,9
15109,3334107,39
15110,3334494,0
15111,3334404,9
15112,3334136,36
15113,3334285,21
15114,3332440,207
15115,3334404,9
15116,3334107,39
15117,3334404,9
15118,3334404,9
15119,3334404,9
15120,3334404,9
15121,3332588,192
15122,3334404,9
15123,3334255,24
15124,3333868,63
15125,3334494,0
15126,3334404,9
15127,3334494,0
15128,3334255,24
15129,3334107,39
15130,3333868,63
15131,3334404,9
15132,3334255,24
15133,3334404,9
15134,3334136,36
15135,3334494,0
15136,3334404,9
15137,3334404,9
15138,3334494,0
15139,3334494,0
15140,3334047,45
15141,3334404,9
15142,3334404,9
15143,3334404,9
15144,3334404,9
15145,3334107,39
15146,3332440,207
15147,3334255,24
15148,3334404,9
15149,3334494,0
15150,3334404,9
15151,3334494,0
15152,3334285,21
15153,3334404,9
15154,3334285,21
15155,3334255,24
15156,3334494,0
15157,3334494,0
15158,3334107,39
15159,3334494,0
15160,3334494,0
15161,3325573,900
15162,3334136,36
15163,3334285,21
15164,3334255,24
15165,3334285,21
15166,3334404,9
15167,3334494,0
15168,3334107,39
15169,3334494,0
15170,3334107,39
15171,3334404,9
15172,3332440,207
15173,3333868,63
15174,3333154,135
15175,3333035,147
15176,3334255,24
15177,3332053,246
15178,3334107,39
15179,3333868,63
15180,3334136,36
15181,3333035,147
15182,3334404,9
15183,3334285,21
15184,3334255,24
15185,3334494,0
15186,3334255,24
15187,3334107,39
15188,3334404,9
15189,3334404,9
15190,3334404,9
15191,3334494,0
15192,3334494,0
15193,3332440,207
15194,3334404,9
15195,3333154,135
15196,3334255,24
15197,3334255,24
15198,3334404,9
15199,3334404,9
15200,3334494,0
15201,3334494,0
15202,3333035,147
15203,3334494,0
15204,3334494,0
15205,3334404,9
15206,3334494,0
15207,3330595,393
15208,3334404,9
15209,3333035,147
15210,3334494,0
15211,3333154,135
15212,3334494,0
15213,3334404,9
15214,3334404,9
15215,3334404,9
15216,3334494,0
15217,3329019,552
15218,3334285,21
15219,3334404,9
15220,3333035,147
15221,3334047,45
15222,3334107,39
15223,3333154,135
15224,3334494,0
15225,3334494,0
15226,3334494,0
15227,3334285,21
15228,3333154,135
15229,3334404,9
15230,3334404,9
15231,3334255,24
15232,3226842,11025
15233,3334255,24
15234,3334136,36
15235,3334494,0
15236,3334285,21
15237,3334255,24
15238,3334404,9
15239,3334494,0
15240,3334404,9
15241,3332261,225
15242,3333035,147
15243,3334404,9
15244,3334404,9
15245,3334404,9
15246,3334494,0
15247,3334285,21
15248,3334285,21
15249,3334494,0
15250,3334285,21
15251,3334047,45
15252,3334285,21
15253,3334255,24
15254,3332023,249
15255,3334494,0
15256,3334047,45
15257,3334107,39
15258,3334136,36
15259,3334404,9
15260,3334404,9
15261,3333958,54
15262,3334285,21
15263,3333035,147
15264,3332886,162
15265,3334285,21
15266,3333154,135
15267,3334285,21
15268,3334136,36
15269,3334404,9
15270,3334107,39
15271,3334404,9
15272,3334255,24
15273,3332440,207
15274,3334494,0
15275,3334285,21
15276,3334285,21
15277,3334494,0
15278,3299631,3531
15279,3334107,39
15280,3334255,24
15281,3334255,24
15282,3334107,39
15283,3334494,0
15284,3334136,36
15285,3334285,21
15286,3334404,9
15287,3334404,9
15288,3333630,87
15289,3333035,147
15290,3334255,24
15291,3334285,21
15292,3334494,0
15293,3334404,9
15294,3334255,24
15295,3334285,21
15296,3334494,0
15297,3334404,9
15298,3334255,24
15299,3334255,24
15300,3334404,9
15301,3330149,438
15302,3334285,21
15303,3334404,9
15304,3280065,5529
15305,3334285,21
15306,3334404,9
15307,3334404,9
15308,3334494,0
15309,3334404,9
15310,3334404,9
15311,3334404,9
15312,3334494,0
15313,3334404,9
15314,3334255,24
15315,3334285,21
15316,3334255,24
15317,3334107,39
15318,3334404,9
15319,3334285,21
15320,3334255,24
15321,3334404,9
15322,3333898,60
15323,3334255,24
15324,3334404,9
15325,3334494,0
15326,3334494,0
15327,3334494,0
15328,3334404,9
15329,3332440,207
15330,3334404,9
15331,3334404,9
15332,3334255,24
15333,3334255,24
15334,3334047,45
15335,3332440,207
15336,3334494,0
15337,3334494,0
15338,3334255,24
15339,3330238,429
15340,3334494,0
15341,3334404,9
15342,3334494,0
15343,3334255,24
15344,3334404,9
15345,3334255,24
15346,3334107,39
15347,3334404,9
15348,3334494,0
15349,3334107,39
15350,3332440,207
15351,3334107,39
15352,3334404,9
15353,3334136,36
15354,3334494,0
15355,3334404,9
15356,3334404,9
15357,3334255,24
15358,3334404,9
15359,3334255,24
15360,3334255,24
15361,3334107,39
15362,3334136,36
15363,3334494,0
15364,3334494,0
15365,3334404,9
15366,3334404,9
15367,3332440,207
15368,3334047,45
15369,3334494,0
15370,2973723,38469
15371,3334255,24
15372,3334285,21
15373,3334404,9
15374,3334494,0
15375,3334404,9
15376,3332886,162
15377,3334404,9
15378,3334404,9
15379,3334404,9
15380,3329435,510
15381,3334404,9
15382,3333035,147
15383,3334494,0
15384,3333154,135
15385,3334255,24
15386,3334404,9
15387,3334494,0
15388,3334404,9
15389,3333035,147
15390,3334404,9
15391,3334494,0
15392,3334494,0
15393,3334107,39
15394,3334047,45
15395,3334255,24
15396,3334047,45
15397,3329435,510
15398,3334494,0
15399,3334494,0
15400,3334255,24
15401,3334107,39
15402,3333035,147
15403,3334404,9
15404,3334494,0
15405,3334404,9
15406,3333154,135
15407,3334494,0
15408,3332618,189
15409,3334404,9
15410,3334285,21
15411,3334255,24
15412,3334494,0
15413,3334285,21
15414,3334404,9
15415,3325454,912
15416,3334255,24
15417,3334285,21
15418,3333154,135
15419,3325573,900
15420,3334494,0
15421,3334404,9
15422,3333898,60
15423,3334404,9
15424,3334494,0
15425,3334494,0
15426,3334404,9
15427,3334285,21
15428,3334107,39
15429,3334404,9
15430,3334404,9
15431,3334285,21
15432,3334404,9
15433,3334494,0
15434,3334107,39
15435,3334285,21
15436,3334255,24
15437,3331547,297
15438,3334404,9
15439,3334404,9
15440,3334404,9
15441,3334404,9
15442,3333154,135
15443,3331190,333
15444,3334107,39
15445,3334494,0
15446,3334494,0
15447,3334404,9
15448,3334255,24
15449,3334494,0
15450,3334047,45
15451,3334404,9
15452,3334047,45
15453,3334494,0
15454,3334494,0
15455,3334404,9
15456,3332440,207
15457,3334107,39
15458,3334285,21
15459,3334404,9
15460,3334404,9
15461,3332440,207
15462,3333928,57
15463,3334047,45
15464,3333868,63
15465,3334404,9
15466,3334404,9
15467,3332588,192
15468,3334404,9
15469,3334285,21
15470,3334404,9
15471,3334255,24
15472,3334404,9
15473,3333035,147
15474,3334494,0
15475,3334107,39
15476,3334494,0
15477,3334404,9
15478,3332618,189
15479,3334494,0
15480,3333154,135
15481,3334404,9
15482,3334047,45
15483,3332588,192
15484,3334285,21
15485,3088335,25764
15486,3334107,39
15487,3334494,0
15488,3334404,9
15489,3334494,0
15490,3334404,9
15491,3334494,0
15492,3334404,9
15493,3334494,0
15494,3334404,9
15495,3334255,24
15496,3334285,21
15497,3334404,9
15498,3331369,315
15499,3334494,0
15500,3334494,0
15501,3334136,36
15502,3334494,0
15503,3334255,24
15504,3334494,0
15505,3334255,24
15506,3334136,36
15507,3334404,9
15508,3334494,0
15509,3333154,135
15510,3331964,255
15511,3332261,225
15512,3333035,147
15513,3332886,162
15514,3334494,0
15515,3334285,21
15516,3334494,0
15517,3332588,192
15518,3334404,9
15519,3334107,39
15520,3334404,9
15521,3334047,45
15522,3333035,147
15523,3334404,9
15524,3334494,0
15525,3334404,9
15526,3334107,39
15527,3334494,0
15528,3334404,9
15529,3333035,147
15530,3333154,135
15531,3334404,9
15532,3334255,24
15533,3334285,21
15534,3334404,9
15535,3334494,0
15536,3221228,11610
15537,3334047,45
15538,3330982,354
15539,3334494,0
15540,3334494,0
15541,3333898,60
15542,3334285,21
15543,3332023,249
15544,3333154,135
15545,3334107,39
15546,3334494,0
15547,3334494,0
15548,3334494,0
15549,3334285,21
15550,3334494,0
15551,3334494,0
15552,3332588,192
15553,3333154,135
15554,3334107,39
15555,3334404,9
15556,3327771,678
15557,3334255,24
15558,3334494,0
15559,3334404,9
15560,3334494,0
15561,3334494,0
15562,3334404,9
15563,3334404,9
15564,3334494,0
15565,3334494,0
15566,3334494,0
15567,3334285,21
15568,3334404,9
15569,3334255,24
15570,3334494,0
15571,3317446,1722
15572,3325454,912
15573,3334285,21
15574,3334404,9
15575,3334494,0
15576,3334404,9
15577,3334494,0
15578,3334404,9
15579,3334107,39
15580,3333630,87
15581,3327474,708
15582,3334107,39
15583,3334404,9
15584,3334285,21
15585,3334494,0
15586,3334404,9
15587,3334285,21
15588,3333898,60
15589,3334255,24
15590,3334107,39
15591,3333035,147
15592,3330922,360
15593,3334404,9
15594,3334494,0
15595,3332440,207
15596,3334047,45
15597,3328068,648
15598,3332856,165
15599,3334494,0
15600,3334494,0
15601,3334404,9
15602,3334107,39
15603,3334285,21
15604,3334494,0
15605,3334255,24
15606,3334404,9
15607,3331428,309
15608,3332440,207
15609,3334136,36
15610,3334255,24
15611,3334494,0
15612,3185927,15312
15613,3334285,21
15614,3258462,7749
15615,3333154,135
15616,3333154,135
15617,3334404,9
15618,3331785,273
15619,3334494,0
15620,3334494,0
15621,3332588,192
15622,3332440,207
15623,3334136,36
15624,3334494,0
15625,3334494,0
15626,3334136,36
15627,3334107,39
15628,3334404,9
15629,3334404,9
15630,3334285,21
15631,3334404,9
15632,3334404,9
15633,3334494,0
15634,3332588,192
15635,3333035,147
15636,3334494,0
15637,3334285,21
15638,3330774,375
15639,3334404,9
15640,3334136,36
15641,3334285,21
15642,3334494,0
15643,3334404,9
15644,3334494,0
15645,3334255,24
15646,3334494,0
15647,3333898,60
15648,3334136,36
15649,3333958,54
15650,3334404,9
15651,3331845,267
15652,3334404,9
15653,3334404,9
15654,3334404,9
15655,3334494,0
15656,3334404,9
15657,3334494,0
15658,3334255,24
15659,3334494,0
15660,3281325,5400
15661,3333035,147
15662,3334136,36
15663,3330090,444
15664,3334494,0
15665,3334494,0
15666,3334494,0
15667,3333928,57
15668,3334255,24
15669,3334494,0
15670,3334107,39
15671,3331458,306
15672,3334494,0
15673,3334404,9
15674,3334255,24
15675,3333035,147
15676,3334494,0
15677,3334494,0
15678,3334404,9
15679,3334285,21
15680,3333154,135
15681,3334494,0
15682,3334404,9
15683,3334255,24
15684,3334255,24
15685,3334255,24
15686,3334404,9
15687,3334285,21
15688,3332856,165
15689,3334404,9
15690,3334285,21
15691,3334136,36
15692,3334494,0
15693,3334494,0
15694,3333154,135
15695,3334107,39
15696,3334494,0
15697,3334494,0
15698,3334255,24
15699,3334494,0
15700,3334404,9
15701,3334404,9
15702,3334285,21
15703,3334494,0
15704,3334494,0
15705,3334404,9
15706,3334404,9
15707,3334494,0
15708,3333928,57
15709,3334494,0
15710,3334255,24
15711,3334255,24
15712,3333868,63
15713,3334494,0
15714,3334494,0
15715,3334285,21
15716,3333035,147
15717,3334494,0
15718,3334494,0
15719,3334404,9
15720,3333719,78
15721,3333630,87
15722,3334255,24
15723,3334494,0
15724,3334404,9
15725,3334404,9
15726,3334285,21
15727,3334494,0
15728,3334285,21
15729,3334494,0
15730,3334285,21
15731,3334404,9
15732,3334255,24
15733,3334255,24
15734,3331964,255
15735,3334494,0
15736,3334404,9
15737,3333154,135
15738,3333868,63
15739,3334255,24
15740,3334404,9
15741,3334494,0
15742,3334404,9
15743,3334404,9
15744,3334404,9
15745,3334285,21
15746,3334494,0
15747,3334494,0
15748,3325573,900
15749,3334404,9
15750,3334404,9
15751,3333035,147
15752,3334255,24
15753,3334494,0
15754,3334285,21
15755,3334285,21
15756,3333154,135
15757,3334255,24
15758,3333154,135
15759,3334404,9
15760,3334404,9
15761,3334404,9
15762,3334285,21
15763,3334255,24
15764,3334255,24
15765,3334494,0
15766,3334404,9
15767,3334047,45
15768,3334255,24
15769,3334404,9
15770,3334404,9
15771,3334404,9
15772,3334285,21
15773,3334404,9
15774,3334404,9
15775,3334136,36
15776,3334255,24
15777,3334404,9
15778,3334494,0
15779,3334494,0
15780,3334494,0
15781,3334404,9
15782,3334285,21
15783,3334136,36
15784,3334255,24
15785,3334494,0
15786,3334404,9
15787,3281325,5400
15788,3334107,39
15789,3334404,9
15790,3334404,9
15791,3334047,45
15792,3334494,0
15793,3334255,24
15794,3333690,81
15795,3333154,135
15796,3334255,24
15797,3334404,9
15798,3334107,39
15799,3334404,9
15800,3334494,0
15801,3334404,9
15802,3334404,9
15803,3334404,9
15804,3334404,9
15805,3334255,24
15806,3334494,0
15807,3334494,0
15808,3334494,0
15809,3334107,39
15810,3334404,9
15811,3334494,0
15812,3334285,21
15813,3334494,0
15814,3334047,45
15815,3334404,9
15816,3333719,78
15817,3322486,1212
15818,3334404,9
15819,3334285,21
15820,3278367,5703
15821,3334404,9
15822,3334404,9
15823,3334136,36
15824,3324949,963
15825,3334404,9
15826,3334404,9
15827,3334255,24
15828,3334255,24
15829,3332261,225
15830,3334404,9
15831,3334404,9
15832,3334494,0
15833,3334494,0
15834,3334404,9
15835,3332023,249
15836,3334255,24
15837,3332023,249
15838,3334255,24
15839,3334494,0
15840,3334494,0
15841,3334494,0
15842,3334404,9
15843,3334404,9
15844,3334404,9
15845,3334404,9
15846,3334285,21
15847,3334494,0
15848,3332856,165
15849,3334255,24
15850,3334404,9
15851,3333154,135
15852,3334136,36
15853,3334107,39
15854,3334285,21
15855,3334404,9
15856,3334255,24
15857,3334404,9
15858,3334494,0
15859,3334404,9
15860,3333928,57
15861,3334107,39
15862,3334494,0
15863,3331636,288
15864,3334404,9
15865,3334285,21
15866,3333719,78
15867,3334404,9
15868,3334255,24
15869,3334404,9
15870,3334255,24
15871,3334285,21
15872,3333154,135
15873,3334404,9
15874,3334404,9
15875,3334107,39
15876,3334494,0
15877,3334494,0
15878,3334404,9
15879,3334494,0
15880,3334285,21
15881,3334404,9
15882,3334404,9
15883,3334404,9
15884,3333630,87
15885,3334404,9
15886,3334404,9
15887,3334107,39
15888,3333154,135
15889,3334494,0
15890,3333928,57
15891,3332440,207
15892,3334404,9
15893,3334404,9
15894,3334255,24
15895,3334107,39
15896,3334494,0
15897,3334107,39
15898,3334494,0
15899,3333154,135
15900,3334494,0
15901,3333660,84
15902,3334107,39
15903,3334255,24
15904,3334494,0
15905,3334136,36
15906,3334494,0
15907,3334404,9
15908,3334494,0
15909,3334404,9
15910,3334404,9
15911,3334255,24
15912,3334285,21
15913,3334494,0
15914,3334404,9
15915,3332886,162
15916,3334404,9
15917,3333035,147
15918,3334404,9
15919,3334136,36
15920,3334107,39
15921,3334136,36
15922,3334404,9
15923,3334285,21
15924,3333154,135
15925,3333928,57
15926,3334404,9
15927,3334494,0
15928,3334494,0
15929,3334494,0
15930,3333898,60
15931,3334404,9
15932,3334404,9
15933,3333690,81
15934,3332588,192
15935,3334404,9
15936,3334107,39
15937,3334136,36
15938,3334404,9
15939,3304938,2991
15940,3334136,36
15941,3334404,9
15942,3334285,21
15943,3333868,63
15944,3333154,135
15945,3333928,57
15946,3334404,9
15947,3334494,0
15948,3334255,24
15949,3334494,0
15950,3333630,87
15951,3331398,312
15952,3334136,36
15953,3334404,9
15954,3334404,9
15955,3334494,0
15956,3333035,147
15957,3334494,0
15958,3334494,0
15959,3334404,9
15960,3334255,24
15961,3334404,9
15962,3334285,21
15963,3334255,24
15964,3332261,225
15965,3334047,45
15966,3334107,39
15967,3334494,0
15968,3334255,24
15969,3334494,0
15970,3334494,0
15971,3334494,0
15972,3334107,39
15973,3334107,39
15974,3334404,9
15975,3334255,24
15976,3334107,39
15977,3334404,9
15978,3334255,24
15979,3334494,0
15980,3334285,21
15981,3334404,9
15982,3333154,135
15983,3333154,135
15984,3334404,9
15985,3334494,0
15986,3334404,9
15987,3334255,24
15988,3334285,21
15989,3252183,8397
15990,3334136,36
15991,3334404,9
15992,3334285,21
15993,3334404,9
15994,3330774,375
15995,3334404,9
15996,3333154,135
15997,3334404,9
15998,3334494,0
15999,3334404,9
16000,3334404,9
16001,3334404,9
16002,3334494,0
16003,3334404,9
16004,3334255,24
16005,3334107,39
16006,3334255,24
16007,3334255,24
16008,3334494,0
16009,3334255,24
16010,3334255,24
16011,3331369,315
16012,3334404,9
16013,3334404,9
16014,3334255,24
16015,3334404,9
16016,3334404,9
16017,3334494,0
16018,3334494,0
16019,3334404,9
16020,3333928,57
16021,3334404,9
16022,3334107,39
16023,3334404,9
16024,3334285,21
16025,3333154,135
16026,3333898,60
16027,3300367,3456
16028,3334404,9
16029,3334404,9
16030,3334285,21
16031,3334255,24
16032,3334404,9
16033,3334285,21
16034,3333868,63
16035,3334285,21
16036,3333035,147
16037,3334494,0
16038,3334404,9
16039,3334494,0
16040,3334404,9
16041,3334107,39
16042,3334494,0
16043,3334404,9
16044,3334404,9
16045,3334404,9
16046,3334285,21
16047,3334494,0
16048,3334494,0
16049,3334285,21
16050,3334494,0
16051,3334404,9
16052,3334404,9
16053,3334404,9
16054,3334494,0
16055,3334494,0
16056,3334136,36
16057,3334494,0
16058,3334107,39
16059,3334404,9
16060,3332231,228
16061,3334285,21
16062,3334404,9
16063,3334107,39
16064,3334404,9
16065,3334404,9
16066,3334107,39
16067,3334285,21
16068,3331964,255
16069,3334285,21
16070,3334107,39
16071,3327444,711
16072,3334285,21
16073,3334404,9
16074,3334404,9
16075,3334494,0
16076,3333154,135
16077,3334136,36
16078,3334494,0
16079,3280065,5529
16080,3331964,255
16081,3334494,0
16082,3334494,0
16083,3334404,9
16084,3334255,24
16085,3333154,135
16086,3334494,0
16087,3334494,0
16088,3334404,9
16089,3334107,39
16090,3333898,60
16091,3334404,9
16092,3333868,63
16093,3334107,39
16094,3334404,9
16095,3334404,9
16096,3334285,21
16097,3334404,9
16098,3334107,39
16099,3334047,45
16100,3334255,24
16101,3330774,375
16102,3333958,54
16103,3334107,39
16104,3332440,207
16105,3334285,21
16106,3332588,192
16107,3334107,39
16108,3334107,39
16109,3330803,372
16110,3334494,0
16111,3282556,5274
16112,3333154,135
16113,3334494,0
16114,3296097,3891
16115,3334285,21
16116,3334255,24
16117,3333035,147
16118,3334107,39
16119,3334107,39
16120,3334494,0
16121,3331845,267
16122,3333035,147
16123,3334047,45
16124,3334404,9
16125,3334494,0
16126,3332231,228
16127,3334107,39
16128,3334404,9
16129,3334285,21
16130,3334285,21
16131,3334494,0
16132,3334494,0
16133,3334494,0
16134,3334404,9
16135,3334255,24
16136,3334136,36
16137,3334494,0
16138,3334285,21
16139,3334404,9
16140,3334494,0
16141,3334404,9
16142,3334285,21
16143,3334255,24
16144,3334494,0
16145,3334404,9
16146,3334404,9
16147,3334494,0
16148,3334255,24
16149,3334404,9
16150,3334494,0
16151,3333898,60
16152,3334404,9
16153,3334107,39
16154,3334404,9
16155,3334494,0
16156,3334404,9
16157,3334404,9
16158,3334404,9
16159,3332856,165
16160,3334047,45
16161,3334404,9
16162,3334404,9
16163,3334285,21
16164,3333154,135
16165,3334404,9
16166,3334107,39
16167,3333630,87
16168,3329406,513
16169,3333035,147
16170,3334494,0
16171,3334136,36
16172,3333154,135
16173,3334255,24
16174,3334494,0
16175,3334285,21
16176,3331874,264
16177,3334107,39
16178,3330536,399
16179,3334494,0
16180,3334494,0
16181,3334494,0
16182,3334494,0
16183,3334285,21
16184,3334285,21
16185,3333958,54
16186,3334494,0
16187,3334255,24
16188,3332588,192
16189,3322515,1209
16190,3334136,36
16191,3334494,0
16192,3334404,9
16193,3334285,21
16194,3334404,9
16195,3334494,0
16196,3334404,9
16197,3330833,369
16198,3334404,9
16199,3334404,9
16200,3334285,21
16201,3334107,39
16202,3334107,39
16203,3334255,24
16204,3334404,9
16205,3334285,21
16206,3334107,39
16207,3334255,24
16208,3333154,135
16209,3334404,9
16210,3332886,162
16211,3333690,81
16212,3334255,24
16213,3334255,24
16214,3334136,36
16215,3334107,39
16216,3334494,0
16217,3334404,9
16218,3330209,432
16219,3333154,135
16220,3329881,465
16221,3334494,0
16222,3334107,39
16223,3334494,0
16224,3334494,0
16225,3334107,39
16226,3334404,9
16227,3334404,9
16228,3334404,9
16229,3334494,0
16230,3333690,81
16231,3334255,24
16232,3334285,21
16233,3334494,0
16234,3334404,9
16235,3334255,24
16236,3334255,24
16237,3334285,21
16238,3334494,0
16239,3333749,75
16240,3334404,9
16241,3334285,21
16242,3334285,21
16243,3334494,0
16244,3334494,0
16245,3334404,9
16246,3328841,570
16247,3334047,45
16248,3281325,5400
16249,3334494,0
16250,3334404,9
16251,3333035,147
16252,3333660,84
16253,3334494,0
16254,3334494,0
16255,3334404,9
16256,3308186,2661
16257,3334107,39
16258,3334404,9
16259,3334255,24
16260,3334494,0
16261,3334494,0
16262,3334494,0
16263,3334494,0
16264,3334494,0
16265,3334255,24
16266,3334404,9
16267,3333035,147
16268,3334107,39
16269,3334404,9
16270,3334255,24
16271,3333868,63
16272,3334494,0
16273,3334404,9
16274,3334494,0
16275,3334494,0
16276,3334494,0
16277,3334404,9
16278,3334047,45
16279,3334285,21
16280,3334404,9
16281,3334494,0
16282,3334494,0
16283,3325573,900
16284,3334404,9
16285,3334285,21
16286,3334404,9
16287,3334255,24
16288,3334494,0
16289,3334255,24
16290,3334404,9
16291,3332618,189
16292,3334404,9
16293,3332588,192
16294,3334404,9
16295,3334285,21
16296,3334136,36
16297,3334494,0
16298,3332588,192
16299,3334404,9
16300,3334107,39
16301,3334136,36
16302,3334404,9
16303,3334404,9
16304,3334255,24
16305,3334255,24
16306,3334404,9
16307,3334494,0
16308,3334494,0
16309,3334404,9
16310,3333035,147
16311,3333481,102
16312,3334404,9
16313,3333154,135
16314,3334404,9
16315,3334136,36
16316,3334404,9
16317,3333154,135
16318,3334404,9
16319,3334047,45
16320,3333958,54
16321,3334494,0
16322,3334404,9
16323,3334285,21
16324,3334404,9
16325,3334494,0
16326,3334404,9
16327,3333928,57
16328,3334404,9
16329,3334255,24
16330,3333035,147
16331,3334494,0
16332,3334494,0
16333,3333154,135
16334,3334255,24
16335,3334494,0
16336,3334494,0
16337,3334494,0
16338,3333928,57
16339,3333571,93
16340,3334494,0
16341,3332440,207
16342,3330179,435
16343,3334404,9
16344,3334285,21
16345,3334404,9
16346,3334494,0
16347,3334494,0
16348,3330774,375
16349,3333154,135
16350,3334404,9
16351,3332856,165
16352,3334285,21
16353,3334255,24
16354,3332856,165
16355,3334494,0
16356,3330179,435
16357,3334494,0
16358,3332469,204
16359,3334404,9
16360,3334404,9
16361,3334107,39
16362,3334404,9
16363,3334494,0
16364,3334404,9
16365,3334285,21
16366,3334404,9
16367,3334404,9
16368,3334107,39
16369,3334107,39
16370,3334404,9
16371,3334107,39
16372,3334494,0
16373,3334404,9
16374,3334404,9
16375,3334255,24
16376,3334494,0
16377,3334404,9
16378,3334404,9
16379,3333035,147
16380,3334047,45
16381,3334136,36
16382,3334404,9
16383,3334404,9
16384,3334285,21
16385,3334255,24
16386,3334494,0
16387,3334494,0
16388,3334136,36
16389,3334494,0
16390,3334404,9
16391,3334404,9
16392,3334494,0
16393,3334285,21
16394,3332588,192
16395,3334047,45
16396,3334404,9
16397,3334404,9
16398,3334136,36
16399,3334404,9
16400,3334494,0
16401,3334404,9
16402,3334494,0
16403,3334404,9
16404,3334136,36
16405,3333154,135
16406,3334255,24
16407,3333928,57
16408,3334285,21
16409,3334255,24
16410,3334404,9
16411,3334404,9
16412,3334255,24
16413,3334285,21
16414,3332618,189
16415,3334404,9
16416,3334494,0
16417,3334404,9
16418,3334404,9
16419,3334404,9
16420,3334494,0
16421,3334494,0
16422,3334107,39
16423,3334136,36
16424,3334494,0
16425,3334255,24
16426,3334047,45
16427,3334255,24
16428,3334494,0
16429,3333868,63
16430,3334494,0
16431,3334404,9
16432,3334494,0
16433,3334255,24
16434,3334404,9
16435,3334404,9
16436,3334404,9
16437,3333898,60
16438,3334404,9
16439,3333154,135
16440,3334494,0
16441,3334404,9
16442,3334494,0
16443,3334047,45
16444,3334404,9
16445,3334404,9
16446,3334404,9
16447,3334404,9
16448,3334047,45
16449,3334494,0
16450,3334404,9
16451,3334494,0
16452,3334404,9
16453,3332588,192
16454,3334136,36
16455,3331309,321
16456,3330149,438
16457,3334494,0
16458,3332618,189
16459,3334107,39
16460,3333868,63
16461,3334404,9
16462,3332588,192
16463,3334255,24
16464,3334494,0
16465,3334404,9
16466,3333035,147
16467,3333928,57
16468,3334494,0
16469,3334404,9
16470,3334285,21
16471,3334404,9
16472,3334404,9
16473,3334107,39
16474,3334404,9
16475,3334404,9
16476,3334494,0
16477,3334136,36
16478,3334404,9
16479,3334404,9
16480,3334404,9
16481,3334494,0
16482,3334494,0
16483,3334107,39
16484,3334404,9
16485,3334494,0
16486,3334404,9
16487,3334494,0
16488,3334494,0
16489,3334494,0
16490,3334404,9
16491,3334404,9
16492,3334107,39
16493,3334404,9
16494,3334494,0
16495,3334494,0
16496,3334404,9
16497,3318987,1566
16498,3334494,0
16499,3334404,9
16500,3334255,24
16501,3334494,0
16502,3334404,9
16503,3325098,948
16504,3334404,9
16505,3333928,57
16506,3334404,9
16507,3334255,24
16508,3334107,39
16509,3334494,0
16510,3325454,912
16511,3334494,0
16512,3334404,9
16513,3333928,57
16514,3331369,315
16515,3334494,0
16516,3333154,135
16517,3334136,36
16518,3334404,9
16519,3334494,0
16520,3334404,9
16521,3334136,36
16522,3334285,21
16523,3334255,24
16524,3334136,36
16525,3334494,0
16526,3334404,9
16527,3334404,9
16528,3294861,4017
16529,3334285,21
16530,3334107,39
16531,3334494,0
16532,3334404,9
16533,3325454,912
16534,3334136,36
16535,3334494,0
16536,3334404,9
16537,3334404,9
16538,3334404,9
16539,3332588,192
16540,3334494,0
16541,3334494,0
16542,3334404,9
16543,3334255,24
16544,3334494,0
16545,3332588,192
16546,3334404,9
16547,3334494,0
16548,3334404,9
16549,3333868,63
16550,3332618,189
16551,3332588,192
16552,3334494,0
16553,3333928,57
16554,3333868,63
16555,3334494,0
16556,3334255,24
16557,3334285,21
16558,3334285,21
16559,3334404,9
16560,3334404,9
16561,3334285,21
16562,3333898,60
16563,3334285,21
16564,3334404,9
16565,3329138,540
16566,3334285,21
16567,3334404,9
16568,3334404,9
16569,3334107,39
16570,3334255,24
16571,3334494,0
16572,3334404,9
16573,3334404,9
16574,3334285,21
16575,3334494,0
16576,3334404,9
16577,3331785,273
16578,3334255,24
16579,3334494,0
16580,3334404,9
16581,3334285,21
16582,3333154,135
16583,3332588,192
16584,3334404,9
16585,3334404,9
16586,3333958,54
16587,3334494,0
16588,3334404,9
16589,3332618,189
16590,3333898,60
16591,3334494,0
16592,3317772,1689
16593,3334404,9
16594,3174596,16509
16595,3334285,21
16596,3334136,36
16597,3334494,0
16598,3334494,0
16599,3334494,0
16600,3332886,162
16601,3332440,207
16602,3334285,21
16603,3334107,39
16604,3334494,0
16605,3334494,0
16606,3334494,0
16607,3334404,9
16608,3334136,36
16609,3334404,9
16610,3334494,0
16611,3334404,9
16612,3334285,21
16613,3334404,9
16614,3334404,9
16615,3334494,0
16616,3334494,0
16617,3334494,0
16618,3334404,9
16619,3334494,0
16620,3334404,9
16621,3333035,147
16622,3334404,9
16623,3334404,9
16624,3334255,24
16625,3332707,180
16626,3334404,9
16627,3334404,9
16628,3332440,207
16629,3334494,0
16630,3333928,57
16631,3334404,9
16632,3334404,9
16633,3332588,192
16634,3334404,9
16635,3334285,21
16636,3334494,0
16637,3334404,9
16638,3333422,108
16639,3334404,9
16640,3334404,9
16641,3334107,39
16642,3334404,9
16643,3334255,24
16644,3334255,24
16645,3334494,0
16646,3334136,36
16647,3334404,9
16648,3334494,0
16649,3334494,0
16650,3334255,24
16651,3334404,9
16652,3334494,0
16653,3334404,9
16654,3334404,9
16655,3334494,0
16656,3333154,135
16657,3332023,249
16658,3334404,9
16659,3334404,9
16660,3334107,39
16661,3334494,0
16662,3334404,9
16663,3334494,0
16664,3334285,21
16665,3334404,9
16666,3334494,0
16667,3334494,0
16668,3334255,24
16669,3334404,9
16670,3334404,9
16671,3333392,111
16672,3334047,45
16673,3332261,225
16674,3334404,9
16675,3334494,0
16676,3334404,9
16677,3334255,24
16678,3334494,0
16679,3334404,9
16680,3334107,39
16681,3329168,537
16682,3334494,0
16683,3333154,135
16684,3334404,9
16685,3334136,36
16686,3334285,21
16687,3334494,0
16688,3334494,0
16689,3334285,21
16690,3334494,0
16691,3333154,135
16692,3334494,0
16693,3333868,63
16694,3334404,9
16695,3334136,36
16696,3334255,24
16697,3333719,78
16698,3334285,21
16699,3334255,24
16700,3334404,9
16701,3334255,24
16702,3334494,0
16703,3334494,0
16704,3332588,192
16705,3334494,0
16706,3334404,9
16707,3334404,9
16708,3334285,21
16709,3334404,9
16710,3334404,9
16711,3334107,39
16712,3334107,39
16713,3334494,0
16714,3334494,0
16715,3334494,0
16716,3331636,288
16717,3334404,9
16718,3334255,24
16719,3334404,9
16720,3334404,9
16721,3334494,0
16722,3325573,900
16723,3334404,9
16724,3334404,9
16725,3334255,24
16726,3334136,36
16727,3333035,147
16728,3334107,39
16729,3334404,9
16730,3334494,0
16731,3333868,63
16732,3334404,9
16733,3334404,9
16734,3334404,9
16735,3334107,39
16736,3334404,9
16737,3334404,9
16738,3334255,24
16739,3334107,39
16740,3334494,0
16741,3334494,0
16742,3333154,135
16743,3334285,21
16744,3334404,9
16745,3334136,36
16746,3334494,0
16747,3334107,39
16748,3334404,9
16749,3333928,57
16750,3334136,36
16751,3334404,9
16752,3334404,9
16753,3333660,84
16754,3334107,39
16755,3332588,192
16756,3334404,9
16757,3334404,9
16758,3333898,60
16759,3334136,36
16760,3334136,36
16761,3334404,9
16762,3329881,465
16763,3329733,480
16764,3333154,135
16765,3334404,9
16766,3334404,9
16767,3332023,249
16768,3334285,21
16769,3334404,9
16770,3333154,135
16771,3334255,24
16772,3334404,9
16773,3334494,0
16774,3334404,9
16775,3334107,39
16776,3334404,9
16777,3334494,0
16778,3334107,39
16779,3334285,21
16780,3332856,165
16781,3334404,9
16782,3332440,207
16783,3334285,21
16784,3334494,0
16785,3334136,36
16786,3330149,438
16787,3332440,207
16788,3334404,9
16789,3334494,0
16790,3334494,0
16791,3334136,36
16792,3334404,9
16793,3333035,147
16794,3334404,9
16795,3334494,0
16796,3334285,21
16797,3334404,9
16798,3334404,9
16799,3334285,21
16800,3333868,63
16801,3334107,39
16802,3334404,9
16803,3334107,39
16804,3334404,9
16805,3334047,45
16806,3334107,39
16807,3334285,21
16808,3333154,135
16809,3331458,306
16810,3332588,192
16811,3333154,135
16812,3334404,9
16813,3334285,21
16814,3334404,9
16815,3334255,24
16816,3334404,9
16817,3334494,0
16818,3334404,9
16819,3330238,429
16820,3334404,9
16821,3334107,39
16822,3334255,24
16823,3334404,9
16824,3334404,9
16825,3334494,0
16826,3334494,0
16827,3334494,0
16828,3334404,9
16829,3334255,24
16830,3333928,57
16831,3334494,0
16832,3334404,9
16833,3334494,0
16834,3334494,0
16835,3334047,45
16836,3334285,21
16837,3334285,21
16838,3333035,147
16839,3334404,9
16840,3334404,9
16841,3334136,36
16842,3334255,24
16843,3334494,0
16844,3334494,0
16845,3334285,21
16846,3334404,9
16847,3334494,0
16848,3334494,0
16849,3334404,9
16850,3334107,39
16851,3334107,39
16852,3334107,39
16853,3334255,24
16854,3334047,45
16855,3332440,207
16856,3334494,0
16857,3334404,9
16858,3334285,21
16859,3334404,9
16860,3333035,147
16861,3334494,0
16862,3334494,0
16863,3334404,9
16864,3334494,0
16865,3334404,9
16866,3334136,36
16867,3334494,0
16868,3334404,9
16869,3331845,267
16870,3334494,0
16871,3334494,0
16872,3334404,9
16873,3334494,0
16874,3334136,36
16875,3334107,39
16876,3334255,24
16877,3332588,192
16878,3334136,36
16879,3333154,135
16880,3334285,21
16881,3334404,9
16882,3334404,9
16883,3334494,0
16884,3334047,45
16885,3334404,9
16886,3334404,9
16887,3334404,9
16888,3334494,0
16889,3332261,225
16890,3333719,78
16891,3334255,24
16892,3334494,0
16893,3334404,9
16894,3334494,0
16895,3334494,0
16896,3334255,24
16897,3333928,57
16898,3334404,9
16899,3334404,9
16900,3334494,0
16901,3334494,0
16902,3334494,0
16903,3334494,0
16904,3334047,45
16905,3334285,21
16906,3333035,147
16907,3334255,24
16908,3334494,0
16909,3334494,0
16910,3334285,21
16911,3334404,9
16912,3334285,21
16913,3334494,0
16914,3334107,39
16915,3334494,0
16916,3334255,24
16917,3334494,0
16918,3334494,0
16919,3334255,24
16920,3334255,24
16921,3334255,24
16922,3334494,0
16923,3334255,24
16924,3331845,267
16925,3334404,9
16926,3334255,24
16927,3334494,0
16928,3334255,24
16929,3334285,21
16930,3332291,222
16931,3334404,9
16932,3334285,21
16933,3334404,9
16934,3334494,0
16935,3334494,0
16936,3334494,0
16937,3334404,9
16938,3334404,9
16939,3333154,135
16940,3334494,0
16941,3334285,21
16942,3334285,21
16943,3334494,0
16944,3334404,9
16945,3334404,9
16946,3334255,24
16947,3333035,147
16948,3334285,21
16949,3334404,9
16950,3331547,297
16951,3334404,9
16952,3334404,9
16953,3334255,24
16954,3334404,9
16955,3334255,24
16956,3334494,0
16957,3334494,0
16958,3334494,0
16959,3334494,0
16960,3334404,9
16961,3334285,21
16962,3333035,147
16963,3334285,21
16964,3334255,24
16965,3333660,84
16966,3334285,21
16967,3332261,225
16968,3334404,9
16969,3332678,183
16970,3334404,9
16971,3334255,24
16972,3334255,24
16973,3333928,57
16974,3334285,21
16975,3333898,60
16976,3331964,255
16977,3334107,39
16978,3334404,9
16979,3334494,0
16980,3334494,0
16981,3334285,21
16982,3334255,24
16983,3334255,24
16984,3334494,0
16985,3334494,0
16986,3334285,21
16987,3334107,39
16988,3329881,465
16989,3334285,21
16990,3334494,0
16991,3334255,24
16992,3334404,9
16993,3333928,57
16994,3334404,9
16995,3334494,0
16996,3334494,0
16997,3334107,39
16998,3334404,9
16999,3334285,21
17000,3334404,9
17001,3334404,9
17002,3334285,21
17003,3334107,39
17004,3334255,24
17005,3334494,0
17006,3241861,9465
17007,3334494,0
17008,3334285,21
17009,3334494,0
17010,3334285,21
17011,3334494,0
17012,3334494,0
17013,3334494,0
17014,3334255,24
17015,3334255,24
17016,3334494,0
17017,3334285,21
17018,3334494,0
17019,3333690,81
17020,3334255,24
17021,3334285,21
17022,3333868,63
17023,3329495,504
17024,3334404,9
17025,3334255,24
17026,3334107,39
17027,3334136,36
17028,3334404,9
17029,3334494,0
17030,3333154,135
17031,3334285,21
17032,3334494,0
17033,3334107,39
17034,3334494,0
17035,3334404,9
17036,3334494,0
17037,3334494,0
17038,3334255,24
17039,3333035,147
17040,3334494,0
17041,3325573,900
17042,3334494,0
17043,3333154,135
17044,3334136,36
17045,3333928,57
17046,3334494,0
17047,3334494,0
17048,3334404,9
17049,3332023,249
17050,3334107,39
17051,3334285,21
17052,3334404,9
17053,3334255,24
17054,3334136,36
17055,3334494,0
17056,3325454,912
17057,3334494,0
17058,3334404,9
17059,3334494,0
17060,3334404,9
17061,3334494,0
17062,3334107,39
17063,3333898,60
17064,3334494,0
17065,3334404,9
17066,3334404,9
17067,3334494,0
17068,3334404,9
17069,3333928,57
17070,3334494,0
17071,3333154,135
17072,3333958,54
17073,3334404,9
17074,3334404,9
17075,3334404,9
17076,3334494,0
17077,3334494,0
17078,3128499,21423
17079,3334107,39
17080,3334285,21
17081,3334404,9
17082,3334404,9
17083,3334404,9
17084,3334494,0
17085,3334494,0
17086,3333898,60
17087,3334494,0
17088,3334404,9
17089,3334494,0
17090,3334494,0
17091,3334404,9
17092,3334404,9
17093,3334255,24
17094,3334404,9
17095,3334255,24
17096,3334494,0
17097,3330922,360
17098,3333898,60
17099,3330119,441
17100,3334285,21
17101,3334404,9
17102,3334404,9
17103,3334494,0
17104,3332440,207
17105,3334494,0
17106,3334494,0
17107,3322337,1227
17108,3334285,21
17109,3334404,9
17110,3332440,207
17111,3334255,24
17112,3334404,9
17113,3334255,24
17114,3334494,0
17115,3334255,24
17116,3334107,39
17117,3334136,36
17118,3333958,54
17119,3334404,9
17120,3334255,24
17121,3334494,0
17122,3334285,21
17123,3334285,21
17124,3334285,21
17125,3334494,0
17126,3334107,39
17127,3334494,0
17128,3334404,9
17129,3334404,9
17130,3334494,0
17131,3334404,9
17132,3333690,81
17133,3334494,0
17134,3334494,0
17135,3332588,192
17136,3333690,81
17137,3334136,36
17138,3334404,9
17139,3334404,9
17140,3334255,24
17141,3334404,9
17142,3334107,39
17143,3334404,9
17144,3334285,21
17145,3334404,9
17146,3334494,0
17147,3333392,111
17148,3334404,9
17149,3334404,9
17150,3334404,9
17151,3334494,0
17152,3332588,192
17153,3280915,5442
17154,3334494,0
17155,3333630,87
17156,3332261,225
17157,3334404,9
17158,3326850,771
17159,3334494,0
17160,3334285,21
17161,3334494,0
17162,3334255,24
17163,3334404,9
17164,3334136,36
17165,3296715,3828
17166,3334494,0
17167,3334404,9
17168,3334404,9
17169,3325573,900
17170,3334285,21
17171,3334285,21
17172,3334494,0
17173,3334494,0
17174,3334494,0
17175,3334107,39
17176,3334136,36
17177,3334107,39
17178,3334404,9
17179,3334047,45
17180,3334255,24
17181,3334107,39
17182,3333868,63
17183,3334404,9
17184,3334404,9
17185,3334494,0
17186,3334047,45
17187,3332053,246
17188,3334404,9
17189,3332440,207
17190,3330803,372
17191,3333392,111
17192,3334494,0
17193,3333154,135
17194,3334494,0
17195,3334404,9
17196,3334404,9
17197,3334255,24
17198,3334285,21
17199,3330119,441
17200,3334136,36
17201,3334255,24
17202,3332440,207
17203,3334494,0
17204,3333660,84
17205,3332231,228
17206,3334404,9
17207,3334404,9
17208,3334494,0
17209,3334494,0
17210,3334494,0
17211,3334404,9
17212,3332261,225
17213,3333898,60
17214,3334404,9
17215,3334107,39
17216,3334255,24
17217,3334494,0
17218,3334404,9
17219,3334494,0
17220,3333719,78
17221,3334136,36
17222,3322337,1227
17223,3334285,21
17224,3334404,9
17225,3334404,9
17226,3334255,24
17227,3334404,9
17228,3334285,21
17229,3333154,135
17230,3334285,21
17231,3334404,9
17232,3334047,45
17233,3334494,0
17234,3334285,21
17235,3334404,9
17236,3334285,21
17237,3334107,39
17238,3334255,24
17239,3333392,111
17240,3334107,39
17241,3334404,9
17242,3333154,135
17243,3332023,249
17244,3334047,45
17245,3332678,183
17246,3334404,9
17247,3334404,9
17248,3334494,0
17249,3334404,9
17250,3333154,135
17251,3334404,9
17252,3334404,9
17253,3334404,9
17254,3334494,0
17255,3333719,78
17256,3334404,9
17257,3334285,21
17258,3333928,57
17259,3334494,0
17260,3334255,24
17261,3334404,9
17262,3334494,0
17263,3333154,135
17264,3334404,9
17265,3334404,9
17266,3334107,39
17267,3334136,36
17268,3334404,9
17269,3334285,21
17270,3334285,21
17271,3334404,9
17272,3334494,0
17273,3334404,9
17274,3334404,9
17275,3334494,0
17276,3334494,0
17277,3334404,9
17278,3334404,9
17279,3334255,24
17280,3334107,39
17281,3334494,0
17282,3334255,24
17283,3334494,0
17284,3312532,2220
17285,3334404,9
17286,3334255,24
17287,3334404,9
17288,3334404,9
17289,3333690,81
17290,3334404,9
17291,3334404,9
17292,3334494,0
17293,3334494,0
17294,3334404,9
17295,3327622,693
17296,3334255,24
17297,3171904,16794
17298,3334404,9
17299,3334494,0
17300,3334494,0
17301,3334107,39
17302,3334494,0
17303,3334404,9
17304,3333154,135
17305,3334404,9
17306,3334255,24
17307,3334404,9
17308,3334404,9
17309,3334404,9
17310,3334494,0
17311,3329138,540
17312,3203586,13455
17313,3334404,9
17314,3334494,0
17315,3334404,9
17316,3334285,21
17317,3334494,0
17318,3292126,4296
17319,3334136,36
17320,3333154,135
17321,3334494,0
17322,3334107,39
17323,3334285,21
17324,3333898,60
17325,3334285,21
17326,3334404,9
17327,3334494,0
17328,3334404,9
17329,3334404,9
17330,3334494,0
17331,3334404,9
17332,3334404,9
17333,3334404,9
17334,3334047,45
17335,3334404,9
17336,3334255,24
17337,3334255,24
17338,3334404,9
17339,3334404,9
17340,3334404,9
17341,3332499,201
17342,3333154,135
17343,3334404,9
17344,3334404,9
17345,3334494,0
17346,3334255,24
17347,3334404,9
17348,3331458,306
17349,3334494,0
17350,3334404,9
17351,3334404,9
17352,3334494,0
17353,3334494,0
17354,3334404,9
17355,3334494,0
17356,3332856,165
17357,3334494,0
17358,3334404,9
17359,3334404,9
17360,3329703,483
17361,3334285,21
17362,3334404,9
17363,3334285,21
17364,3334494,0
17365,3334404,9
17366,3333868,63
17367,3331369,315
17368,3334404,9
17369,3334404,9
17370,3334285,21
17371,3334494,0
17372,3334494,0
17373,3334494,0
17374,3334255,24
17375,3333898,60
17376,3334404,9
17377,3334404,9
17378,3334285,21
17379,3334404,9
17380,3334404,9
17381,3333035,147
17382,3333154,135
17383,3333035,147
17384,3334404,9
17385,3333154,135
17386,3334404,9
17387,3333958,54
17388,3334285,21
17389,3334107,39
17390,3281325,5400
17391,3333154,135
17392,3334107,39
17393,3333154,135
17394,3334285,21
17395,3334285,21
17396,3333958,54
17397,3334404,9
17398,3334494,0
17399,3334255,24
17400,3334494,0
17401,3334404,9
17402,3334404,9
17403,3334404,9
17404,3180271,15909
17405,3334404,9
17406,3334404,9
17407,3334285,21
17408,3334404,9
17409,3334404,9
17410,3334255,24
17411,3334404,9
17412,3334494,0
17413,3333868,63
17414,3334285,21
17415,3334047,45
17416,3334494,0
17417,3334494,0
17418,3332231,228
17419,3334404,9
17420,3334404,9
17421,3321566,1305
17422,3334404,9
17423,3334494,0
17424,3333452,105
17425,3334404,9
17426,3334404,9
17427,3334285,21
17428,3334255,24
17429,3334494,0
17430,3334255,24
17431,3334494,0
17432,3334404,9
17433,3334107,39
17434,3334494,0
17435,3334255,24
17436,3334404,9
17437,3334494,0
17438,3334494,0
17439,3334404,9
17440,3334494,0
17441,3334494,0
17442,3334404,9
17443,3334285,21
17444,3334255,24
17445,3334107,39
17446,3334107,39
17447,3334404,9
17448,3334404,9
17449,3334285,21
17450,3334494,0
17451,3334404,9
17452,3334255,24
17453,3334285,21
17454,3334255,24
17455,3334255,24
17456,3334404,9
17457,3334404,9
17458,3334494,0
17459,3334404,9
17460,3334494,0
17461,3331428,309
17462,3334494,0
17463,3334285,21
17464,3334285,21
17465,3334107,39
17466,3334107,39
17467,3334404,9
17468,3334285,21
17469,3334404,9
17470,3334107,39
17471,3334404,9
17472,3334404,9
17473,3332440,207
17474,3334494,0
17475,3334404,9
17476,3334494,0
17477,3276728,5871
17478,3334404,9
17479,3334494,0
17480,3334494,0
17481,3334494,0
17482,3334494,0
17483,3334404,9
17484,3320528,1410
17485,3329525,501
17486,3334494,0
17487,3334404,9
17488,3334285,21
17489,3334285,21
17490,3334494,0
17491,3334047,45
17492,3334404,9
17493,3334404,9
17494,3333928,57
17495,3334494,0
17496,3334404,9
17497,3334494,0
17498,3334285,21
17499,3334107,39
17500,3334494,0
17501,3334404,9
17502,3334404,9
17503,3334404,9
17504,3334404,9
17505,3334285,21
17506,3334494,0
17507,3334404,9
17508,3333035,147
17509,3333154,135
17510,3334255,24
17511,3333928,57
17512,3332261,225
17513,3334494,0
17514,3334255,24
17515,3334047,45
17516,3332588,192
17517,3334255,24
17518,3334404,9
17519,3334404,9
17520,3334404,9
17521,3334404,9
17522,3334404,9
17523,3334494,0
17524,3334047,45
17525,3334494,0
17526,3333928,57
17527,3334494,0
17528,3334494,0
17529,3334494,0
17530,3305440,2940
17531,3333452,105
17532,3334494,0
17533,3334494,0
17534,3334255,24
17535,3333690,81
17536,3300014,3492
17537,3334107,39
17538,3334494,0
17539,3334404,9
17540,3334404,9
17541,3334494,0
17542,3332588,192
17543,3334404,9
17544,3334255,24
17545,3334404,9
17546,3334255,24
17547,3334404,9
17548,3333868,63
17549,3334404,9
17550,3334255,24
17551,3334255,24
17552,3334494,0
17553,3334404,9
17554,3333154,135
17555,3333154,135
17556,3334494,0
17557,3334255,24
17558,3334404,9
17559,3334255,24
17560,3334494,0
17561,3334107,39
17562,3334107,39
17563,3334494,0
17564,3334404,9
17565,3334285,21
17566,3334404,9
17567,3334494,0
17568,3334107,39
17569,3334404,9
17570,3334494,0
17571,3331369,315
17572,3334404,9
17573,3334285,21
17574,3334404,9
17575,3334404,9
17576,3334494,0
17577,3334404,9
17578,3334285,21
17579,3334404,9
17580,3334404,9
17581,3334255,24
17582,3334047,45
17583,3334285,21
17584,3333154,135
17585,3333928,57
17586,3334404,9
17587,3333719,78
17588,3334494,0
17589,3334285,21
17590,3334285,21
17591,3334494,0
17592,3334404,9
17593,3334285,21
17594,3333392,111
17595,3334494,0
17596,3334404,9
17597,3334404,9
17598,3334285,21
17599,3334494,0
17600,3334494,0
17601,3334494,0
17602,3334404,9
17603,3334404,9
17604,3334404,9
17605,3334494,0
17606,3334494,0
17607,3334494,0
17608,3333035,147
17609,3334494,0
17610,3334285,21
17611,3334404,9
17612,3334494,0
17613,3334404,9
17614,3334494,0
17615,3334404,9
17616,3334285,21
17617,3334285,21
17618,3334404,9
17619,3334404,9
17620,3334255,24
17621,3334404,9
17622,3334404,9
17623,3334255,24
17624,3334404,9
17625,3334404,9
17626,3332588,192
17627,3334255,24
17628,3334404,9
17629,3333452,105
17630,3334285,21
17631,3334494,0
17632,3334404,9
17633,3334404,9
17634,3334494,0
17635,3334404,9
17636,3334404,9
17637,3328752,579
17638,3334255,24
17639,3334404,9
17640,3334255,24
17641,3334136,36
17642,3334494,0
17643,3334494,0
17644,3334494,0
17645,3334404,9
17646,3334494,0
17647,3334404,9
17648,3334136,36
17649,3330803,372
17650,3334404,9
17651,3334285,21
17652,3334255,24
17653,3334107,39
17654,3334255,24
17655,3334404,9
17656,3330060,447
17657,3331964,255
17658,3334404,9
17659,3334494,0
17660,3334494,0
17661,3334107,39
17662,3334404,9
17663,3334255,24
17664,3334494,0
17665,3334107,39
17666,3334404,9
17667,3334255,24
17668,3333868,63
17669,3334494,0
17670,3333868,63
17671,3334404,9
17672,3333898,60
17673,3334494,0
17674,3334255,24
17675,3334404,9
17676,3332440,207
17677,3334404,9
17678,3334047,45
17679,3334107,39
17680,3334494,0
17681,3334494,0
17682,3334494,0
17683,3334136,36
17684,3334285,21
17685,3334285,21
17686,3334404,9
17687,3333154,135
17688,3334404,9
17689,3327771,678
17690,3334255,24
17691,3334494,0
17692,3334404,9
17693,3334404,9
17694,3333035,147
17695,3334255,24
17696,3334255,24
17697,3334285,21
17698,3334494,0
17699,3334255,24
17700,3330328,420
17701,3333868,63
17702,3334404,9
17703,3334494,0
17704,3334494,0
17705,3334285,21
17706,3334494,0
17707,3328871,567
17708,3334494,0
17709,3334285,21
17710,3334404,9
17711,3334107,39
17712,3334255,24
17713,3334494,0
17714,3334404,9
17715,3334494,0
17716,3334255,24
17717,3334404,9
17718,3334404,9
17719,3330774,375
17720,3334494,0
17721,3334404,9
17722,3334494,0
17723,3334494,0
17724,3331785,273
17725,3334255,24
17726,3334047,45
17727,3334494,0
17728,3334255,24
17729,3334494,0
17730,3334494,0
17731,3334494,0
17732,3260761,7512
17733,3334404,9
17734,3334494,0
17735,3334404,9
17736,3334404,9
17737,3334285,21
17738,3334404,9
17739,3334047,45
17740,3334494,0
17741,3334255,24
17742,3334404,9
17743,3334404,9
17744,3332083,243
17745,3334404,9
17746,3334255,24
17747,3333154,135
17748,3333868,63
17749,3332440,207
17750,3334404,9
17751,3334404,9
17752,3334404,9
17753,3334404,9
17754,3333898,60
17755,3334404,9
17756,3334404,9
17757,3332618,189
17758,3334404,9
17759,3334494,0
17760,3334255,24
17761,3334404,9
17762,3334494,0
17763,3334255,24
17764,3334285,21
17765,3334404,9
17766,3332588,192
17767,3333928,57
17768,3334285,21
17769,3334285,21
17770,3334285,21
17771,3333928,57
17772,3334494,0
17773,3334404,9
17774,3333035,147
17775,3334404,9
17776,3334404,9
17777,3334404,9
17778,3333928,57
17779,3329703,483
17780,3334107,39
17781,3334494,0
17782,3334404,9
17783,3331964,255
17784,3325305,927
17785,3334494,0
17786,3334494,0
17787,3332618,189
17788,3334404,9
17789,3334404,9
17790,3334494,0
17791,3334494,0
17792,3334255,24
17793,3334255,24
17794,3325454,912
17795,3334255,24
17796,3334107,39
17797,3334494,0
17798,3334494,0
17799,3334404,9
17800,3334404,9
17801,3334494,0
17802,3334494,0
17803,3334404,9
17804,3334107,39
17805,3334107,39
17806,3334494,0
17807,3334494,0
17808,3334494,0
17809,3334255,24
17810,3334285,21
17811,3334494,0
17812,3334494,0
17813,3334255,24
17814,3334494,0
17815,3333928,57
17816,3334404,9
17817,3334494,0
17818,3334494,0
17819,3334494,0
17820,3330803,372
17821,3334255,24
17822,3333154,135
17823,3334107,39
17824,3334494,0
17825,3334285,21
17826,3334255,24
17827,3334285,21
17828,3332261,225
17829,3334494,0
17830,3334255,24
17831,3334136,36
17832,3334494,0
17833,3334404,9
17834,3247627,8868
17835,3334285,21
17836,3334494,0
17837,3334255,24
17838,3334494,0
17839,3334404,9
17840,3334404,9
17841,3334494,0
17842,3334255,24
17843,3334285,21
17844,3334494,0
17845,3334136,36
17846,3332053,246
17847,3332886,162
17848,3334404,9
17849,3333154,135
17850,3334404,9
17851,3334494,0
17852,3334494,0
17853,3334404,9
17854,3334404,9
17855,3333154,135
17856,3334255,24
17857,3334494,0
17858,3334494,0
17859,3333035,147
17860,3334107,39
17861,3334494,0
17862,3334494,0
17863,3334494,0
17864,3334047,45
17865,3334404,9
17866,3334494,0
17867,3334404,9
17868,3334107,39
17869,3334404,9
17870,3334494,0
17871,3334404,9
17872,3333154,135
17873,3334107,39
17874,3334107,39
17875,3334255,24
17876,3334494,0
17877,3334107,39
17878,3334494,0
17879,3334494,0
17880,3334404,9
17881,3334404,9
17882,3334107,39
17883,3334404,9
17884,3334494,0
17885,3334404,9
17886,3334404,9
17887,3334255,24
17888,3334494,0
17889,3334494,0
17890,3334494,0
17891,3334404,9
17892,3334404,9
17893,3334404,9
17894,3334285,21
17895,3334404,9
17896,3334494,0
17897,3334404,9
17898,3333868,63
17899,3334494,0
17900,3334285,21
17901,3334494,0
17902,3334494,0
17903,3334255,24
17904,3333154,135
17905,3334404,9
17906,3332588,192
17907,3334494,0
17908,3334404,9
17909,3332469,204
17910,3334404,9
17911,3325573,900
17912,3334404,9
17913,3332261,225
17914,3334107,39
17915,3334255,24
17916,3334404,9
17917,3334404,9
17918,3334285,21
17919,3334494,0
17920,3334404,9
17921,3334404,9
17922,3334285,21
17923,3334494,0
17924,3334255,24
17925,3334255,24
17926,3334404,9
17927,3334136,36
17928,3334404,9
17929,3332053,246
17930,3333779,72
17931,3333035,147
17932,3334255,24
17933,3334494,0
17934,3334494,0
17935,3334285,21
17936,3334494,0
17937,3334285,21
17938,3334494,0
17939,3334404,9
17940,3334494,0
17941,3334107,39
17942,3334404,9
17943,3334285,21
17944,3331160,336
17945,3334494,0
17946,3334285,21
17947,3334494,0
17948,3334494,0
17949,3334404,9
17950,3334494,0
17951,3334404,9
17952,3334255,24
17953,3334494,0
17954,3334404,9
17955,3329852,468
17956,3334255,24
17957,3334404,9
17958,3334255,24
17959,3334255,24
17960,3334107,39
17961,3334047,45
17962,3334107,39
17963,3334404,9
17964,3334285,21
17965,3334494,0
17966,3332440,207
17967,3334494,0
17968,3334404,9
17969,3334404,9
17970,3334494,0
17971,3334494,0
17972,3333719,78
17973,3334404,9
17974,3334404,9
17975,3329495,504
17976,3333154,135
17977,3334404,9
17978,3334404,9
17979,3334404,9
17980,3334107,39
17981,3334404,9
17982,3334285,21
17983,3334494,0
17984,3334494,0
17985,3334494,0
17986,3333154,135
17987,3334255,24
17988,3334107,39
17989,3334136,36
17990,3333154,135
17991,3333898,60
17992,3334494,0
17993,3334494,0
17994,3334494,0
17995,3306739,2808
17996,3334404,9
17997,3334494,0
17998,3334494,0
17999,3332440,207
18000,3333868,63
18001,3332023,249
18002,3334255,24
18003,3334494,0
18004,3334285,21
18005,3334494,0
18006,3334404,9
18007,3334494,0
18008,3334404,9
18009,3334404,9
18010,3334255,24
18011,3334107,39
18012,3334404,9
18013,3333660,84
18014,3334404,9
18015,3334285,21
18016,3334255,24
18017,3334404,9
18018,3334255,24
18019,3334107,39
18020,3334404,9
18021,3334255,24
18022,3153209,18780
18023,3334494,0
18024,3242903,9357
18025,3334494,0
18026,3334404,9
18027,3332261,225
18028,3333660,84
18029,3334404,9
18030,3334404,9
18031,3331845,267
18032,3334494,0
18033,3333452,105
18034,3334285,21
18035,3334404,9
18036,3334494,0
18037,3334136,36
18038,3334494,0
18039,3334494,0
18040,3334494,0
18041,3333928,57
18042,3334494,0
18043,3334285,21
18044,3334494,0
18045,3334255,24
18046,3334404,9
18047,3334404,9
18048,3334494,0
18049,3334494,0
18050,3334404,9
18051,3325573,900
18052,3334494,0
18053,3334494,0
18054,3334107,39
18055,3334494,0
18056,3332618,189
18057,3334285,21
18058,3334494,0
18059,3334404,9
18060,3334107,39
18061,3334494,0
18062,3334494,0
18063,3334047,45
18064,3334285,21
18065,3333928,57
18066,3334404,9
18067,3334494,0
18068,3334285,21
18069,3334255,24
18070,3334255,24
18071,3334047,45
18072,3334285,21
18073,3334404,9
18074,3334285,21
18075,3334404,9
18076,3334404,9
18077,3334494,0
18078,3332618,189
18079,3334255,24
18080,3334494,0
18081,3332588,192
18082,3334404,9
18083,3334107,39
18084,3334404,9
18085,3334494,0
18086,3334285,21
18087,3334404,9
18088,3334285,21
18089,3334404,9
18090,3334404,9
18091,3334255,24
18092,3334404,9
18093,3334404,9
18094,3334285,21
18095,3334255,24
18096,3334494,0
18097,3334285,21
18098,3334494,0
18099,3334255,24
18100,3334404,9
18101,3334494,0
18102,3332440,207
18103,3334404,9
18104,3334494,0
18105,3334494,0
18106,3334285,21
18107,3333928,57
18108,3334494,0
18109,3334404,9
18110,3334255,24
18111,3332440,207
18112,3332588,192
18113,3334047,45
18114,3334404,9
18115,3334404,9
18116,3334494,0
18117,3334047,45
18118,3333154,135
18119,3334136,36
18120,3334255,24
18121,3334255,24
18122,3334255,24
18123,3334107,39
18124,3334404,9
18125,3334494,0
18126,3333154,135
18127,3325573,900
18128,3334404,9
18129,3334494,0
18130,3334404,9
18131,3334404,9
18132,3334107,39
18133,3334404,9
18134,3334494,0
18135,3334404,9
18136,3334107,39
18137,3334404,9
18138,3334285,21
18139,3334494,0
18140,3334255,24
18141,3333690,81
18142,3334404,9
18143,3333154,135
18144,3334285,21
18145,3334285,21
18146,3334494,0
18147,3334107,39
18148,3334494,0
18149,3334136,36
18150,3334404,9
18151,3334255,24
18152,3334404,9
18153,3334494,0
18154,3334494,0
18155,3334404,9
18156,3294566,4047
18157,3334255,24
18158,3334255,24
18159,3334136,36
18160,3334404,9
18161,3334285,21
18162,3334494,0
18163,3334404,9
18164,3334285,21
18165,3334285,21
18166,3333154,135
18167,3334136,36
18168,3334494,0
18169,3334494,0
18170,3334285,21
18171,3334494,0
18172,3334494,0
18173,3333035,147
18174,3334285,21
18175,3334494,0
18176,3333154,135
18177,3334404,9
18178,3332588,192
18179,3334255,24
18180,3334494,0
18181,3334404,9
18182,3334404,9
18183,3334285,21
18184,3334404,9
18185,3332856,165
18186,3334494,0
18187,3334404,9
18188,3333719,78
18189,3334494,0
18190,3334285,21
18191,3334285,21
18192,3334107,39
18193,3334285,21
18194,3334047,45
18195,3334255,24
18196,3334494,0
18197,3334404,9
18198,3333630,87
18199,3334494,0
18200,3334494,0
18201,3334107,39
18202,3334404,9
18203,3334494,0
18204,3334404,9
18205,3334404,9
18206,3333928,57
18207,3332440,207
18208,3334494,0
18209,3334404,9
18210,3334255,24
18211,3334494,0
18212,3334255,24
18213,3334494,0
18214,3334136,36
18215,3334107,39
18216,3334404,9
18217,3334494,0
18218,3332618,189
18219,3334404,9
18220,3334494,0
18221,3331785,273
18222,3334107,39
18223,3334404,9
18224,3332886,162
18225,3334494,0
18226,3334285,21
18227,3332618,189
18228,3334404,9
18229,3334404,9
18230,3334285,21
18231,3334404,9
18232,3334404,9
18233,3334494,0
18234,3325573,900
18235,3334404,9
18236,3332023,249
18237,3334107,39
18238,3334404,9
18239,3333154,135
18240,3334107,39
18241,3334285,21
18242,3334494,0
18243,3334404,9
18244,3334404,9
18245,3334107,39
18246,3334255,24
18247,3334494,0
18248,3333154,135
18249,3332678,183
18250,3334404,9
18251,3334494,0
18252,3334494,0
18253,3334107,39
18254,3334404,9
18255,3334494,0
18256,3332886,162
18257,3334107,39
18258,3334494,0
18259,3334285,21
18260,3334285,21
18261,3334107,39
18262,3333958,54
18263,3334494,0
18264,3334404,9
18265,3334255,24
18266,3334404,9
18267,3334107,39
18268,3333660,84
18269,3333154,135
18270,3334404,9
18271,3333154,135
18272,3333154,135
18273,3334494,0
18274,3334107,39
18275,3334404,9
18276,3334404,9
18277,3334404,9
18278,3334404,9
18279,3334047,45
18280,3334255,24
18281,3334494,0
18282,3332231,228
18283,3334404,9
18284,3334494,0
18285,3334494,0
18286,3333154,135
18287,3334285,21
18288,3334285,21
18289,3334255,24
18290,3333154,135
18291,3334404,9
18292,3334494,0
18293,3334047,45
18294,3334494,0
18295,3334285,21
18296,3334404,9
18297,3334494,0
18298,3334494,0
18299,3334285,21
18300,3334404,9
18301,3334285,21
18302,3334404,9
18303,3333154,135
18304,3334255,24
18305,3332023,249
18306,3334494,0
18307,3334107,39
18308,3334404,9
18309,3334494,0
18310,3334494,0
18311,3182714,15651
18312,3334494,0
18313,3334107,39
18314,3334107,39
18315,3334494,0
18316,3334404,9
18317,3333868,63
18318,3334494,0
18319,3334494,0
18320,3334494,0
18321,3334494,0
18322,3334285,21
18323,3334404,9
18324,3332856,165
18325,3334404,9
18326,3334494,0
18327,3334494,0
18328,3334404,9
18329,3334494,0
18330,3334285,21
18331,3332440,207
18332,3334494,0
18333,3333690,81
18334,3334494,0
18335,3334494,0
18336,3334404,9
18337,3334404,9
18338,3334494,0
18339,3334285,21
18340,3332886,162
18341,3334404,9
18342,3334494,0
18343,3334285,21
18344,3332588,192
18345,3334404,9
18346,3332886,162
18347,3333154,135
18348,3334404,9
18349,3334107,39
18350,3334404,9
18351,3334494,0
18352,3325305,927
18353,3334494,0
18354,3331369,315
18355,3334494,0
18356,3334494,0
18357,3333035,147
18358,3334255,24
18359,3334404,9
18360,3334404,9
18361,3334255,24
18362,3334107,39
18363,3334107,39
18364,3334285,21
18365,3334494,0
18366,3334494,0
18367,3334285,21
18368,3334494,0
18369,3334494,0
18370,3334404,9
18371,3334494,0
18372,3334494,0
18373,3334285,21
18374,3334494,0
18375,3334494,0
18376,3331428,309
18377,3333154,135
18378,3334494,0
18379,3334107,39
18380,3334404,9
18381,3334404,9
18382,3332588,192
18383,3325454,912
18384,3334494,0
18385,3329108,543
18386,3334285,21
18387,3334404,9
18388,3334255,24
18389,3334404,9
18390,3334285,21
18391,3334404,9
18392,3334107,39
18393,3334494,0
18394,3334285,21
18395,3334404,9
18396,3334404,9
18397,3334494,0
18398,3334494,0
18399,3334255,24
18400,3334285,21
18401,3334136,36
18402,3334107,39
18403,3334494,0
18404,3333392,111
18405,3334494,0
18406,3334255,24
18407,3334255,24
18408,3332469,204
18409,3334494,0
18410,3334107,39
18411,3334285,21
18412,3334404,9
18413,3334047,45
18414,3334404,9
18415,3333690,81
18416,3334404,9
18417,3334404,9
18418,3334494,0
18419,3334255,24
18420,3334494,0
18421,3334255,24
18422,3334285,21
18423,3334136,36
18424,3334494,0
18425,3334494,0
18426,3334136,36
18427,3334285,21
18428,3334404,9
18429,3334494,0
18430,3334404,9
18431,3334404,9
18432,3334494,0
18433,3334107,39
18434,3334494,0
18435,3334404,9
18436,3330298,423
18437,3334404,9
18438,3334494,0
18439,3334285,21
18440,3334136,36
18441,3334404,9
18442,3334255,24
18443,3334404,9
18444,3334494,0
18445,3333868,63
18446,3334404,9
18447,3332588,192
18448,3333928,57
18449,3334285,21
18450,3334494,0
18451,3328365,618
18452,3334107,39
18453,3334494,0
18454,3332440,207
18455,3334404,9
18456,3333422,108
18457,3332856,165
18458,3334494,0
18459,3334404,9
18460,3334107,39
18461,3334107,39
18462,3333958,54
18463,3334494,0
18464,3334404,9
18465,3334494,0
18466,3334404,9
18467,3334404,9
18468,3334494,0
18469,3334404,9
18470,3334285,21
18471,3334404,9
18472,3333422,108
18473,3334494,0
18474,3334404,9
18475,3333154,135
18476,3334404,9
18477,3334404,9
18478,3334404,9
18479,3334404,9
18480,3333690,81
18481,3332588,192
18482,3334285,21
18483,3333868,63
18484,3334404,9
18485,3332588,192
18486,3334494,0
18487,3334494,0
18488,3334494,0
18489,3334404,9
18490,3334494,0
18491,3333154,135
18492,3334404,9
18493,3334494,0
18494,3334285,21
18495,3334494,0
18496,3334404,9
18497,3334404,9
18498,3334404,9
18499,3334136,36
18500,3334404,9
18501,3334494,0
18502,3334404,9
18503,3334285,21
18504,3334255,24
18505,3334285,21
18506,3334404,9
18507,3334404,9
18508,3334404,9
18509,3334107,39
18510,3334285,21
18511,3334494,0
18512,3334404,9
18513,3334107,39
18514,3334494,0
18515,3334404,9
18516,3334255,24
18517,3334494,0
18518,3334404,9
18519,3334494,0
18520,3334255,24
18521,3332618,189
18522,3334404,9
18523,3334255,24
18524,3333154,135
18525,3334255,24
18526,3334494,0
18527,3334494,0
18528,3334255,24
18529,3334285,21
18530,3334404,9
18531,3334255,24
18532,3333154,135
18533,3333660,84
18534,3334494,0
18535,3334404,9
18536,3334404,9
18537,3334404,9
18538,3334494,0
18539,3334494,0
18540,3334494,0
18541,3334285,21
18542,3334494,0
18543,3334255,24
18544,3334494,0
18545,3334494,0
18546,3334255,24
18547,3334255,24
18548,3334404,9
18549,3334404,9
18550,3334285,21
18551,3334047,45
18552,3334494,0
18553,3334404,9
18554,3334494,0
18555,3334404,9
18556,3334404,9
18557,3334136,36
18558,3334404,9
18559,3332261,225
18560,3334404,9
18561,3334107,39
18562,3334255,24
18563,3334494,0
18564,3334494,0
18565,3334255,24
18566,3334404,9
18567,3334255,24
18568,3334494,0
18569,3322337,1227
18570,3334494,0
18571,3333035,147
18572,3333035,147
18573,3334404,9
18574,3334285,21
18575,3333928,57
18576,3334494,0
18577,3334285,21
18578,3334404,9
18579,3334107,39
18580,3334404,9
18581,3334494,0
18582,3334404,9
18583,3334494,0
18584,3332588,192
18585,3333719,78
18586,3334107,39
18587,3334404,9
18588,3334494,0
18589,3334494,0
18590,3334404,9
18591,3334404,9
18592,3334285,21
18593,3317594,1707
18594,3332440,207
18595,3334404,9
18596,3334404,9
18597,3334494,0
18598,3334494,0
18599,3334404,9
18600,3332588,192
18601,3334285,21
18602,3333035,147
18603,3334285,21
18604,3334494,0
18605,3334494,0
18606,3334285,21
18607,3334404,9
18608,3334255,24
18609,3334255,24
18610,3334494,0
18611,3334404,9
18612,3334255,24
18613,3334494,0
18614,3334255,24
18615,3334494,0
18616,3334107,39
18617,3334494,0
18618,3334285,21
18619,3334255,24
18620,3334285,21
18621,3334285,21
18622,3334404,9
18623,3334285,21
18624,3334494,0
18625,3334494,0
18626,3334494,0
18627,3332469,204
18628,3333154,135
18629,3333928,57
18630,3334404,9
18631,3334494,0
18632,3333154,135
18633,3334404,9
18634,3334494,0
18635,3334107,39
18636,3334404,9
18637,3334107,39
18638,3334285,21
18639,3334285,21
18640,3332588,192
18641,3334494,0
18642,3334494,0
18643,3333035,147
18644,3334255,24
18645,3334494,0
18646,3334404,9
18647,3334285,21
18648,3334494,0
18649,3333898,60
18650,3334494,0
18651,3334494,0
18652,3334494,0
18653,3334136,36
18654,3334494,0
18655,3333868,63
18656,3333928,57
18657,3334404,9
18658,3334404,9
18659,3334285,21
18660,3334404,9
18661,3334136,36
18662,3334404,9
18663,3334136,36
18664,3334285,21
18665,3334107,39
18666,3334255,24
18667,3334255,24
18668,3334404,9
18669,3334255,24
18670,3334404,9
18671,3334404,9
18672,3334107,39
18673,3333958,54
18674,3334494,0
18675,3334047,45
18676,3332231,228
18677,3334255,24
18678,3334285,21
18679,3334285,21
18680,3333154,135
18681,3334404,9
18682,3334255,24
18683,3334494,0
18684,3334494,0
18685,3334404,9
18686,3334404,9
18687,3334494,0
18688,3334255,24
18689,3334494,0
18690,3334255,24
18691,3334404,9
18692,3334404,9
18693,3334494,0
18694,3332261,225
18695,3334404,9
18696,3334494,0
18697,3333035,147
18698,3334285,21
18699,3331369,315
18700,3334404,9
18701,3334285,21
18702,3334255,24
18703,3334255,24
18704,3332588,192
18705,3333035,147
18706,3334404,9
18707,3334404,9
18708,3334494,0
18709,3334404,9
18710,3334255,24
18711,3334285,21
18712,3334136,36
18713,3333928,57
18714,3334404,9
18715,3333958,54
18716,3334255,24
18717,3334494,0
18718,3334494,0
18719,3334285,21
18720,3334494,0
18721,3334404,9
18722,3334404,9
18723,3334255,24
18724,3334404,9
18725,3334404,9
18726,3334404,9
18727,3334136,36
18728,3334404,9
18729,3334404,9
18730,3333154,135
18731,3334404,9
18732,3334494,0
18733,3334107,39
18734,3334494,0
18735,3334404,9
18736,3334494,0
18737,3334404,9
18738,3333690,81
18739,3334107,39
18740,3334494,0
18741,3334404,9
18742,3334404,9
18743,3333154,135
18744,3334285,21
18745,3334404,9
18746,3334404,9
18747,3334494,0
18748,3333154,135
18749,3334404,9
18750,3334255,24
18751,3334255,24
18752,3334404,9
18753,3334404,9
18754,3334136,36
18755,3334404,9
18756,3334494,0
18757,3334494,0
18758,3334255,24
18759,3334404,9
18760,3334107,39
18761,3334107,39
18762,3334404,9
18763,3334136,36
18764,3334404,9
18765,3333898,60
18766,3334494,0
18767,3334285,21
18768,3334494,0
18769,3334404,9
18770,3334404,9
18771,3334494,0
18772,3334404,9
18773,3332588,192
18774,3334494,0
18775,3334136,36
18776,3334494,0
18777,3334404,9
18778,3333452,105
18779,3334404,9
18780,3331964,255
18781,3334404,9
18782,3334107,39
18783,3334285,21
18784,3334285,21
18785,3334404,9
18786,3334255,24
18787,3334494,0
18788,3333868,63
18789,3283523,5175
18790,3334404,9
18791,3334404,9
18792,3334404,9
18793,3334107,39
18794,3334494,0
18795,3334494,0
18796,3333928,57
18797,3334047,45
18798,3334494,0
18799,3334255,24
18800,3334494,0
18801,3334494,0
18802,3332440,207
18803,3332588,192
18804,3292831,4224
18805,3334047,45
18806,3334494,0
18807,3334494,0
18808,3334285,21
18809,3332588,192
18810,3334255,24
18811,3334494,0
18812,3334107,39
18813,3334494,0
18814,3334404,9
18815,3334107,39
18816,3334494,0
18817,3334255,24
18818,3334255,24
18819,3334107,39
18820,3334404,9
18821,3334404,9
18822,3334404,9
18823,3334494,0
18824,3333690,81
18825,3334494,0
18826,3334404,9
18827,3334107,39
18828,3334047,45
18829,3334404,9
18830,3334285,21
18831,3334404,9
18832,3333928,57
18833,3334404,9
18834,3334494,0
18835,3334107,39
18836,3334404,9
18837,3334047,45
18838,3334136,36
18839,3334285,21
18840,3334285,21
18841,3334255,24
18842,3334494,0
18843,3334494,0
18844,3333154,135
18845,3334107,39
18846,3325573,900
18847,3334404,9
18848,3331369,315
18849,3334107,39
18850,3332678,183
18851,3334494,0
18852,3334255,24
18853,3334255,24
18854,3334255,24
18855,3334107,39
18856,3334404,9
18857,3334404,9
18858,3334494,0
18859,3333928,57
18860,3334404,9
18861,3334404,9
18862,3334404,9
18863,3333928,57
18864,3322337,1227
18865,3334285,21
18866,3332588,192
18867,3334404,9
18868,3334494,0
18869,3332588,192
18870,3334107,39
18871,3334404,9
18872,3334404,9
18873,3334404,9
18874,3333154,135
18875,3334404,9
18876,3334404,9
18877,3334107,39
18878,3333928,57
18879,3334107,39
18880,3334255,24
18881,3334404,9
18882,3331755,276
18883,3334255,24
18884,3334404,9
18885,3334285,21
18886,3334107,39
18887,3334404,9
18888,3334404,9
18889,3334107,39
18890,3334494,0
18891,3334255,24
18892,3334494,0
18893,3334404,9
18894,3334494,0
18895,3334494,0
18896,3334107,39
18897,3334404,9
18898,3334404,9
18899,3334494,0
18900,3334494,0
18901,3334404,9
18902,3334494,0
18903,3334285,21
18904,3334404,9
18905,3334404,9
18906,3332023,249
18907,3334255,24
18908,3334404,9
18909,3334404,9
18910,3334404,9
18911,3332440,207
18912,3334404,9
18913,3333035,147
18914,3334494,0
18915,3334136,36
18916,3334285,21
18917,3331428,309
18918,3332618,189
18919,3334107,39
18920,3333898,60
18921,3334494,0
18922,3334404,9
18923,3334404,9
18924,3334494,0
18925,3334404,9
18926,3334136,36
18927,3334107,39
18928,3334494,0
18929,3334494,0
18930,3334494,0
18931,3333154,135
18932,3334255,24
18933,3332588,192
18934,3334285,21
18935,3334404,9
18936,3334285,21
18937,3334404,9
18938,3334255,24
18939,3334255,24
18940,3334404,9
18941,3334255,24
18942,3334285,21
18943,3334494,0
18944,3334494,0
18945,3334285,21
18946,3333868,63
18947,3334494,0
18948,3333928,57
18949,3334285,21
18950,3334404,9
18951,3334494,0
18952,3334404,9
18953,3334494,0
18954,3332618,189
18955,3334255,24
18956,3334136,36
18957,3334404,9
18958,3334494,0
18959,3334404,9
18960,3334285,21
18961,3334404,9
18962,3334255,24
18963,3334404,9
18964,3334494,0
18965,3334404,9
18966,3334404,9
18967,3334047,45
18968,3334404,9
18969,3334255,24
18970,3334255,24
18971,3334494,0
18972,3334404,9
18973,3334404,9
18974,3334494,0
18975,3334136,36
18976,3334255,24
18977,3334404,9
18978,3334285,21
18979,3311408,2334
18980,3332618,189
18981,3334255,24
18982,3334404,9
18983,3334255,24
18984,3334494,0
18985,3334404,9
18986,3323791,1080
18987,3334494,0
18988,3334404,9
18989,3334494,0
18990,3332023,249
18991,3334047,45
18992,3334404,9
18993,3334047,45
18994,3334404,9
18995,3334494,0
18996,3334255,24
18997,3334404,9
18998,3334494,0
18999,3334404,9
19000,3334285,21
19001,3334404,9
19002,3334285,21
19003,3334255,24
19004,3334404,9
19005,3334494,0
19006,3333154,135
19007,3334494,0
19008,3334404,9
19009,3334107,39
19010,3334255,24
19011,3334404,9
19012,3334047,45
19013,3334285,21
19014,3334494,0
19015,3333154,135
19016,3334107,39
19017,3333898,60
19018,3334494,0
19019,3334404,9
19020,3334404,9
19021,3334404,9
19022,3332440,207
19023,3333928,57
19024,3334494,0
19025,3334404,9
19026,3334255,24
19027,3334404,9
19028,3334404,9
19029,3334285,21
19030,3329525,501
19031,3333868,63
19032,3334255,24
19033,3334494,0
19034,3334494,0
19035,3334494,0
19036,3332023,249
19037,3334404,9
19038,3334136,36
19039,3334494,0
19040,3334494,0
19041,3332588,192
19042,3334136,36
19043,3332707,180
19044,3334494,0
19045,3334494,0
19046,3334285,21
19047,3332588,192
19048,3334255,24
19049,3334494,0
19050,3334494,0
19051,3334404,9
19052,3334404,9
19053,3334255,24
19054,3334255,24
19055,3334404,9
19056,3334285,21
19057,3334494,0
19058,3334285,21
19059,3334107,39
19060,3334107,39
19061,3334107,39
19062,3334494,0
19063,3334494,0
19064,3334494,0
19065,3331845,267
19066,3333868,63
19067,3334494,0
19068,3334107,39
19069,3332440,207
19070,3334404,9
19071,3334494,0
19072,3334494,0
19073,3334255,24
19074,3333154,135
19075,3334404,9
19076,3334404,9
19077,3334047,45
19078,3334494,0
19079,3334494,0
19080,3334285,21
19081,3332023,249
19082,3334494,0
19083,3332440,207
19084,3334494,0
19085,3334404,9
19086,3334404,9
19087,3334494,0
19088,3334404,9
19089,3334494,0
19090,3334494,0
19091,3334285,21
19092,3334404,9
19093,3334047,45
19094,3334494,0
19095,3334285,21
19096,3332678,183
19097,3334404,9
19098,3334404,9
19099,3334494,0
19100,3334404,9
19101,3334255,24
19102,3334404,9
19103,3334494,0
19104,3334107,39
19105,3230648,10629
19106,3333690,81
19107,3334404,9
19108,3332440,207
19109,3334255,24
19110,3334404,9
19111,3334285,21
19112,3334494,0
19113,3334285,21
19114,3334494,0
19115,3334285,21
19116,3334404,9
19117,3334404,9
19118,3334494,0
19119,3334404,9
19120,3334404,9
19121,3334107,39
19122,3334255,24
19123,3334404,9
19124,3334494,0
19125,3334255,24
19126,3334404,9
19127,3334494,0
19128,3334047,45
19129,3334494,0
19130,3334255,24
19131,3334404,9
19132,3334404,9
19133,3334404,9
19134,3333928,57
19135,3334255,24
19136,3334494,0
19137,3333868,63
19138,3334494,0
19139,3334494,0
19140,3334285,21
19141,3334494,0
19142,3333035,147
19143,3334404,9
19144,3332886,162
19145,3334404,9
19146,3334255,24
19147,3334285,21
19148,3334494,0
19149,3334404,9
19150,3334107,39
19151,3334404,9
19152,3334107,39
19153,3334136,36
19154,3332440,207
19155,3334404,9
19156,3334107,39
19157,3334404,9
19158,3334404,9
19159,3334404,9
19160,3333898,60
19161,3334494,0
19162,3334285,21
19163,3334404,9
19164,3334255,24
19165,3334107,39
19166,3334255,24
19167,3334255,24
19168,3334404,9
19169,3334404,9
19170,3334494,0
19171,3334494,0
19172,3334494,0
19173,3334494,0
19174,3334285,21
19175,3334404,9
19176,3334404,9
19177,3334494,0
19178,3334404,9
19179,3334494,0
19180,3332618,189
19181,3334494,0
19182,3334494,0
19183,3333154,135
19184,3334404,9
19185,3334255,24
19186,3334107,39
19187,3333928,57
19188,3334404,9
19189,3334494,0
19190,3334404,9
19191,3334285,21
19192,3334494,0
19193,3334404,9
19194,3334285,21
19195,3334255,24
19196,3334285,21
19197,3334404,9
19198,3334255,24
19199,3332618,189
19200,3334404,9
19201,3334404,9
19202,3334494,0
19203,3334047,45
19204,3334136,36
19205,3334285,21
19206,3333868,63
19207,3334494,0
19208,3328633,591
19209,3334285,21
19210,3334404,9
19211,3334494,0
19212,3334494,0
19213,3331964,255
19214,3334494,0
19215,3334404,9
19216,3334404,9
19217,3334494,0
19218,3260237,7566
19219,3334404,9
19220,3334107,39
19221,3334107,39
19222,3334494,0
19223,3334255,24
19224,3334404,9
19225,3334494,0
19226,3334107,39
19227,3334404,9
19228,3332588,192
19229,3334494,0
19230,3332440,207
19231,3334494,0
19232,3334255,24
19233,3334255,24
19234,3334107,39
19235,3334136,36
19236,3334107,39
19237,3334494,0
19238,3334285,21
19239,3334285,21
19240,3334285,21
19241,3334404,9
19242,3334494,0
19243,3334494,0
19244,3334404,9
19245,3334047,45
19246,3334494,0
19247,3334404,9
19248,3334494,0
19249,3334404,9
19250,3334404,9
19251,3334255,24
19252,3332440,207
19253,3334285,21
19254,3334404,9
19255,3334494,0
19256,3334404,9
19257,3334404,9
19258,3334404,9
19259,3334494,0
19260,3334285,21
19261,3334404,9
19262,3334255,24
19263,3334285,21
19264,3334494,0
19265,3334494,0
19266,3334494,0
19267,3334404,9
19268,3334404,9
19269,3334494,0
19270,3334404,9
19271,3334136,36
19272,3321863,1275
19273,3334494,0
19274,3331666,285
19275,3334404,9
19276,3334285,21
19277,3334255,24
19278,3334404,9
19279,3334255,24
19280,3333868,63
19281,3334255,24
19282,3334404,9
19283,3334404,9
19284,3334404,9
19285,3333928,57
19286,3334494,0
19287,3334136,36
19288,3334107,39
19289,3333719,78
19290,3333868,63
19291,3334404,9
19292,3334285,21
19293,3334255,24
19294,3333958,54
19295,3334494,0
19296,3334404,9
19297,3334494,0
19298,3334494,0
19299,3334494,0
19300,3334494,0
19301,3334404,9
19302,3334107,39
19303,3334494,0
19304,3334404,9
19305,3334404,9
19306,3334404,9
19307,3334404,9
19308,3334404,9
19309,3334255,24
19310,3304319,3054
19311,3334404,9
19312,3334285,21
19313,3334136,36
19314,3334494,0
19315,3334494,0
19316,3332588,192
19317,3334494,0
19318,3334494,0
19319,3334255,24
19320,3334404,9
19321,3334494,0
19322,3334255,24
19323,3322486,1212
19324,3334404,9
19325,3333422,108
19326,3330714,381
19327,3334255,24
19328,3325573,900
19329,3334494,0
19330,3333868,63
19331,3334255,24
19332,3330803,372
19333,3334285,21
19334,3334255,24
19335,3334255,24
19336,3332053,246
19337,3334494,0
19338,3334404,9
19339,3334255,24
19340,3334404,9
19341,3334255,24
19342,3333690,81
19343,3334285,21
19344,3334494,0
19345,3334494,0
19346,3333868,63
19347,3331964,255
19348,3334255,24
19349,3333719,78
19350,3334255,24
19351,3334285,21
19352,3334494,0
19353,3334255,24
19354,3334404,9
19355,3334285,21
19356,3334136,36
19357,3334404,9
19358,3334255,24
19359,3334255,24
19360,3333154,135
19361,3334404,9
19362,3334255,24
19363,3334404,9
19364,3334494,0
19365,3334494,0
19366,3334494,0
19367,3334404,9
19368,3334404,9
19369,3334107,39
19370,3334255,24
19371,3334404,9
19372,3334107,39
19373,3334404,9
19374,3333868,63
19375,3332588,192
19376,3334494,0
19377,3334404,9
19378,3334404,9
19379,3334136,36
19380,3334404,9
19381,3334255,24
19382,3334404,9
19383,3334285,21
19384,3334494,0
19385,3334255,24
19386,3334404,9
19387,3334107,39
19388,3334494,0
19389,3334107,39
19390,3332588,192
19391,3334285,21
19392,3334285,21
19393,3330774,375
19394,3334107,39
19395,3333154,135
19396,3333035,147
19397,3334285,21
19398,3334494,0
19399,3334494,0
19400,3334107,39
19401,3334404,9
19402,3334255,24
19403,3334107,39
19404,3334255,24
19405,3334404,9
19406,3334404,9
19407,3334047,45
19408,3334494,0
19409,3334404,9
19410,3334404,9
19411,3334404,9
19412,3334136,36
19413,3334404,9
19414,3334255,24
19415,3334404,9
19416,3333154,135
19417,3333452,105
19418,3334404,9
19419,3334404,9
19420,3334494,0
19421,3333154,135
19422,3334494,0
19423,3332440,207
19424,3334404,9
19425,3334404,9
19426,3334285,21
19427,3334404,9
19428,3334494,0
19429,3334494,0
19430,3334285,21
19431,3334404,9
19432,3334494,0
19433,3334255,24
19434,3334494,0
19435,3334494,0
19436,3333035,147
19437,3334107,39
19438,3334255,24
19439,3333154,135
19440,3334494,0
19441,3333868,63
19442,3334255,24
19443,3334404,9
19444,3333035,147
19445,3334285,21
19446,3334255,24
19447,3334285,21
19448,3334494,0
19449,3334285,21
19450,3334285,21
19451,3333928,57
19452,3334404,9
19453,3332588,192
19454,3334047,45
19455,3334404,9
19456,3334404,9
19457,3333898,60
19458,3334494,0
19459,3334107,39
19460,3334255,24
19461,3334285,21
19462,3334404,9
19463,3327949,660
19464,3334255,24
19465,3334136,36
19466,3334494,0
19467,3334107,39
19468,3334494,0
19469,3334494,0
19470,3334255,24
19471,3331577,294
19472,3334404,9
19473,3334285,21
19474,3334494,0
19475,3334494,0
19476,3334494,0
19477,3334136,36
19478,3333928,57
19479,3334494,0
19480,3333154,135
19481,3334255,24
19482,3334285,21
19483,3333154,135
19484,3334107,39
19485,3334494,0
19486,3334494,0
19487,3334494,0
19488,3334255,24
19489,3334494,0
19490,3334255,24
19491,3334404,9
19492,3334494,0
19493,3334136,36
19494,3334494,0
19495,3334494,0
19496,3333928,57
19497,3334404,9
19498,3334404,9
19499,3334047,45
19500,3333154,135
19501,3334285,21
19502,3333035,147
19503,3334404,9
19504,3334494,0
19505,3334404,9
19506,3332588,192
19507,3334285,21
19508,3334494,0
19509,3334404,9
19510,3334404,9
19511,3334404,9
19512,3331964,255
19513,3334494,0
19514,3334107,39
19515,3334107,39
19516,3334404,9
19517,3334494,0
19518,3334404,9
19519,3334285,21
19520,3334494,0
19521,3334494,0
19522,3334404,9
19523,3331369,315
19524,3334255,24
19525,3329733,480
19526,3333035,147
19527,3333928,57
19528,3334285,21
19529,3334255,24
19530,3334404,9
19531,3334494,0
19532,3322159,1245
19533,3333719,78
19534,3332618,189
19535,3334404,9
19536,3334285,21
19537,3334494,0
19538,3334285,21
19539,3334404,9
19540,3333154,135
19541,3334404,9
19542,3334285,21
19543,3334494,0
19544,3334494,0
19545,3334285,21
19546,3332440,207
19547,3322159,1245
19548,3334107,39
19549,3334494,0
19550,3334494,0
19551,3334404,9
19552,3334404,9
19553,3333154,135
19554,3334494,0
19555,3334494,0
19556,3334404,9
19557,3334285,21
19558,3334404,9
19559,3334255,24
19560,3334494,0
19561,3334285,21
19562,3334255,24
19563,3334404,9
19564,3334404,9
19565,3330595,393
19566,3334285,21
19567,3334255,24
19568,3334404,9
19569,3334494,0
19570,3333898,60
19571,3334255,24
19572,3334255,24
19573,3334494,0
19574,3334107,39
19575,3334404,9
19576,3334404,9
19577,3334136,36
19578,3334494,0
19579,3333035,147
19580,3331845,267
19581,3333154,135
19582,3334285,21
19583,3334494,0
19584,3334107,39
19585,3334285,21
19586,3334494,0
19587,3334494,0
19588,3334404,9
19589,3334285,21
19590,3334494,0
19591,3332440,207
19592,3334404,9
19593,3334404,9
19594,3334494,0
19595,3333154,135
19596,3333422,108
19597,3332588,192
19598,3334404,9
19599,3334255,24
19600,3334404,9
19601,3334494,0
19602,3334404,9
19603,3334255,24
19604,3334255,24
19605,3334494,0
19606,3334404,9
19607,3334494,0
19608,3334404,9
19609,3334404,9
19610,3333154,135
19611,3334404,9
19612,3333154,135
19613,3334494,0
19614,3334494,0
19615,3334107,39
19616,3334494,0
19617,3334494,0
19618,3334404,9
19619,3334404,9
19620,3334494,0
19621,3321032,1359
19622,3334107,39
19623,3334107,39
19624,3331785,273
19625,3334107,39
19626,3334404,9
19627,3334404,9
19628,3334494,0
19629,3334494,0
19630,3334494,0
19631,3331398,312
19632,3334404,9
19633,3332440,207
19634,3334404,9
19635,3334494,0
19636,3334494,0
19637,3334494,0
19638,3334404,9
19639,3333719,78
19640,3334494,0
19641,3334494,0
19642,3334285,21
19643,3334404,9
19644,3334285,21
19645,3334494,0
19646,3334404,9
19647,3333154,135
19648,3334255,24
19649,3333928,57
19650,3334285,21
19651,3334285,21
19652,3332618,189
19653,3334404,9
19654,3334404,9
19655,3334255,24
19656,3334494,0
19657,3334404,9
19658,3334107,39
19659,3334107,39
19660,3334494,0
19661,3334494,0
19662,3334255,24
19663,3334404,9
19664,3334404,9
19665,3334404,9
19666,3332440,207
19667,3334285,21
19668,3334494,0
19669,3334136,36
19670,3334285,21
19671,3334494,0
19672,3334285,21
19673,3334404,9
19674,3334494,0
19675,3334285,21
19676,3333868,63
19677,3334404,9
19678,3333035,147
19679,3333154,135
19680,3331041,348
19681,3334494,0
19682,3333898,60
19683,3334285,21
19684,3334404,9
19685,3334404,9
19686,3334285,21
19687,3333035,147
19688,3334285,21
19689,3334255,24
19690,3334285,21
19691,3334255,24
19692,3334255,24
19693,3332023,249
19694,3334107,39
19695,3334047,45
19696,3334494,0
19697,3334285,21
19698,3334494,0
19699,3334047,45
19700,3334255,24
19701,3334047,45
19702,3334494,0
19703,3334494,0
19704,3334404,9
19705,3334404,9
19706,3334494,0
19707,3334494,0
19708,3334494,0
19709,3332588,192
19710,3334136,36
19711,3334494,0
19712,3334404,9
19713,3334404,9
19714,3334404,9
19715,3334494,0
19716,3334494,0
19717,3333035,147
19718,3334494,0
19719,3334285,21
19720,3332588,192
19721,3334404,9
19722,3334404,9
19723,3334494,0
19724,3334494,0
19725,3332588,192
19726,3334404,9
19727,3334285,21
19728,3334404,9
19729,3334255,24
19730,3334494,0
19731,3334494,0
19732,3334494,0
19733,3334494,0
19734,3334494,0
19735,3334404,9
19736,3334404,9
19737,3332588,192
19738,3333690,81
19739,3334285,21
19740,3195443,14310
19741,3334494,0
19742,3334494,0
19743,3333035,147
19744,3334107,39
19745,3334255,24
19746,3334404,9
19747,3334494,0
19748,3334285,21
19749,3334255,24
19750,3334404,9
19751,3332231,228
19752,3334494,0
19753,3334285,21
19754,3333154,135
19755,3334404,9
19756,3334494,0
19757,3334404,9
19758,3334404,9
19759,3334285,21
19760,3334255,24
19761,3334404,9
19762,3334494,0
19763,3334494,0
19764,3334494,0
19765,3334404,9
19766,3334494,0
19767,3333035,147
19768,3331458,306
19769,3334494,0
19770,3332261,225
19771,3333928,57
19772,3334107,39
19773,3332856,165
19774,3334404,9
19775,3334494,0
19776,3334107,39
19777,3334255,24
19778,3334255,24
19779,3333154,135
19780,3334404,9
19781,3334494,0
19782,3334107,39
19783,3334255,24
19784,3334494,0
19785,3325454,912
19786,3333868,63
19787,3334285,21
19788,3334494,0
19789,3334494,0
19790,3334404,9
19791,3334404,9
19792,3334404,9
19793,3334494,0
19794,3334494,0
19795,3333898,60
19796,3334404,9
19797,3331220,330
19798,3334494,0
19799,3334255,24
19800,3333958,54
19801,3333154,135
19802,3334494,0
19803,3334404,9
19804,3334404,9
19805,3334285,21
19806,3334494,0
19807,3334255,24
19808,3334255,24
19809,3325305,927
19810,3334285,21
19811,3334494,0
19812,3334404,9
19813,3334255,24
19814,3333868,63
19815,3329554,498
19816,3334107,39
19817,3334494,0
19818,3332231,228
19819,3334494,0
19820,3333154,135
19821,3334404,9
19822,3334494,0
19823,3334494,0
19824,3334285,21
19825,3334285,21
19826,3334404,9
19827,3331458,306
19828,3334255,24
19829,3334136,36
19830,3334404,9
19831,3334255,24
19832,3334255,24
19833,3334255,24
19834,3334404,9
19835,3333928,57
19836,3334047,45
19837,3334404,9
19838,3334494,0
19839,3334404,9
19840,3334255,24
19841,3333035,147
19842,3334285,21
19843,3334285,21
19844,3334404,9
19845,3332440,207
19846,3332588,192
19847,3334404,9
19848,3334494,0
19849,3334285,21
19850,3334404,9
19851,3334404,9
19852,3334404,9
19853,3334404,9
19854,3334404,9
19855,3334404,9
19856,3334404,9
19857,3334404,9
19858,3334404,9
19859,3334136,36
19860,3032802,31860
19861,3334494,0
19862,3334404,9
19863,3334404,9
19864,3333035,147
19865,3334107,39
19866,3334255,24
19867,3334494,0
19868,3334404,9
19869,3332440,207
19870,3330803,372
19871,3331012,351
19872,3334107,39
19873,3334404,9
19874,3334255,24
19875,3302637,3225
19876,3331785,273
19877,3334107,39
19878,3334494,0
19879,3334255,24
19880,3333154,135
19881,3334255,24
19882,3332023,249
19883,3334494,0
19884,3330565,396
19885,3334404,9
19886,3334404,9
19887,3334107,39
19888,3333035,147
19889,3334494,0
19890,3334255,24
19891,3334404,9
19892,3334285,21
19893,3334404,9
19894,3334285,21
19895,3333690,81
19896,3333154,135
19897,3334285,21
19898,3332440,207
19899,3334404,9
19900,3334494,0
19901,3334404,9
19902,3334107,39
19903,3334404,9
19904,3334404,9
19905,3334494,0
19906,3334255,24
19907,3334494,0
19908,3334494,0
19909,3334494,0
19910,3334255,24
19911,3332588,192
19912,3334494,0
19913,3332856,165
19914,3334494,0
19915,3334404,9
19916,3331964,255
19917,3334404,9
19918,3322634,1197
19919,3334285,21
19920,3334136,36
19921,3330744,378
19922,3334136,36
19923,3334404,9
19924,3334107,39
19925,3334285,21
19926,3334404,9
19927,3333154,135
19928,3334255,24
19929,3334494,0
19930,3334285,21
19931,3334255,24
19932,3334404,9
19933,3334494,0
19934,3334494,0
19935,3332618,189
19936,3334404,9
19937,3330565,396
19938,3334494,0
19939,3334107,39
19940,3334404,9
19941,3334494,0
19942,3334494,0
19943,3334285,21
19944,3334404,9
19945,3329406,513
19946,3334404,9
19947,3333928,57
19948,3334285,21
19949,3334494,0
19950,3334255,24
19951,3334255,24
19952,3334404,9
19953,3334494,0
19954,3334285,21
19955,3334404,9
19956,3334494,0
19957,3334404,9
19958,3334494,0
19959,3334494,0
19960,3334404,9
19961,3334404,9
19962,3334255,24
19963,3334255,24
19964,3334255,24
19965,3332886,162
19966,3334404,9
19967,3334404,9
19968,3333154,135
19969,3334494,0
19970,3334107,39
19971,3332588,192
19972,3334494,0
19973,3334494,0
19974,3334255,24
19975,3334404,9
19976,3334255,24
19977,3334107,39
19978,3334404,9
19979,3333719,78
19980,3334107,39
19981,3334107,39
19982,3334494,0
19983,3333630,87
19984,3334494,0
19985,3334494,0
19986,3334494,0
19987,3334404,9
19988,3332440,207
19989,3333868,63
19990,3334494,0
19991,3334494,0
19992,3334107,39
19993,3334255,24
19994,3325454,912
19995,3334136,36
19996,3334404,9
19997,3334494,0
19998,3334255,24
19999,3334404,9
20000,3334404,9
20001,10000,1500000
20002,10000,1500000
20003,10000,1500000
20004,10000,1500000
20005,10000,1500000
20006,10000,1500000
20007,10000,1500000
20008,10000,1500000
20009,10000,1500000
20010,10000,1500000
20011,10000,1500000
20012,10000,1500000
20013,10000,1500000
20014,10000,1500000
20015,10000,1500000
20016,10000,1500000
20017,10000,1500000
20018,10000,1500000
20019,10000,1500000
20020,10000,1500000
