1,1027511,29280
2,454124,180380
3,1130352,11628
4,974712,39042
5,1013450,31830
6,742734,89340
7,1142345,9675
8,692946,102180
9,1027345,29310
10,832124,68310
11,1140291,10008
12,852055,63930
13,815696,72000
14,1168663,5460
15,882277,57480
16,849572,64470
17,758800,85380
18,538656,148790
19,1027678,29250
20,863877,61380
21,715898,96150
22,1122572,12906
23,1105954,15666
24,972723,39420
25,758677,85410
26,1005757,33240
27,790697,77760
28,1189594,2175
29,1119519,13410
30,934391,46860
31,771201,82380
32,1008533,32730
33,742493,89400
34,792494,77340
35,820603,70890
36,883565,57210
37,1138222,10344
38,688021,103500
39,988894,36369
40,666863,109280
41,1110301,14940
42,1189922,2124
43,1018225,30960
44,1061029,23340
45,875864,58830
46,1057594,23940
47,843670,65760
48,511757,158270
49,834150,67860
50,678825,105990
51,796616,76380
52,514418,157310
53,601694,128310
54,936666,46410
55,649016,114300
56,895679,54690
57,914608,50820
58,31991,671310
59,577733,135830
60,477917,170930
61,1049056,25440
62,1059396,23625
63,996991,34860
64,972723,39420
65,1199801,594
66,589943,131960
67,1044135,26310
68,1127826,12042
69,834150,67860
70,947509,44280
71,847921,64830
72,406393,200930
73,916983,50340
74,1076623,20640
75,834285,67830
76,400701,203540
77,1029846,28860
78,921753,49380
79,986876,36747
80,1159284,6951
81,1072703,21315
82,1096172,17310
83,923847,48960
84,1099019,16830
85,781648,79890
86,816622,71790
87,935300,46680
88,927750,48180
89,947356,44310
90,655927,112340
91,1082503,19632
92,829834,68820
93,861639,61860
94,1166580,5790
95,951666,43470
96,940317,45690
97,773187,81904
98,1033274,28245
99,1006083,33180
100,1134501,10950
101,1078580,20304
102,885429,56820
103,404421,201830
104,900046,53790
105,923847,48960
106,560572,141410
107,1170521,5166
108,838217,66960
109,1044474,26250
110,1059035,23688
111,919365,49860
112,851917,63960
113,621859,122210
114,988814,36384
115,990916,35991
116,1116673,13881
117,1059035,23688
118,1064820,22680
119,1111652,14715
120,742614,89370
121,1143642,9465
122,945055,44760
123,996991,34860
124,962699,41337
125,1119519,13410
126,984942,37110
127,843830,65725
128,902238,53340
129,892201,55410
130,1058108,23850
131,1019712,30690
132,863597,61440
133,1013532,31815
134,839713,66630
135,902384,53310
136,1141900,9747
137,927599,48210
138,1090535,18264
139,1010824,32310
140,16990,788410
141,942760,45210
142,630147,119760
143,746355,88440
144,921753,49380
145,744543,88890
146,825005,69900
147,484391,168440
148,694746,101700
149,927599,48210
150,736380,90930
151,563732,140370
152,947356,44310
153,722661,94410
154,755241,86250
155,912830,51180
156,925046,48720
157,670513,108270
158,727481,93180
159,934694,46800
160,879991,57960
161,820071,71010
162,712887,96930
163,314424,248410
164,836317,67380
165,1141900,9747
166,1036714,27630
167,1152931,7968
168,685016,104310
169,1034699,27990
170,605151,127250
171,974712,39042
172,785714,78930
173,668884,108720
174,1015752,31410
175,847921,64830
176,748536,87900
177,1010857,32304
178,604334,127500
179,877569,58470
180,548882,145310
181,1176914,4158
182,420126,194780
183,1175313,4410
184,1035555,27837
185,1037672,27459
186,949662,43860
187,741892,89550
188,771201,82380
189,849985,64380
190,932424,47250
191,517094,156350
192,466662,175340
193,845724,65310
194,637993,117470
195,1074809,20952
196,1001592,34008
197,832003,68337
198,1061201,23310
199,773187,81904
200,757079,85800
201,833042,68106
202,1201903,270
203,1099019,16830
204,820736,70860
205,1143642,9465
206,637338,117660
207,1032353,28410
208,725478,93690
209,1078580,20304
210,620114,122730
211,299401,257470
212,831989,68340
213,863877,61380
214,947356,44310
215,1049056,25440
216,898006,54210
217,1083979,19380
218,1015752,31410
219,1134685,10920
220,1015917,31380
221,508614,159410
222,970046,39930
223,664453,109950
224,947202,44340
225,934239,46890
226,1018225,30960
227,1084822,19236
228,313542,248930
229,852884,63750
230,607707,126470
231,1063733,22869
232,951975,43410
233,1013285,31860
234,1116800,13860
235,813715,72450
236,885860,56730
237,1172971,4779
238,1046678,25860
239,1098841,16860
240,765223,83820
241,686461,103920
242,837945,67020
243,1131929,11370
244,782029,79800
245,1146575,8991
246,711040,97410
247,863877,61380
248,740690,89850
249,294730,260380
250,847646,64890
251,925046,48720
252,533961,150410
253,1092517,17928
254,1159284,6951
255,890034,55860
256,783933,79350
257,824604,69990
258,792751,77280
259,857598,62730
260,1110301,14940
261,977830,38451
262,1182767,3240
263,881562,57630
264,953828,43050
265,1034917,27951
266,763365,84270
267,773079,81930
268,847646,64890
269,917281,50280
270,1046508,25890
271,882134,57510
272,1188071,2412
273,1081960,19725
274,954138,42990
275,1174646,4515
276,949508,43890
277,947356,44310
278,741291,89700
279,688467,103380
280,1012694,31968
281,484993,168210
282,652956,113180
283,1077007,20574
284,1201903,270
285,790569,77790
286,861500,61890
287,1142345,9675
288,944902,44790
289,1066755,22344
290,887585,56370
291,929707,47790
292,594905,130410
293,1083100,19530
294,832259,68280
295,716696,95944
296,1136157,10680
297,580362,134990
298,861919,61800
299,1046508,25890
300,1156525,7392
301,1168663,5460
302,1010988,32280
303,568166,138920
304,503500,161280
305,978703,38286
306,1064820,22680
307,936818,46380
308,758554,85440
309,1125524,12420
310,1023355,30030
311,683352,104760
312,845861,65280
313,1008762,32688
314,914905,50760
315,663126,110320
316,855515,63180
317,1061029,23340
318,1105954,15666
319,892346,55380
320,1013285,31860
321,960501,41760
322,765471,83760
323,773079,81930
324,1007389,32940
325,934694,46800
326,863177,61530
327,902238,53340
328,843807,65730
329,729134,92760
330,767335,83310
331,688021,103500
332,1193554,1560
333,925046,48720
334,863877,61380
335,1027012,29370
336,1090854,18210
337,544010,146960
338,805838,74250
339,660837,110960
340,923548,49020
341,1168663,5460
342,1093598,17745
343,1025016,29730
344,1044305,26280
345,1178633,3888
346,997961,34680
347,1001234,34074
348,962699,41337
349,1015752,31410
350,1020208,30600
351,912830,51180
352,823001,70350
353,885860,56730
354,1126711,12225
355,1076623,20640
356,945055,44760
357,989583,36240
358,748415,87930
359,1038564,27300
360,832259,68280
361,508614,159410
362,1146575,8991
363,1010988,32280
364,765596,83730
365,892057,55440
366,803490,74790
367,1061562,23247
368,1008696,32700
369,851779,63990
370,921305,49470
371,949816,43830
372,999775,34344
373,932121,47310
374,772828,81990
375,499300,162830
376,1081960,19725
377,1150839,8304
378,1027345,29310
379,845587,65340
380,1061562,23247
381,843807,65730
382,1017565,31080
383,757427,85715
384,949816,43830
385,863737,61410
386,972723,39420
387,820071,71010
388,1081960,19725
389,1172382,4872
390,1046338,25920
391,1135789,10740
392,1129729,11730
393,1022526,30180
394,780129,80250
395,834015,67890
396,936666,46410
397,827014,69450
398,704386,99150
399,912387,51270
400,851917,63960
401,964871,40920
402,1005757,33240
403,845450,65370
404,987020,36720
405,1126711,12225
406,867245,60660
407,767584,83250
408,986060,36900
409,1025016,29730
410,936514,46440
411,834150,67860
412,1148752,8640
413,754873,86340
414,475598,171830
415,783933,79350
416,1167224,5688
417,833880,67920
418,1010660,32340
419,751454,87180
420,907989,52164
421,822868,70380
422,1150839,8304
423,898151,54180
424,783678,79410
425,725831,93600
426,984862,37125
427,1135053,10860
428,753284,86730
429,962699,41337
430,1134869,10890
431,960501,41760
432,954138,42990
433,974712,39042
434,965027,40890
435,932273,47280
436,1203073,90
437,714507,96510
438,1044948,26166
439,1116800,13860
440,1057594,23940
441,847646,64890
442,680004,105669
443,701878,99810
444,683352,104760
445,834285,67830
446,1029846,28860
447,1102660,16218
448,836452,67350
449,845861,65280
450,873736,59280
451,1015258,31500
452,1008369,32760
453,20814,750850
454,861639,61860
455,906930,52380
456,932121,47310
457,1067827,22158
458,824871,69930
459,921902,49350
460,1041768,26730
461,958168,42210
462,965183,40860
463,906783,52410
464,1059035,23688
465,1031852,28500
466,732688,91860
467,752918,86820
468,742734,89340
469,972723,39420
470,991993,35790
471,1083100,19530
472,949508,43890
473,1012694,31968
474,663162,110310
475,857598,62730
476,1003802,33600
477,1170521,5166
478,1141900,9747
479,757079,85800
480,971148,39720
481,1141900,9747
482,974712,39042
483,1170521,5166
484,948432,44100
485,1072703,21315
486,621321,122370
487,1067827,22158
488,1134501,10950
489,1135789,10740
490,1190944,1965
491,675751,106830
492,976357,38730
493,855376,63210
494,936666,46410
495,1061201,23310
496,849985,64380
497,997152,34830
498,996829,34890
499,729252,92730
500,834285,67830
501,936818,46380
502,902676,53250
503,932121,47310
504,974712,39042
505,685127,104280
506,1011152,32250
507,807015,73980
508,947663,44250
509,1142067,9720
510,912682,51210
511,885573,56790
512,737455,90660
513,888017,56280
514,1178633,3888
515,798296,75990
516,705986,98730
517,1083100,19530
518,1138222,10344
519,585528,133350
520,1144235,9369
521,916983,50340
522,932121,47310
523,685016,104310
524,1025182,29700
525,795712,76590
526,1176914,4158
527,873736,59280
528,807407,73890
529,820337,70950
530,1068693,22008
531,794295,76920
532,949816,43830
533,861639,61860
534,1150839,8304
535,927750,48180
536,1150839,8304
537,750359,87450
538,999256,34440
539,951975,43410
540,831989,68340
541,929858,47760
542,544098,146930
543,1143642,9465
544,1034917,27951
545,822868,70380
546,1093598,17745
547,986876,36747
548,896798,54459
549,691936,102450
550,997961,34680
551,1006083,33180
552,951975,43410
553,776093,81210
554,1201241,372
555,873878,59250
556,716696,95944
557,1147821,8790
558,965183,40860
559,732688,91860
560,1082503,19632
561,1017565,31080
562,1124066,12660
563,1064820,22680
564,1046508,25890
565,708739,98010
566,842031,66120
567,777982,80760
568,962215,41430
569,871473,59760
570,772953,81960
571,773079,81930
572,822735,70410
573,1063733,22869
574,1165635,5940
575,542776,147380
576,1123701,12720
577,1083100,19530
578,1138222,10344
579,994892,35250
580,1029679,28890
581,909138,51930
582,538569,148820
583,1049056,25440
584,832124,68310
585,606329,126890
586,1078580,20304
587,1188302,2376
588,1061201,23310
589,855515,63180
590,857320,62790
591,1020704,30510
592,1197818,900
593,1044305,26280
594,1002014,33930
595,652603,113280
596,418834,195350
597,1196537,1098
598,500597,162350
599,919663,49800
600,1049056,25440
601,1121045,13158
602,1027511,29280
603,938946,45960
604,1063733,22869
605,658021,111750
606,932273,47280
607,1186993,2580
608,932121,47310
609,838353,66930
610,938034,46140
611,1023920,29928
612,750116,87510
613,723732,94136
614,834150,67860
615,951357,43530
616,847509,64920
617,1025182,29700
618,1152931,7968
619,848058,64800
620,1034917,27951
621,856903,62880
622,994569,35310
623,833704,67959
624,1080540,19968
625,999580,34380
626,1190944,1965
627,697794,100890
628,705986,98730
629,1027678,29250
630,960734,41715
631,1181866,3381
632,835910,67470
633,951820,43440
634,986876,36747
635,847783,64860
636,1116981,13830
637,1012694,31968
638,621422,122340
639,942912,45180
640,890179,55830
641,890323,55800
642,1029846,28860
643,921753,49380
644,1045999,25980
645,702333,99690
646,954138,42990
647,1172382,4872
648,1030013,28830
649,912535,51240
650,1029846,28860
651,1023355,30030
652,879421,58080
653,791723,77520
654,914756,50790
655,617839,123410
656,1119338,13440
657,1175370,4401
658,968789,40170
659,1065908,22491
660,674000,107310
661,1083100,19530
662,1169421,5340
663,697681,100920
664,820470,70920
665,1179990,3675
666,748294,87960
667,836181,67410
668,769453,82800
669,1022692,30150
670,1033861,28140
671,912387,51270
672,732926,91800
673,469698,174140
674,851640,64020
675,455500,179820
676,493586,164960
677,919365,49860
678,836046,67440
679,1110301,14940
680,976705,38664
681,694746,101700
682,883565,57210
683,968946,40140
684,765720,83700
685,1116438,13920
686,849847,64410
687,932424,47250
688,1093598,17745
689,917281,50280
690,1027345,29310
691,732926,91800
692,1095337,17451
693,777982,80760
694,721842,94620
695,1015752,31410
696,1139570,10125
697,971778,39600
698,916983,50340
699,1188302,2376
700,1077007,20574
701,1033274,28245
702,949201,43950
703,1026612,29442
704,858989,62430
705,1010857,32304
706,934694,46800
707,859547,62310
708,934542,46830
709,944595,44850
710,495591,164210
711,1029846,28860
712,746718,88350
713,537522,149180
714,729134,92760
715,765985,83636
716,610669,125570
717,847509,64920
718,951975,43410
719,934391,46860
720,429422,190730
721,1056394,24150
722,1163596,6264
723,1090677,18240
724,836317,67380
725,838217,66960
726,861639,61860
727,863737,61410
728,1190944,1965
729,936818,46380
730,807669,73830
731,983506,37380
732,649332,114210
733,820869,70830
734,1119519,13410
735,1027178,29340
736,496717,163790
737,830103,68760
738,1029679,28890
739,1063733,22869
740,769079,82890
741,1035555,27837
742,958479,42150
743,921902,49350
744,894968,54837
745,1105954,15666
746,820869,70830
747,887729,56340
748,879849,57990
749,921305,49470
750,997314,34800
751,1119519,13410
752,845834,65286
753,935300,46680
754,820869,70830
755,1000391,34230
756,1105954,15666
757,861779,61830
758,746476,88410
759,798555,75930
760,459158,178340
761,749751,87600
762,560572,141410
763,636443,117920
764,759907,85110
765,584327,133730
766,1083100,19530
767,1163596,6264
768,1015423,31470
769,850123,64350
770,1003412,33672
771,1018225,30960
772,681582,105240
773,951820,43440
774,915053,50730
775,1078580,20304
776,1044305,26280
777,875438,58920
778,704157,99210
779,1056223,24180
780,917132,50310
781,1111814,14688
782,936514,46440
783,1083100,19530
784,934391,46860
785,911352,51480
786,1180775,3552
787,962839,41310
788,836181,67410
789,754996,86310
790,1063733,22869
791,547726,145700
792,859547,62310
793,1041937,26700
794,462669,176930
795,962699,41337
796,962683,41340
797,949662,43860
798,1063439,22920
799,522826,154310
800,904727,52830
801,775589,81330
802,1027178,29340
803,616705,123750
804,932121,47310
805,835910,67470
806,850123,64350
807,762499,84480
808,987020,36720
809,1093598,17745
810,863317,61500
811,861500,61890
812,603387,127790
813,717408,95760
814,904581,52860
815,1172971,4779
816,762499,84480
817,845999,65250
818,855238,63240
819,1116800,13860
820,1186685,2628
821,677286,106410
822,917132,50310
823,1020208,30600
824,769328,82830
825,720906,94860
826,828356,69150
827,836317,67380
828,861919,61800
829,841894,66150
830,1048478,25542
831,704386,99150
832,829834,68820
833,1081960,19725
834,863737,61410
835,958479,42150
836,925946,48540
837,765471,83760
838,1024983,29736
839,938338,46080
840,925046,48720
841,498087,163280
842,756834,85860
843,1200540,480
844,761758,84660
845,914756,50790
846,975882,38820
847,820470,70920
848,949816,43830
849,1027345,29310
850,976199,38760
851,851917,63960
852,909286,51900
853,820736,70860
854,737216,90720
855,938946,45960
856,773409,81851
857,907077,52350
858,792622,77310
859,606329,126890
860,1148193,8730
861,1013614,31800
862,1202332,204
863,925946,48540
864,1076623,20640
865,997152,34830
866,845587,65340
867,855376,63210
868,919663,49800
869,952963,43218
870,1010824,32310
871,972723,39420
872,758677,85410
873,990611,36048
874,824871,69930
875,1072703,21315
876,849572,64470
877,1010857,32304
878,1104198,15960
879,949816,43830
880,829969,68790
881,760647,84930
882,958012,42240
883,896696,54480
884,754955,86320
885,1175313,4410
886,1065908,22491
887,980958,37860
888,923099,49110
889,871756,59700
890,1203073,90
891,948432,44100
892,1096172,17310
893,770951,82440
894,754751,86370
895,1029846,28860
896,717641,95700
897,949508,43890
898,853161,63690
899,871473,59760
900,820603,70890
901,887585,56370
902,937000,46344
903,677231,106425
904,1127990,12015
905,1032019,28470
906,1163596,6264
907,328546,240280
908,1035555,27837
909,919365,49860
910,760647,84930
911,838353,66930
912,1120227,13293
913,919365,49860
914,750156,87500
915,513086,157790
916,1126711,12225
917,606427,126860
918,882134,57510
919,1037672,27459
920,907077,52350
921,994730,35280
922,1166770,5760
923,1048478,25542
924,577546,135890
925,950833,43632
926,629364,119990
927,1101159,16470
928,1066374,22410
929,1105954,15666
930,917281,50280
931,861639,61860
932,849710,64440
933,824871,69930
934,756834,85860
935,1129729,11730
936,1193554,1560
937,917281,50280
938,771076,82410
939,925046,48720
940,843670,65760
941,945361,44700
942,1111814,14688
943,529908,151820
944,794681,76830
945,1071052,21600
946,557853,142310
947,1034917,27951
948,908991,51960
949,825005,69900
950,887729,56340
951,1010660,32340
952,947356,44310
953,801538,75240
954,962683,41340
955,1041600,26760
956,1158664,7050
957,1202722,144
958,879278,58110
959,828087,69210
960,1046338,25920
961,758677,85410
962,725478,93690
963,904581,52860
964,1083188,19515
965,827684,69300
966,1168663,5460
967,1176914,4158
968,900192,53760
969,773079,81930
970,1008696,32700
971,1008533,32730
972,949816,43830
973,907077,52350
974,701537,99900
975,932424,47250
976,1156525,7392
977,783678,79410
978,816887,71730
979,1093598,17745
980,1104198,15960
981,1049056,25440
982,936666,46410
983,1039238,27180
984,976199,38760
985,1024850,29760
986,330952,238930
987,845861,65280
988,941080,45540
989,1093332,17790
990,919365,49860
991,1064820,22680
992,595033,130370
993,829969,68790
994,820736,70860
995,863597,61440
996,1075751,20790
997,859547,62310
998,1015917,31380
999,681693,105210
1000,912535,51240
1001,1095337,17451
1002,406261,200990
1003,1068087,22113
1004,902530,53280
1005,926727,48384
1006,974712,39042
1007,554337,143480
1008,997314,34800
1009,946895,44400
1010,820470,70920
1011,1026612,29442
1012,1143642,9465
1013,921454,49440
1014,1032353,28410
1015,921305,49470
1016,670006,108410
1017,960812,41700
1018,1022692,30150
1019,1022062,30264
1020,1138222,10344
1021,850123,64350
1022,1190944,1965
1023,902676,53250
1024,1177410,4080
1025,968444,40236
1026,906783,52410
1027,962699,41337
1028,1149124,8580
1029,986876,36747
1030,1012694,31968
1031,838081,66990
1032,1101159,16470
1033,897715,54270
1034,1176914,4158
1035,1176495,4224
1036,609845,125820
1037,1197818,900
1038,994892,35250
1039,781775,79860
1040,883422,57240
1041,949662,43860
1042,780129,80250
1043,754996,86310
1044,1048478,25542
1045,1048478,25542
1046,658982,111480
1047,1095337,17451
1048,781775,79860
1049,792365,77370
1050,1194638,1392
1051,921404,49450
1052,758800,85380
1053,1064820,22680
1054,1152931,7968
1055,549060,145250
1056,818610,71340
1057,976705,38664
1058,1144940,9255
1059,934391,46860
1060,729252,92730
1061,1064820,22680
1062,972723,39420
1063,1134501,10950
1064,906137,52542
1065,812660,72690
1066,1186685,2628
1067,897860,54240
1068,1083100,19530
1069,799721,75660
1070,997961,34680
1071,999094,34470
1072,1010660,32340
1073,1142808,9600
1074,498977,162950
1075,952777,43254
1076,604954,127310
1077,834285,67830
1078,923997,48930
1079,677396,106380
1080,839577,66660
1081,692946,102180
1082,533961,150410
1083,917281,50280
1084,962699,41337
1085,1059035,23688
1086,978576,38310
1087,966906,40530
1088,1180775,3552
1089,831855,68370
1090,1032186,28440
1091,732688,91860
1092,1012628,31980
1093,999094,34470
1094,1101159,16470
1095,1027678,29250
1096,981117,37830
1097,1202722,144
1098,1034699,27990
1099,794681,76830
1100,919514,49830
1101,904874,52800
1102,767460,83280
1103,1104628,15888
1104,1080540,19968
1105,1053146,24720
1106,637959,117480
1107,834285,67830
1108,987020,36720
1109,1168663,5460
1110,1122572,12906
1111,760524,84960
1112,1173314,4725
1113,1022029,30270
1114,949508,43890
1115,845861,65280
1116,967377,40440
1117,949355,43920
1118,984862,37125
1119,1005757,33240
1120,1089440,18450
1121,18632,771340
1122,601824,128270
1123,1189594,2175
1124,906137,52542
1125,692834,102210
1126,992475,35700
1127,934239,46890
1128,776093,81210
1129,919663,49800
1130,771326,82350
1131,1048478,25542
1132,728543,92910
1133,719272,95280
1134,850123,64350
1135,1057594,23940
1136,894374,54960
1137,932273,47280
1138,749386,87690
1139,902530,53280
1140,934088,46920
1141,932121,47310
1142,889890,55890
1143,902676,53250
1144,579046,135410
1145,926727,48384
1146,651124,113700
1147,900192,53760
1148,989904,36180
1149,621724,122250
1150,934542,46830
1151,1018225,30960
1152,821002,70800
1153,626513,120830
1154,1113474,14412
1155,814771,72210
1156,631681,119310
1157,612719,124950
1158,517010,156380
1159,949355,43920
1160,551558,144410
1161,917132,50310
1162,1084822,19236
1163,473137,172790
1164,1086547,18942
1165,1079209,20196
1166,606591,126810
1167,976705,38664
1168,987020,36720
1169,859686,62280
1170,1081960,19725
1171,1148752,8640
1172,845587,65340
1173,713928,96660
1174,908402,52080
1175,744905,88800
1176,1015752,31410
1177,1136157,10680
1178,997152,34830
1179,1027178,29340
1180,1176495,4224
1181,752674,86880
1182,914756,50790
1183,1067827,22158
1184,1101695,16380
1185,972723,39420
1186,885716,56760
1187,921305,49470
1188,798426,75960
1189,863877,61380
1190,1194638,1392
1191,1147635,8820
1192,1013450,31830
1193,1110301,14940
1194,1110301,14940
1195,936514,46440
1196,704043,99240
1197,925046,48720
1198,1023355,30030
1199,1046338,25920
1200,926727,48384
1201,603387,127790
1202,807276,73920
1203,934694,46800
1204,868934,60300
1205,887873,56310
1206,947509,44280
1207,605936,127010
1208,1015752,31410
1209,769203,82860
1210,754751,86370
1211,900046,53790
1212,1041600,26760
1213,987020,36720
1214,492387,165410
1215,890323,55800
1216,898006,54210
1217,506228,160280
1218,1027345,29310
1219,1170521,5166
1220,891912,55470
1221,1105954,15666
1222,1094503,17592
1223,749629,87630
1224,909286,51900
1225,783805,79380
1226,1183745,3087
1227,1010857,32304
1228,844108,65664
1229,949355,43920
1230,811738,72900
1231,1170521,5166
1232,843533,65790
1233,1135789,10740
1234,1010496,32370
1235,1063733,22869
1236,1128814,11880
1237,1020043,30630
1238,960189,41820
1239,921454,49440
1240,783805,79380
1241,595130,130340
1242,1163370,6300
1243,767335,83310
1244,1189594,2175
1245,1168985,5409
1246,1132296,11310
1247,1152931,7968
1248,997961,34680
1249,790057,77910
1250,879849,57990
1251,820736,70860
1252,919663,49800
1253,902384,53310
1254,1121045,13158
1255,744784,88830
1256,1024683,29790
1257,1093598,17745
1258,849985,64380
1259,1030013,28830
1260,861779,61830
1261,919514,49830
1262,934542,46830
1263,839305,66720
1264,934542,46830
1265,979385,38157
1266,1072703,21315
1267,988141,36510
1268,1176914,4158
1269,1141900,9747
1270,1012694,31968
1271,1027678,29250
1272,1170521,5166
1273,991671,35850
1274,1005594,33270
1275,1095337,17451
1276,566664,139410
1277,1036563,27657
1278,1041768,26730
1279,680956,105410
1280,1025016,29730
1281,1001851,33960
1282,857737,62700
1283,974712,39042
1284,1022029,30270
1285,1195219,1302
1286,966906,40530
1287,636925,117780
1288,734472,91410
1289,997961,34680
1290,949662,43860
1291,962995,41280
1292,619343,122960
1293,949662,43860
1294,697907,100860
1295,729252,92730
1296,1025780,29592
1297,951820,43440
1298,838217,66960
1299,1142345,9675
1300,682788,104913
1301,987020,36720
1302,1066755,22344
1303,1063733,22869
1304,849159,64560
1305,820470,70920
1306,393300,206990
1307,777856,80790
1308,1048478,25542
1309,829969,68790
1310,934239,46890
1311,645239,115380
1312,887873,56310
1313,1008696,32700
1314,794681,76830
1315,507378,159860
1316,1013450,31830
1317,500516,162380
1318,1074409,21021
1319,902384,53310
1320,863877,61380
1321,666395,109410
1322,1078580,20304
1323,847783,64860
1324,1186685,2628
1325,861779,61830
1326,1089440,18450
1327,976199,38760
1328,976705,38664
1329,1116619,13890
1330,618507,123210
1331,824203,70080
1332,1010988,32280
1333,616339,123860
1334,1081960,19725
1335,584043,133820
1336,824871,69930
1337,441421,185630
1338,849985,64380
1339,1015258,31500
1340,962527,41370
1341,629262,120020
1342,645030,115440
1343,1121045,13158
1344,904581,52860
1345,1083979,19380
1346,1035555,27837
1347,919365,49860
1348,1093598,17745
1349,710925,97440
1350,857459,62760
1351,1126711,12225
1352,1158514,7074
1353,1124430,12600
1354,1013532,31815
1355,1037672,27459
1356,593556,130830
1357,819008,71250
1358,1013614,31800
1359,661991,110637
1360,940622,45630
1361,834421,67800
1362,904434,52890
1363,919514,49830
1364,1015917,31380
1365,757079,85800
1366,818743,71310
1367,1150839,8304
1368,834150,67860
1369,1157444,7245
1370,919216,49890
1371,25366,714250
1372,830372,68700
1373,921454,49440
1374,814903,72180
1375,734591,91380
1376,1150839,8304
1377,771076,82410
1378,945208,44730
1379,1134685,10920
1380,1058795,23730
1381,613348,124760
1382,1043797,26370
1383,1015588,31440
1384,1035555,27837
1385,921753,49380
1386,1119519,13410
1387,994247,35370
1388,744543,88890
1389,902238,53340
1390,1008696,32700
1391,895825,54660
1392,769328,82830
1393,997961,34680
1394,848058,64800
1395,836317,67380
1396,1046508,25890
1397,813451,72510
1398,448563,182660
1399,921753,49380
1400,1092677,17901
1401,615417,124137
1402,471223,173540
1403,1063612,22890
1404,1116673,13881
1405,712090,97137
1406,1025182,29700
1407,936666,46410
1408,921603,49410
1409,799332,75750
1410,1107712,15372
1411,865840,60960
1412,921902,49350
1413,783551,79440
1414,1033442,28215
1415,888161,56250
1416,932273,47280
1417,748415,87930
1418,950833,43632
1419,1119519,13410
1420,1126802,12210
1421,1167829,5592
1422,845450,65370
1423,1113907,14340
1424,763365,84270
1425,965027,40890
1426,923847,48960
1427,938490,46050
1428,680846,105440
1429,972723,39420
1430,845861,65280
1431,515754,156830
1432,951666,43470
1433,1078580,20304
1434,909286,51900
1435,861639,61860
1436,1099197,16800
1437,869497,60180
1438,932273,47280
1439,717292,95790
1440,1116981,13830
1441,1096492,17256
1442,1063733,22869
1443,504835,160790
1444,755118,86280
1445,801928,75150
1446,838217,66960
1447,573131,137310
1448,1013121,31890
1449,1119519,13410
1450,885860,56730
1451,488650,166820
1452,988814,36384
1453,917132,50310
1454,1018225,30960
1455,930008,47730
1456,1135789,10740
1457,1022062,30264
1458,1095337,17451
1459,774593,81568
1460,832124,68310
1461,849572,64470
1462,1078580,20304
1463,399102,204280
1464,1025016,29730
1465,1013450,31830
1466,976705,38664
1467,974712,39042
1468,1002014,33930
1469,960501,41760
1470,1048886,25470
1471,936818,46380
1472,1013285,31860
1473,1007389,32940
1474,1032353,28410
1475,785332,79020
1476,1177773,4023
1477,769328,82830
1478,1032019,28470
1479,783179,79528
1480,948893,44010
1481,608890,126110
1482,1101695,16380
1483,666503,109380
1484,893142,55215
1485,805577,74310
1486,859547,62310
1487,679302,105860
1488,949816,43830
1489,852055,63930
1490,1093598,17745
1491,974712,39042
1492,974712,39042
1493,875722,58860
1494,1134501,10950
1495,960734,41715
1496,1077007,20574
1497,880134,57930
1498,1127826,12042
1499,1063733,22869
1500,1024850,29760
1501,861500,61890
1502,1061201,23310
1503,773204,81900
1504,807538,73860
1505,1144235,9369
1506,877569,58470
1507,849847,64410
1508,859547,62310
1509,1050622,25164
1510,883422,57240
1511,1093598,17745
1512,783424,79470
1513,1186685,2628
1514,569734,138410
1515,796616,76380
1516,1185070,2880
1517,744543,88890
1518,674146,107270
1519,898443,54120
1520,1024983,29736
1521,986876,36747
1522,1032353,28410
1523,1129912,11700
1524,827819,69270
1525,847371,64950
1526,1036563,27657
1527,635206,118280
1528,1066755,22344
1529,1178518,3906
1530,879706,58020
1531,746355,88440
1532,949508,43890
1533,769328,82830
1534,677286,106410
1535,822735,70410
1536,773079,81930
1537,783678,79410
1538,1158514,7074
1539,1167224,5688
1540,811738,72900
1541,1181426,3450
1542,1153417,7890
1543,625465,121140
1544,861639,61860
1545,960734,41715
1546,542776,147380
1547,477839,170960
1548,799851,75630
1549,853852,63540
1550,828356,69150
1551,710925,97440
1552,838081,66990
1553,1096350,17280
1554,518269,155930
1555,1101159,16470
1556,951975,43410
1557,951666,43470
1558,794681,76830
1559,947049,44370
1560,1141900,9747
1561,1088557,18600
1562,732688,91860
1563,1130132,11664
1564,951666,43470
1565,1186685,2628
1566,988301,36480
1567,592883,131040
1568,988894,36369
1569,596482,129920
1570,836046,67440
1571,1013285,31860
1572,1046678,25860
1573,820869,70830
1574,908991,51960
1575,1020704,30510
1576,833745,67950
1577,904581,52860
1578,815035,72150
1579,1174646,4515
1580,831989,68340
1581,906930,52380
1582,847646,64890
1583,1033442,28215
1584,1188302,2376
1585,1055059,24384
1586,1012694,31968
1587,1081960,19725
1588,1026845,29400
1589,836452,67350
1590,817019,71700
1591,1034917,27951
1592,945208,44730
1593,519447,155510
1594,964871,40920
1595,625093,121250
1596,821002,70800
1597,989904,36180
1598,1105954,15666
1599,940622,45630
1600,1001592,34008
1601,668776,108750
1602,930008,47730
1603,882134,57510
1604,855376,63210
1605,845724,65310
1606,816225,71880
1607,568351,138860
1608,620013,122760
1609,767335,83310
1610,1146333,9030
1611,873736,59280
1612,999256,34440
1613,962699,41337
1614,938338,46080
1615,902676,53250
1616,980958,37860
1617,1132480,11280
1618,1015917,31380
1619,917281,50280
1620,734234,91470
1621,1004291,33510
1622,888161,56250
1623,1111652,14715
1624,1033442,28215
1625,1023355,30030
1626,921753,49380
1627,994247,35370
1628,1167224,5688
1629,1043966,26340
1630,664884,109830
1631,838217,66960
1632,849985,64380
1633,1084822,19236
1634,827014,69450
1635,976199,38760
1636,1038733,27270
1637,852055,63930
1638,744784,88830
1639,992154,35760
1640,717408,95760
1641,1011152,32250
1642,1001851,33960
1643,679156,105900
1644,1135053,10860
1645,1192297,1755
1646,923997,48930
1647,670114,108380
1648,400376,203690
1649,999580,34380
1650,834015,67890
1651,932273,47280
1652,936666,46410
1653,1150429,8370
1654,865840,60960
1655,1027511,29280
1656,875722,58860
1657,900484,53700
1658,616905,123690
1659,867807,60540
1660,1041600,26760
1661,1105954,15666
1662,917281,50280
1663,1064820,22680
1664,1159284,6951
1665,1013285,31860
1666,857459,62760
1667,719155,95310
1668,624654,121380
1669,930159,47700
1670,669318,108600
1671,1092517,17928
1672,1114268,14280
1673,825674,69750
1674,1140291,10008
1675,529136,152090
1676,1184110,3030
1677,21264,746890
1678,1029846,28860
1679,1022526,30180
1680,1081346,19830
1681,724421,93960
1682,820603,70890
1683,599115,129105
1684,1066755,22344
1685,978734,38280
1686,1147635,8820
1687,1128814,11880
1688,491191,165860
1689,796487,76410
1690,571121,137960
1691,968444,40236
1692,1078580,20304
1693,847509,64920
1694,863737,61410
1695,506310,160250
1696,909138,51930
1697,774333,81630
1698,832394,68250
1699,769328,82830
1700,1101159,16470
1701,838489,66900
1702,696325,101280
1703,877854,58410
1704,859407,62340
1705,1202722,144
1706,551647,144380
1707,938946,45960
1708,869215,60240
1709,781648,79890
1710,900046,53790
1711,1077007,20574
1712,820869,70830
1713,1183745,3087
1714,919365,49860
1715,849985,64380
1716,631886,119250
1717,822735,70410
1718,902530,53280
1719,932273,47280
1720,1097079,17157
1721,888161,56250
1722,1145404,9180
1723,1046678,25860
1724,861779,61830
1725,551379,144470
1726,384349,211250
1727,756957,85830
1728,960501,41760
1729,974712,39042
1730,1158514,7074
1731,1032353,28410
1732,771201,82380
1733,917281,50280
1734,947663,44250
1735,1010824,32310
1736,1100196,16632
1737,931970,47340
1738,1024983,29736
1739,755118,86280
1740,967690,40380
1741,945055,44760
1742,719039,95340
1743,917281,50280
1744,1066374,22410
1745,1013450,31830
1746,834285,67830
1747,1147263,8880
1748,932273,47280
1749,1001234,34074
1750,1157444,7245
1751,1059035,23688
1752,1123701,12720
1753,1066374,22410
1754,932121,47310
1755,1156525,7392
1756,1030013,28830
1757,949662,43860
1758,668487,108830
1759,729370,92700
1760,843260,65850
1761,746597,88380
1762,569550,138470
1763,1027511,29280
1764,774208,81660
1765,675532,106890
1766,803751,74730
1767,1023355,30030
1768,1196945,1035
1769,983346,37410
1770,773204,81900
1771,740594,89874
1772,949662,43860
1773,1000877,34140
1774,1122063,12990
1775,934391,46860
1776,1046508,25890
1777,1090447,18279
1778,947509,44280
1779,1012694,31968
1780,849847,64410
1781,1126711,12225
1782,976705,38664
1783,900046,53790
1784,901945,53400
1785,23769,726280
1786,986876,36747
1787,758800,85380
1788,756834,85860
1789,1181426,3450
1790,968444,40236
1791,1027345,29310
1792,1035555,27837
1793,1011152,32250
1794,861919,61800
1795,1068693,22008
1796,944749,44820
1797,1156525,7392
1798,1041768,26730
1799,1082503,19632
1800,777604,80850
1801,1030013,28830
1802,792879,77250
1803,736499,90900
1804,1099019,16830
1805,947356,44310
1806,997961,34680
1807,1029846,28860
1808,568443,138830
1809,1157444,7245
1810,934694,46800
1811,877854,58410
1812,1044135,26310
1813,949201,43950
1814,1018225,30960
1815,919365,49860
1816,470231,173930
1817,904141,52950
1818,947202,44340
1819,1178518,3906
1820,930008,47730
1821,1199762,600
1822,831585,68430
1823,947663,44250
1824,1046338,25920
1825,1046508,25890
1826,1090535,18264
1827,572048,137660
1828,1160883,6696
1829,919365,49860
1830,1150839,8304
1831,838217,66960
1832,838353,66930
1833,1018060,30990
1834,838353,66930
1835,1001234,34074
1836,929707,47790
1837,400571,203600
1838,870767,59910
1839,1170521,5166
1840,393364,206960
1841,838489,66900
1842,958012,42240
1843,826210,69630
1844,1116257,13950
1845,906048,52560
1846,904727,52830
1847,935300,46680
1848,901945,53400
1849,596160,130020
1850,861360,61920
1851,781902,79830
1852,781902,79830
1853,659944,111210
1854,999775,34344
1855,710188,97632
1856,861639,61860
1857,1046508,25890
1858,820603,70890
1859,1138222,10344
1860,550129,144890
1861,598031,129440
1862,1065908,22491
1863,1029846,28860
1864,838489,66900
1865,1155475,7560
1866,1125524,12420
1867,1135053,10860
1868,964871,40920
1869,1128814,11880
1870,1180468,3600
1871,755118,86280
1872,533961,150410
1873,1060478,23436
1874,1057594,23940
1875,976705,38664
1876,1181866,3381
1877,1041600,26760
1878,951820,43440
1879,1158514,7074
1880,1046678,25860
1881,838489,66900
1882,909286,51900
1883,944595,44850
1884,917430,50250
1885,469089,174380
1886,1001851,33960
1887,908402,52080
1888,1046678,25860
1889,938946,45960
1890,1035555,27837
1891,1160883,6696
1892,767211,83340
1893,1015752,31410
1894,1029846,28860
1895,1064820,22680
1896,1030013,28830
1897,919663,49800
1898,1189594,2175
1899,1048478,25542
1900,997961,34680
1901,843397,65820
1902,916983,50340
1903,936514,46440
1904,1185628,2793
1905,921753,49380
1906,1029679,28890
1907,696325,101280
1908,1189594,2175
1909,1163596,6264
1910,1061562,23247
1911,767335,83310
1912,986060,36900
1913,699493,100440
1914,840394,66480
1915,746597,88380
1916,669680,108500
1917,1155475,7560
1918,931819,47370
1919,796358,76440
1920,849710,64440
1921,916835,50370
1922,397918,204830
1923,830238,68730
1924,934542,46830
1925,865840,60960
1926,904434,52890
1927,751333,87210
1928,562028,140930
1929,965183,40860
1930,859547,62310
1931,1096172,17310
1932,944749,44820
1933,832259,68280
1934,611231,125400
1935,838217,66960
1936,770701,82500
1937,855654,63150
1938,974712,39042
1939,1061562,23247
1940,1189594,2175
1941,643255,115950
1942,758923,85350
1943,1025182,29700
1944,859686,62280
1945,1159284,6951
1946,1027678,29250
1947,828221,69180
1948,496717,163790
1949,836317,67380
1950,568781,138720
1951,937000,46344
1952,1165711,5928
1953,898151,54180
1954,1064820,22680
1955,902384,53310
1956,904727,52830
1957,1027511,29280
1958,904434,52890
1959,1010660,32340
1960,949816,43830
1961,1127826,12042
1962,848058,64800
1963,1172971,4779
1964,711732,97230
1965,1193322,1596
1966,730909,92310
1967,569642,138440
1968,949662,43860
1969,999418,34410
1970,1076623,20640
1971,1094503,17592
1972,939114,45927
1973,1064820,22680
1974,606427,126860
1975,847921,64830
1976,1175313,4410
1977,756957,85830
1978,1108682,15210
1979,937000,46344
1980,934694,46800
1981,779876,80310
1982,1033442,28215
1983,1190944,1965
1984,1114268,14280
1985,1090535,18264
1986,548971,145280
1987,1032353,28410
1988,1015752,31410
1989,823936,70140
1990,675641,106860
1991,547371,145820
1992,1053146,24720
1993,1192297,1755
1994,1083100,19530
1995,873595,59310
1996,729015,92790
1997,1066374,22410
1998,1186993,2580
1999,1018225,30960
2000,763860,84150
2001,965496,40800
2002,476292,171560
2003,1116619,13890
2004,871473,59760
2005,988894,36369
2006,841212,66300
2007,1136157,10680
2008,796358,76440
2009,934239,46890
2010,932424,47250
2011,801538,75240
2012,1094911,17523
2013,988894,36369
2014,606591,126810
2015,1061201,23310
2016,917281,50280
2017,767584,83250
2018,568258,138890
2019,796099,76500
2020,1172382,4872
2021,475598,171830
2022,944902,44790
2023,769203,82860
2024,937000,46344
2025,796616,76380
2026,886003,56700
2027,480948,169760
2028,947663,44250
2029,597321,129660
2030,708838,97984
2031,1121045,13158
2032,767584,83250
2033,1076623,20640
2034,744663,88860
2035,964667,40959
2036,987020,36720
2037,518269,155930
2038,728779,92850
2039,753284,86730
2040,997961,34680
2041,1048886,25470
2042,790825,77730
2043,701537,99900
2044,978576,38310
2045,1121045,13158
2046,567154,139250
2047,932121,47310
2048,1110301,14940
2049,1013285,31860
2050,865840,60960
2051,774710,81540
2052,1180775,3552
2053,863877,61380
2054,906489,52470
2055,1150839,8304
2056,1144235,9369
2057,985741,36960
2058,1050622,25164
2059,785714,78930
2060,1107712,15372
2061,883937,57132
2062,794552,76860
2063,1074809,20952
2064,962699,41337
2065,921902,49350
2066,1084822,19236
2067,1119519,13410
2068,557853,142310
2069,875864,58830
2070,880562,57840
2071,1096172,17310
2072,845724,65310
2073,931970,47340
2074,553080,143900
2075,700741,100110
2076,999742,34350
2077,849710,64440
2078,729252,92730
2079,1123701,12720
2080,836317,67380
2081,623036,121860
2082,894968,54837
2083,1034917,27951
2084,561482,141110
2085,1110301,14940
2086,773079,81930
2087,975566,38880
2088,932273,47280
2089,934694,46800
2090,1189594,2175
2091,526967,152850
2092,1063733,22869
2093,859825,62250
2094,849985,64380
2095,790697,77760
2096,921454,49440
2097,1098841,16860
2098,1015588,31440
2099,1008206,32790
2100,1113474,14412
2101,883279,57270
2102,1112463,14580
2103,938034,46140
2104,1144940,9255
2105,1024683,29790
2106,778108,80730
2107,861639,61860
2108,881276,57690
2109,894968,54837
2110,1025016,29730
2111,841758,66180
2112,1135329,10815
2113,1022195,30240
2114,794423,76890
2115,1013614,31800
2116,560482,141440
2117,830238,68730
2118,633219,118860
2119,904727,52830
2120,1039238,27180
2121,1032186,28440
2122,986060,36900
2123,629840,119850
2124,1063733,22869
2125,558818,141990
2126,951820,43440
2127,559211,141860
2128,1026612,29442
2129,620114,122730
2130,1001851,33960
2131,877854,58410
2132,949662,43860
2133,1106348,15600
2134,847783,64860
2135,1010660,32340
2136,785714,78930
2137,703815,99300
2138,758677,85410
2139,1152931,7968
2140,696212,101310
2141,984862,37125
2142,861639,61860
2143,873736,59280
2144,1196945,1035
2145,827819,69270
2146,541370,147860
2147,1102624,16224
2148,946895,44400
2149,604236,127530
2150,930008,47730
2151,796358,76440
2152,1001234,34074
2153,794681,76830
2154,1015752,31410
2155,875864,58830
2156,1090535,18264
2157,908402,52080
2158,614161,124515
2159,1020208,30600
2160,899900,53820
2161,767460,83280
2162,927750,48180
2163,1098841,16860
2164,1048478,25542
2165,1066755,22344
2166,889890,55890
2167,1024850,29760
2168,1046610,25872
2169,1030013,28830
2170,867245,60660
2171,779750,80340
2172,828087,69210
2173,1126711,12225
2174,565068,139932
2175,871332,59790
2176,904581,52860
2177,879849,57990
2178,1027345,29310
2179,997961,34680
2180,852055,63930
2181,423476,193310
2182,1176914,4158
2183,674110,107280
2184,840394,66480
2185,839305,66720
2186,547460,145790
2187,977830,38451
2188,1041768,26730
2189,1178633,3888
2190,1030013,28830
2191,839849,66600
2192,873453,59340
2193,875864,58830
2194,524184,153830
2195,1138222,10344
2196,560663,141380
2197,819008,71250
2198,934694,46800
2199,1175370,4401
2200,1050622,25164
2201,932121,47310
2202,727009,93300
2203,999256,34440
2204,1063733,22869
2205,887729,56340
2206,1084822,19236
2207,1149124,8580
2208,853714,63570
2209,944902,44790
2210,999742,34350
2211,1027345,29310
2212,1176914,4158
2213,785892,78888
2214,863877,61380
2215,1119338,13440
2216,964667,40959
2217,992942,35613
2218,853022,63720
2219,962995,41280
2220,22681,734950
2221,1182767,3240
2222,964667,40959
2223,1083188,19515
2224,1116438,13920
2225,1129912,11700
2226,1029846,28860
2227,875722,58860
2228,709543,97800
2229,947509,44280
2230,967847,40350
2231,1150615,8340
2232,533788,150470
2233,902384,53310
2234,842386,66042
2235,1090854,18210
2236,734472,91410
2237,697907,100860
2238,762499,84480
2239,1101159,16470
2240,794681,76830
2241,1074809,20952
2242,893142,55215
2243,777856,80790
2244,906783,52410
2245,906930,52380
2246,847646,64890
2247,861360,61920
2248,831908,68358
2249,1129546,11760
2250,881276,57690
2251,717998,95608
2252,932121,47310
2253,951512,43500
2254,1158514,7074
2255,934391,46860
2256,951975,43410
2257,875864,58830
2258,1057594,23940
2259,919514,49830
2260,1066755,22344
2261,936818,46380
2262,1024983,29736
2263,611429,125340
2264,745751,88590
2265,1025016,29730
2266,944902,44790
2267,906489,52470
2268,773079,81930
2269,947202,44340
2270,835910,67470
2271,1048886,25470
2272,949201,43950
2273,772828,81990
2274,544716,146720
2275,1078370,20340
2276,809504,73410
2277,638683,117270
2278,664331,109984
2279,1121045,13158
2280,978703,38286
2281,1059396,23625
2282,926727,48384
2283,1078719,20280
2284,934088,46920
2285,1104198,15960
2286,1180775,3552
2287,794552,76860
2288,711040,97410
2289,1121045,13158
2290,783805,79380
2291,976199,38760
2292,709313,97860
2293,724640,93904
2294,962839,41310
2295,949662,43860
2296,851779,63990
2297,1141900,9747
2298,1033442,28215
2299,1111814,14688
2300,767211,83340
2301,1188302,2376
2302,994730,35280
2303,825005,69900
2304,1137632,10440
2305,1015752,31410
2306,906137,52542
2307,1023355,30030
2308,1018225,30960
2309,1024850,29760
2310,944902,44790
2311,871261,59805
2312,1046338,25920
2313,742855,89310
2314,407580,200390
2315,904874,52800
2316,834285,67830
2317,934542,46830
2318,834150,67860
2319,927449,48240
2320,1023355,30030
2321,1006083,33180
2322,946742,44430
2323,972723,39420
2324,803490,74790
2325,859547,62310
2326,1076623,20640
2327,578733,135510
2328,999775,34344
2329,699379,100470
2330,921603,49410
2331,671695,107944
2332,919365,49860
2333,1032353,28410
2334,1035555,27837
2335,506310,160250
2336,1194638,1392
2337,882134,57510
2338,578389,135620
2339,10000,886500
2340,718922,95370
2341,861639,61860
2342,754996,86310
2343,904288,52920
2344,900046,53790
2345,668884,108720
2346,907077,52350
2347,997961,34680
2348,836317,67380
2349,902091,53370
2350,895825,54660
2351,483293,168860
2352,1074809,20952
2353,836181,67410
2354,977941,38430
2355,992314,35730
2356,820470,70920
2357,711040,97410
2358,999094,34470
2359,634863,118380
2360,966640,40581
2361,1015143,31521
2362,879991,57960
2363,1157444,7245
2364,686573,103890
2365,1041937,26700
2366,945055,44760
2367,935300,46680
2368,816357,71850
2369,1039238,27180
2370,880134,57930
2371,605053,127280
2372,1048478,25542
2373,906930,52380
2374,1138222,10344
2375,521472,154790
2376,832124,68310
2377,540856,148036
2378,809635,73380
2379,1199762,600
2380,932273,47280
2381,753162,86760
2382,847921,64830
2383,1046338,25920
2384,1088028,18690
2385,776218,81180
2386,756834,85860
2387,593877,130730
2388,876716,58650
2389,657844,111800
2390,801668,75210
2391,754873,86340
2392,892346,55380
2393,909138,51930
2394,840667,66420
2395,877854,58410
2396,694746,101700
2397,1005333,33318
2398,832259,68280
2399,779876,80310
2400,932121,47310
2401,847509,64920
2402,922450,49240
2403,538831,148730
2404,1066755,22344
2405,798555,75930
2406,1170521,5166
2407,1053316,24690
2408,1023355,30030
2409,1181426,3450
2410,890179,55830
2411,498977,162950
2412,470231,173930
2413,948893,44010
2414,1013121,31890
2415,564402,140150
2416,1190944,1965
2417,242626,296380
2418,559302,141830
2419,938946,45960
2420,1185070,2880
2421,1193322,1596
2422,734472,91410
2423,962995,41280
2424,902384,53310
2425,1015752,31410
2426,466813,175280
2427,1164124,6180
2428,1036714,27630
2429,1188302,2376
2430,972723,39420
2431,838081,66990
2432,570936,138020
2433,1061201,23310
2434,1014534,31632
2435,1186685,2628
2436,621960,122180
2437,962699,41337
2438,1061029,23340
2439,894968,54837
2440,934542,46830
2441,902530,53280
2442,1079209,20196
2443,883937,57132
2444,1134501,10950
2445,902384,53310
2446,949662,43860
2447,974712,39042
2448,1013285,31860
2449,962995,41280
2450,834150,67860
2451,917281,50280
2452,742734,89340
2453,934694,46800
2454,1063733,22869
2455,1076623,20640
2456,1032353,28410
2457,1141900,9747
2458,1022792,30132
2459,712194,97110
2460,1163596,6264
2461,834150,67860
2462,1030013,28830
2463,1178518,3906
2464,511729,158280
2465,1027012,29370
2466,999094,34470
2467,1195219,1302
2468,850123,64350
2469,987020,36720
2470,822601,70440
2471,1046678,25860
2472,974712,39042
2473,820736,70860
2474,532751,150830
2475,1107712,15372
2476,999094,34470
2477,950833,43632
2478,861500,61890
2479,1018225,30960
2480,569827,138380
2481,917132,50310
2482,683131,104820
2483,875864,58830
2484,614310,124470
2485,785714,78930
2486,746355,88440
2487,898006,54210
2488,816622,71790
2489,698020,100830
2490,1061201,23310
2491,917132,50310
2492,904581,52860
2493,962995,41280
2494,1057594,23940
2495,906783,52410
2496,733758,91590
2497,919663,49800
2498,983346,37410
2499,1027511,29280
2500,932121,47310
2501,774593,81568
2502,868539,60384
2503,767335,83310
2504,1035555,27837
2505,914756,50790
2506,500516,162380
2507,914460,50850
2508,1153791,7830
2509,794552,76860
2510,986876,36747
2511,1190944,1965
2512,715395,96280
2513,831855,68370
2514,796358,76440
2515,1150168,8412
2516,1022360,30210
2517,1139570,10125
2518,1093598,17745
2519,1104198,15960
2520,783678,79410
2521,1188302,2376
2522,832259,68280
2523,781775,79860
2524,1027012,29370
2525,927298,48270
2526,606624,126800
2527,744543,88890
2528,926727,48384
2529,732688,91860
2530,904727,52830
2531,1032353,28410
2532,812660,72690
2533,1107712,15372
2534,546987,145950
2535,976199,38760
2536,861639,61860
2537,1172971,4779
2538,820071,71010
2539,873312,59370
2540,1079209,20196
2541,783678,79410
2542,576330,136280
2543,1049056,25440
2544,900192,53760
2545,944749,44820
2546,568351,138860
2547,616139,123920
2548,722544,94440
2549,785714,78930
2550,936514,46440
2551,756957,85830
2552,560482,141440
2553,1134501,10950
2554,1044305,26280
2555,936514,46440
2556,1032186,28440
2557,1186993,2580
2558,1040250,27000
2559,1186685,2628
2560,765471,83760
2561,565288,139860
2562,599779,128900
2563,934694,46800
2564,917132,50310
2565,551647,144380
2566,437432,187310
2567,951975,43410
2568,771201,82380
2569,822735,70410
2570,1084822,19236
2571,1088381,18630
2572,662947,110370
2573,697907,100860
2574,820869,70830
2575,1129546,11760
2576,916983,50340
2577,758677,85410
2578,898006,54210
2579,1034699,27990
2580,917281,50280
2581,906636,52440
2582,1175370,4401
2583,1074809,20952
2584,883937,57132
2585,1178633,3888
2586,853299,63660
2587,654440,112760
2588,1049056,25440
2589,742614,89370
2590,838217,66960
2591,631783,119280
2592,838353,66930
2593,1015588,31440
2594,1029679,28890
2595,809417,73430
2596,790441,77820
2597,1172078,4920
2598,1024983,29736
2599,860523,62100
2600,1190944,1965
2601,475444,171890
2602,890323,55800
2603,783933,79350
2604,1112463,14580
2605,1078580,20304
2606,499300,162830
2607,967220,40470
2608,514418,157310
2609,751454,87180
2610,1041768,26730
2611,567062,139280
2612,1180775,3552
2613,1074409,21021
2614,923847,48960
2615,976705,38664
2616,1025016,29730
2617,1135789,10740
2618,1061029,23340
2619,814771,72210
2620,1168985,5409
2621,779876,80310
2622,525460,153380
2623,1041600,26760
2624,949816,43830
2625,951975,43410
2626,499219,162860
2627,1178518,3906
2628,857459,62760
2629,834015,67890
2630,1095337,17451
2631,1064820,22680
2632,847783,64860
2633,677246,106421
2634,700514,100170
2635,1024983,29736
2636,1176914,4158
2637,883135,57300
2638,883937,57132
2639,830238,68730
2640,976357,38730
2641,720556,94950
2642,832259,68280
2643,832124,68310
2644,976199,38760
2645,1111021,14820
2646,1096528,17250
2647,1163596,6264
2648,1095337,17451
2649,53091,577568
2650,1097079,17157
2651,1024983,29736
2652,1157575,7224
2653,945208,44730
2654,731027,92280
2655,1013614,31800
2656,1093598,17745
2657,1150839,8304
2658,919365,49860
2659,1185262,2850
2660,828087,69210
2661,918918,49950
2662,906783,52410
2663,865700,60990
2664,988894,36369
2665,1030013,28830
2666,1055538,24300
2667,1020043,30630
2668,1119519,13410
2669,1030013,28830
2670,947509,44280
2671,818876,71280
2672,907077,52350
2673,962699,41337
2674,883279,57270
2675,777982,80760
2676,875438,58920
2677,1176914,4158
2678,863877,61380
2679,1027511,29280
2680,727245,93240
2681,1074809,20952
2682,902676,53250
2683,921305,49470
2684,859547,62310
2685,875864,58830
2686,921902,49350
2687,962699,41337
2688,910318,51690
2689,927900,48150
2690,932273,47280
2691,849985,64380
2692,949816,43830
2693,875580,58890
2694,832124,68310
2695,670839,108180
2696,929858,47760
2697,773409,81851
2698,1149124,8580
2699,626412,120860
2700,958012,42240
2701,1046678,25860
2702,850123,64350
2703,887873,56310
2704,814242,72330
2705,921603,49410
2706,1181866,3381
2707,1048478,25542
2708,711040,97410
2709,894519,54930
2710,712656,96990
2711,739370,90180
2712,936818,46380
2713,830238,68730
2714,523391,154110
2715,1015752,31410
2716,1121045,13158
2717,1077007,20574
2718,1186685,2628
2719,792879,77250
2720,857737,62700
2721,1061545,23250
2722,1176914,4158
2723,1044305,26280
2724,1083979,19380
2725,917132,50310
2726,1023355,30030
2727,1010857,32304
2728,934542,46830
2729,686573,103890
2730,1043966,26340
2731,1006083,33180
2732,917430,50250
2733,770951,82440
2734,598710,129230
2735,490793,166010
2736,686461,103920
2737,1195219,1302
2738,949816,43830
2739,1048478,25542
2740,954138,42990
2741,1066755,22344
2742,873595,59310
2743,945361,44700
2744,1185070,2880
2745,1076274,20700
2746,686461,103920
2747,778108,80730
2748,1029345,28950
2749,883851,57150
2750,1066755,22344
2751,1029179,28980
2752,957624,42315
2753,893142,55215
2754,976357,38730
2755,1179990,3675
2756,1003412,33672
2757,849847,64410
2758,746476,88410
2759,1076623,20640
2760,734353,91440
2761,834421,67800
2762,889457,55980
2763,1125524,12420
2764,849847,64410
2765,906930,52380
2766,1092517,17928
2767,1144235,9369
2768,613348,124760
2769,627937,120410
2770,796487,76410
2771,818876,71280
2772,741050,89760
2773,904581,52860
2774,703017,99510
2775,1150839,8304
2776,907989,52164
2777,1025182,29700
2778,1015917,31380
2779,1105954,15666
2780,1172078,4920
2781,471988,173240
2782,845724,65310
2783,823001,70350
2784,1059396,23625
2785,552990,143930
2786,781775,79860
2787,765471,83760
2788,917132,50310
2789,1023355,30030
2790,1061562,23247
2791,1123701,12720
2792,1190944,1965
2793,743096,89250
2794,1046338,25920
2795,984862,37125
2796,671927,107880
2797,483214,168890
2798,1056052,24210
2799,900046,53790
2800,859825,62250
2801,1078580,20304
2802,748415,87930
2803,869497,60180
2804,1015143,31521
2805,936818,46380
2806,1176495,4224
2807,934542,46830
2808,742855,89310
2809,1061562,23247
2810,917281,50280
2811,803620,74760
2812,616339,123860
2813,1114901,14175
2814,767335,83310
2815,742855,89310
2816,544010,146960
2817,814771,72210
2818,1161485,6600
2819,831989,68340
2820,949662,43860
2821,882420,57450
2822,535580,149850
2823,1020208,30600
2824,816357,71850
2825,972408,39480
2826,857320,62790
2827,855376,63210
2828,672363,107760
2829,710925,97440
2830,663162,110310
2831,1083979,19380
2832,565288,139860
2833,845724,65310
2834,1068451,22050
2835,661801,110690
2836,414645,197210
2837,894968,54837
2838,915053,50730
2839,1141900,9747
2840,992154,35760
2841,936362,46470
2842,1175313,4410
2843,779876,80310
2844,809504,73410
2845,748536,87900
2846,762375,84510
2847,783805,79380
2848,1063733,22869
2849,553499,143760
2850,1201903,270
2851,402328,202790
2852,1091031,18180
2853,1138222,10344
2854,1144235,9369
2855,1009023,32640
2856,1176914,4158
2857,962699,41337
2858,873878,59250
2859,25647,712210
2860,996667,34920
2861,1104198,15960
2862,824738,69960
2863,1037672,27459
2864,1015752,31410
2865,1165711,5928
2866,1015423,31470
2867,857459,62760
2868,840394,66480
2869,917430,50250
2870,1121517,13080
2871,900338,53730
2872,1095337,17451
2873,777982,80760
2874,883937,57132
2875,1075925,20760
2876,756834,85860
2877,1072964,21270
2878,1168663,5460
2879,486847,167504
2880,551975,144270
2881,769203,82860
2882,1185628,2793
2883,1185070,2880
2884,809373,73440
2885,861500,61890
2886,1093598,17745
2887,559725,141690
2888,1013121,31890
2889,491112,165890
2890,1092677,17901
2891,746355,88440
2892,859686,62280
2893,1170521,5166
2894,1107712,15372
2895,1185070,2880
2896,902530,53280
2897,1013121,31890
2898,1141900,9747
2899,1037050,27570
2900,568228,138900
2901,818478,71370
2902,736022,91020
2903,511646,158310
2904,988894,36369
2905,769203,82860
2906,879849,57990
2907,698133,100800
2908,688579,103350
2909,756711,85890
2910,1063733,22869
2911,929556,47820
2912,1080540,19968
2913,907077,52350
2914,1089440,18450
2915,744663,88860
2916,877569,58470
2917,926097,48510
2918,1009023,32640
2919,923997,48930
2920,936818,46380
2921,857459,62760
2922,1188302,2376
2923,607805,126440
2924,909286,51900
2925,847783,64860
2926,1118975,13500
2927,934391,46860
2928,511757,158270
2929,1061562,23247
2930,970833,39780
2931,968444,40236
2932,1080540,19968
2933,960734,41715
2934,847783,64860
2935,508614,159410
2936,836452,67350
2937,1163596,6264
2938,914905,50760
2939,1066755,22344
2940,1064820,22680
2941,605053,127280
2942,849572,64470
2943,742855,89310
2944,615417,124137
2945,1012957,31920
2946,1121699,13050
2947,1159284,6951
2948,1048478,25542
2949,1024983,29736
2950,996991,34860
2951,1127826,12042
2952,1201903,270
2953,1107712,15372
2954,972723,39420
2955,1110301,14940
2956,678935,105960
2957,1050622,25164
2958,832394,68250
2959,1150839,8304
2960,1012694,31968
2961,363816,221410
2962,1056052,24210
2963,1101159,16470
2964,987500,36630
2965,1097951,17010
2966,875580,58890
2967,670839,108180
2968,770077,82650
2969,724538,93930
2970,1121045,13158
2971,859686,62280
2972,936514,46440
2973,1113474,14412
2974,1127826,12042
2975,836317,67380
2976,892346,55380
2977,1119519,13410
2978,949816,43830
2979,610868,125510
2980,777856,80790
2981,1030013,28830
2982,978576,38310
2983,889890,55890
2984,1061562,23247
2985,765596,83730
2986,1034917,27951
2987,825005,69900
2988,899900,53820
2989,737575,90630
2990,1201903,270
2991,807800,73800
2992,834150,67860
2993,986876,36747
2994,1023355,30030
2995,1078580,20304
2996,919514,49830
2997,794681,76830
2998,1005594,33270
2999,568443,138830
3000,990868,36000
3001,938642,46020
3002,1090854,18210
3003,988814,36384
3004,1197818,900
3005,1078580,20304
3006,1024983,29736
3007,1059396,23625
3008,696212,101310
3009,1033442,28215
3010,573224,137280
3011,1029846,28860
3012,1134869,10890
3013,1003477,33660
3014,845724,65310
3015,847921,64830
3016,761881,84630
3017,919514,49830
3018,1126711,12225
3019,1059035,23688
3020,1012694,31968
3021,836046,67440
3022,929858,47760
3023,1142808,9600
3024,652603,113280
3025,1012694,31968
3026,947202,44340
3027,911056,51540
3028,947356,44310
3029,571121,137960
3030,1091031,18180
3031,949508,43890
3032,992475,35700
3033,674219,107250
3034,981117,37830
3035,999775,34344
3036,1105954,15666
3037,857598,62730
3038,937000,46344
3039,1119519,13410
3040,509769,158990
3041,763488,84240
3042,1050622,25164
3043,605151,127250
3044,904288,52920
3045,1055059,24384
3046,942760,45210
3047,832124,68310
3048,788649,78240
3049,530080,151760
3050,1092517,17928
3051,919365,49860
3052,1106348,15600
3053,911204,51510
3054,1059035,23688
3055,889890,55890
3056,960734,41715
3057,907077,52350
3058,834150,67860
3059,1036882,27600
3060,984942,37110
3061,904727,52830
3062,1084154,19350
3063,916983,50340
3064,1038901,27240
3065,912830,51180
3066,991993,35790
3067,1095337,17451
3068,783678,79410
3069,887441,56400
3070,938946,45960
3071,962699,41337
3072,838353,66930
3073,748536,87900
3074,1022692,30150
3075,697907,100860
3076,792879,77250
3077,568443,138830
3078,1143642,9465
3079,796358,76440
3080,1013614,31800
3081,742493,89400
3082,268628,277540
3083,1013614,31800
3084,765347,83790
3085,1066755,22344
3086,1080540,19968
3087,1158514,7074
3088,861081,61980
3089,999775,34344
3090,766962,83400
3091,569734,138410
3092,934391,46860
3093,641935,116330
3094,1135789,10740
3095,859547,62310
3096,758923,85350
3097,996183,35010
3098,936666,46410
3099,627937,120410
3100,1066755,22344
3101,1064820,22680
3102,896798,54459
3103,967377,40440
3104,455894,179660
3105,1148193,8730
3106,1160883,6696
3107,1027345,29310
3108,1084822,19236
3109,805707,74280
3110,822735,70410
3111,705986,98730
3112,545423,146480
3113,1058452,23790
3114,491271,165830
3115,1141900,9747
3116,949355,43920
3117,927900,48150
3118,863877,61380
3119,1148193,8730
3120,1022062,30264
3121,916835,50370
3122,825059,69888
3123,589943,131960
3124,1143642,9465
3125,524269,153800
3126,1013450,31830
3127,832259,68280
3128,1143642,9465
3129,1061201,23310
3130,1012694,31968
3131,814507,72270
3132,785077,79080
3133,1163596,6264
3134,634898,118370
3135,1152931,7968
3136,1046338,25920
3137,1114268,14280
3138,756834,85860
3139,1172382,4872
3140,734710,91350
3141,1158514,7074
3142,1043966,26340
3143,617939,123380
3144,845861,65280
3145,746355,88440
3146,849985,64380
3147,900192,53760
3148,988814,36384
3149,418992,195280
3150,796099,76500
3151,994569,35310
3152,1175313,4410
3153,1015588,31440
3154,936514,46440
3155,960501,41760
3156,1148752,8640
3157,1170521,5166
3158,1121045,13158
3159,1032353,28410
3160,831585,68430
3161,1027511,29280
3162,1189922,2124
3163,1149124,8580
3164,863597,61440
3165,988141,36510
3166,822735,70410
3167,962995,41280
3168,781648,79890
3169,847646,64890
3170,934694,46800
3171,757427,85715
3172,601792,128280
3173,696212,101310
3174,1041768,26730
3175,847509,64920
3176,893142,55215
3177,861639,61860
3178,1129363,11790
3179,432426,189440
3180,962699,41337
3181,1029679,28890
3182,859547,62310
3183,755118,86280
3184,976278,38745
3185,972723,39420
3186,1010824,32310
3187,1123701,12720
3188,859547,62310
3189,859825,62250
3190,989904,36180
3191,921753,49380
3192,550218,144860
3193,1015917,31380
3194,834285,67830
3195,710695,97500
3196,779876,80310
3197,916567,50424
3198,1059396,23625
3199,1116981,13830
3200,907989,52164
3201,902238,53340
3202,1167829,5592
3203,1009023,32640
3204,1093598,17745
3205,1005594,33270
3206,1061562,23247
3207,1149981,8442
3208,769079,82890
3209,1027178,29340
3210,725957,93568
3211,755241,86250
3212,1013450,31830
3213,986876,36747
3214,1034917,27951
3215,354041,226450
3216,508614,159410
3217,621624,122280
3218,859686,62280
3219,500435,162410
3220,921902,49350
3221,1092517,17928
3222,1167224,5688
3223,1111814,14688
3224,1158664,7050
3225,845861,65280
3226,643672,115830
3227,934694,46800
3228,1041937,26700
3229,921603,49410
3230,1083100,19530
3231,1150242,8400
3232,740810,89820
3233,627835,120440
3234,917281,50280
3235,1142437,9660
3236,965496,40800
3237,709198,97890
3238,823001,70350
3239,613448,124730
3240,1170578,5157
3241,1048478,25542
3242,987020,36720
3243,821801,70620
3244,929556,47820
3245,839577,66660
3246,945055,44760
3247,639235,117110
3248,1001592,34008
3249,1178633,3888
3250,934694,46800
3251,1170521,5166
3252,1135789,10740
3253,1181426,3450
3254,812792,72660
3255,423476,193310
3256,1096492,17256
3257,511093,158510
3258,781775,79860
3259,834150,67860
3260,1067827,22158
3261,849572,64470
3262,666647,109340
3263,582719,134240
3264,779876,80310
3265,906930,52380
3266,686573,103890
3267,513086,157790
3268,730672,92370
3269,1106348,15600
3270,930008,47730
3271,1022792,30132
3272,958479,42150
3273,801668,75210
3274,1066374,22410
3275,1121045,13158
3276,1043966,26340
3277,1076623,20640
3278,931970,47340
3279,1083100,19530
3280,1078580,20304
3281,617839,123410
3282,1044305,26280
3283,991993,35790
3284,978576,38310
3285,921454,49440
3286,800240,75540
3287,999580,34380
3288,1182767,3240
3289,560391,141470
3290,694746,101700
3291,1010988,32280
3292,836181,67410
3293,500597,162350
3294,552990,143930
3295,1059035,23688
3296,845861,65280
3297,832259,68280
3298,1144235,9369
3299,1064820,22680
3300,936666,46410
3301,1048716,25500
3302,1066755,22344
3303,949662,43860
3304,1044135,26310
3305,904874,52800
3306,1046338,25920
3307,1127990,12015
3308,884807,56950
3309,834150,67860
3310,864998,61140
3311,526199,153120
3312,709313,97860
3313,717525,95730
3314,944902,44790
3315,23221,730600
3316,754873,86340
3317,556498,142760
3318,656530,112170
3319,1193554,1560
3320,777982,80760
3321,717998,95608
3322,904288,52920
3323,497926,163340
3324,1029679,28890
3325,1048478,25542
3326,1063733,22869
3327,859825,62250
3328,839305,66720
3329,836181,67410
3330,708853,97980
3331,798426,75960
3332,1077007,20574
3333,1030013,28830
3334,816622,71790
3335,972723,39420
3336,900484,53700
3337,568535,138800
3338,1129363,11790
3339,1008369,32760
3340,934694,46800
3341,1192297,1755
3342,976199,38760
3343,887729,56340
3344,756957,85830
3345,1013121,31890
3346,978703,38286
3347,627937,120410
3348,771201,82380
3349,1044305,26280
3350,912682,51210
3351,781758,79864
3352,950833,43632
3353,630147,119760
3354,574744,136790
3355,1053146,24720
3356,638994,117180
3357,949816,43830
3358,630872,119547
3359,882134,57510
3360,904288,52920
3361,988894,36369
3362,403373,202310
3363,1126437,12270
3364,919216,49890
3365,1190944,1965
3366,490157,166250
3367,954138,42990
3368,843397,65820
3369,941080,45540
3370,900338,53730
3371,994730,35280
3372,1058795,23730
3373,904727,52830
3374,677177,106440
3375,855376,63210
3376,514418,157310
3377,889890,55890
3378,919216,49890
3379,1148193,8730
3380,994569,35310
3381,852055,63930
3382,999580,34380
3383,624992,121280
3384,1043797,26370
3385,605151,127250
3386,1159284,6951
3387,902676,53250
3388,845587,65340
3389,994408,35340
3390,962699,41337
3391,951975,43410
3392,732332,91950
3393,599584,128960
3394,1083100,19530
3395,902530,53280
3396,363561,221540
3397,857459,62760
3398,1134501,10950
3399,1159284,6951
3400,947202,44340
3401,488544,166860
3402,886003,56700
3403,1063733,22869
3404,906930,52380
3405,1063733,22869
3406,904288,52920
3407,892491,55350
3408,763736,84180
3409,744663,88860
3410,1046610,25872
3411,847646,64890
3412,896115,54600
3413,1059035,23688
3414,1093598,17745
3415,921902,49350
3416,899609,53880
3417,1194638,1392
3418,771076,82410
3419,794552,76860
3420,976357,38730
3421,847371,64950
3422,1116981,13830
3423,1186685,2628
3424,1049056,25440
3425,1029846,28860
3426,729015,92790
3427,1113329,14436
3428,826880,69480
3429,1149124,8580
3430,738532,90390
3431,1105954,15666
3432,857459,62760
3433,1155475,7560
3434,866121,60900
3435,794552,76860
3436,1009023,32640
3437,1093598,17745
3438,1101695,16380
3439,552632,144050
3440,1034531,28020
3441,537522,149180
3442,1008042,32820
3443,839441,66690
3444,732926,91800
3445,812792,72660
3446,1057594,23940
3447,1179990,3675
3448,917281,50280
3449,834015,67890
3450,1090535,18264
3451,1193322,1596
3452,469013,174410
3453,929858,47760
3454,1186685,2628
3455,1142345,9675
3456,1119519,13410
3457,876574,58680
3458,1106635,15552
3459,974712,39042
3460,836317,67380
3461,794552,76860
3462,809504,73410
3463,929707,47790
3464,1001851,33960
3465,1017400,31110
3466,1048886,25470
3467,1063439,22920
3468,937000,46344
3469,845724,65310
3470,699719,100380
3471,953674,43080
3472,807276,73920
3473,951666,43470
3474,607608,126500
3475,869075,60270
3476,859268,62370
3477,1018225,30960
3478,751333,87210
3479,1013614,31800
3480,1044135,26310
3481,801668,75210
3482,818743,71310
3483,974712,39042
3484,1033274,28245
3485,1134501,10950
3486,704157,99210
3487,504917,160760
3488,767211,83340
3489,630044,119790
3490,1009023,32640
3491,904434,52890
3492,845999,65250
3493,1029512,28920
3494,1092517,17928
3495,1008369,32760
3496,605053,127280
3497,1023355,30030
3498,944902,44790
3499,568258,138890
3500,1066755,22344
3501,1135789,10740
3502,992475,35700
3503,524014,153890
3504,925496,48630
3505,904434,52890
3506,608101,126350
3507,597934,129470
3508,1167829,5592
3509,1023355,30030
3510,1078370,20340
3511,1193554,1560
3512,619343,122960
3513,917281,50280
3514,1170521,5166
3515,1010660,32340
3516,1001689,33990
3517,1066755,22344
3518,836452,67350
3519,847783,64860
3520,919514,49830
3521,1024683,29790
3522,925346,48660
3523,1066755,22344
3524,624890,121310
3525,919663,49800
3526,603061,127890
3527,965027,40890
3528,796745,76350
3529,926727,48384
3530,859547,62310
3531,917430,50250
3532,936818,46380
3533,1063095,22980
3534,685016,104310
3535,1046338,25920
3536,829969,68790
3537,877854,58410
3538,892346,55380
3539,936362,46470
3540,507378,159860
3541,1174360,4560
3542,1144476,9330
3543,877854,58410
3544,1029679,28890
3545,1046508,25890
3546,912830,51180
3547,949816,43830
3548,852055,63930
3549,836046,67440
3550,867386,60630
3551,929858,47760
3552,1008533,32730
3553,1131892,11376
3554,938946,45960
3555,1196945,1035
3556,934542,46830
3557,931970,47340
3558,927599,48210
3559,785841,78900
3560,923847,48960
3561,849847,64410
3562,840667,66420
3563,758554,85440
3564,814507,72270
3565,493586,164960
3566,888017,56280
3567,1122063,12990
3568,869215,60240
3569,1027511,29280
3570,1084822,19236
3571,1009023,32640
3572,917444,50247
3573,978258,38370
3574,761758,84660
3575,368745,218920
3576,476292,171560
3577,779876,80310
3578,1052770,24786
3579,756834,85860
3580,999775,34344
3581,775841,81270
3582,1197760,909
3583,779876,80310
3584,763488,84240
3585,546042,146270
3586,915201,50700
3587,938946,45960
3588,833880,67920
3589,892346,55380
3590,1182767,3240
3591,1170521,5166
3592,551737,144350
3593,976515,38700
3594,949662,43860
3595,1130352,11628
3596,734710,91350
3597,1046338,25920
3598,915201,50700
3599,1021863,30300
3600,1058623,23760
3601,1078580,20304
3602,1027345,29310
3603,528536,152300
3604,886003,56700
3605,936514,46440
3606,1015143,31521
3607,774835,81510
3608,563915,140310
3609,737336,90690
3610,1098841,16860
3611,1027012,29370
3612,1078580,20304
3613,1012694,31968
3614,838217,66960
3615,1003477,33660
3616,1110301,14940
3617,829969,68790
3618,992154,35760
3619,1022792,30132
3620,859547,62310
3621,1093598,17745
3622,1126711,12225
3623,1046678,25860
3624,996991,34860
3625,875438,58920
3626,1199178,690
3627,1003282,33696
3628,661991,110637
3629,1167224,5688
3630,1114901,14175
3631,556317,142820
3632,929405,47850
3633,930008,47730
3634,960812,41700
3635,917132,50310
3636,915201,50700
3637,1078545,20310
3638,1127826,12042
3639,606591,126810
3640,917281,50280
3641,929556,47820
3642,951820,43440
3643,923099,49110
3644,1061562,23247
3645,1126711,12225
3646,464473,176210
3647,1074809,20952
3648,606526,126830
3649,1061201,23310
3650,894968,54837
3651,1165635,5940
3652,1105810,15690
3653,799462,75720
3654,829834,68820
3655,801538,75240
3656,776093,81210
3657,756957,85830
3658,674219,107250
3659,1083100,19530
3660,762623,84450
3661,996991,34860
3662,1024983,29736
3663,751211,87240
3664,1037672,27459
3665,1119519,13410
3666,820603,70890
3667,1182767,3240
3668,1110301,14940
3669,1112463,14580
3670,236950,300760
3671,1156525,7392
3672,983187,37440
3673,841485,66240
3674,503609,161240
3675,769453,82800
3676,1144235,9369
3677,794552,76860
3678,1134869,10890
3679,962699,41337
3680,972723,39420
3681,1091915,18030
3682,792109,77430
3683,1114449,14250
3684,1048206,25590
3685,758677,85410
3686,923248,49080
3687,1032019,28470
3688,608101,126350
3689,1144847,9270
3690,847646,64890
3691,1033274,28245
3692,992942,35613
3693,1095337,17451
3694,921603,49410
3695,863597,61440
3696,746718,88350
3697,820603,70890
3698,699833,100350
3699,608101,126350
3700,951820,43440
3701,912830,51180
3702,820869,70830
3703,540143,148280
3704,1050622,25164
3705,914905,50760
3706,1144235,9369
3707,852055,63930
3708,1135053,10860
3709,948893,44010
3710,976278,38745
3711,999775,34344
3712,976199,38760
3713,936818,46380
3714,781902,79830
3715,834285,67830
3716,1046169,25950
3717,1041768,26730
3718,875722,58860
3719,934239,46890
3720,997961,34680
3721,825942,69690
3722,1150839,8304
3723,849985,64380
3724,540143,148280
3725,1175370,4401
3726,947663,44250
3727,949355,43920
3728,826210,69630
3729,990916,35991
3730,947663,44250
3731,487542,167240
3732,820736,70860
3733,507378,159860
3734,665963,109530
3735,1019877,30660
3736,988814,36384
3737,983506,37380
3738,1135053,10860
3739,910909,51570
3740,1029846,28860
3741,820603,70890
3742,551647,144380
3743,564006,140280
3744,583380,134030
3745,1057594,23940
3746,711271,97350
3747,902530,53280
3748,729134,92760
3749,1046678,25860
3750,696889,101130
3751,989904,36180
3752,1093598,17745
3753,1058108,23850
3754,696099,101340
3755,1030013,28830
3756,1125524,12420
3757,653832,112932
3758,1010660,32340
3759,861639,61860
3760,994569,35310
3761,731027,92280
3762,1022062,30264
3763,827819,69270
3764,809504,73410
3765,936666,46410
3766,1005920,33210
3767,875864,58830
3768,612620,124980
3769,746718,88350
3770,1029679,28890
3771,1008369,32760
3772,1152931,7968
3773,1027511,29280
3774,932273,47280
3775,1156038,7470
3776,962995,41280
3777,861500,61890
3778,999191,34452
3779,738292,90450
3780,873312,59370
3781,760647,84930
3782,917281,50280
3783,843670,65760
3784,1168189,5535
3785,1105954,15666
3786,921603,49410
3787,834285,67830
3788,892201,55410
3789,1190944,1965
3790,1132443,11286
3791,934542,46830
3792,1181426,3450
3793,863597,61440
3794,1001592,34008
3795,621825,122220
3796,679927,105690
3797,885812,56740
3798,456264,179510
3799,809417,73430
3800,845587,65340
3801,861500,61890
3802,843670,65760
3803,678935,105960
3804,1175313,4410
3805,300276,256930
3806,724656,93900
3807,668379,108860
3808,1078580,20304
3809,947509,44280
3810,902676,53250
3811,828221,69180
3812,1096350,17280
3813,912682,51210
3814,888017,56280
3815,849710,64440
3816,1070879,21630
3817,875864,58830
3818,707820,98250
3819,680956,105410
3820,934694,46800
3821,1141900,9747
3822,1092517,17928
3823,962683,41340
3824,1008369,32760
3825,1097079,17157
3826,947509,44280
3827,1024850,29760
3828,1190944,1965
3829,919514,49830
3830,1050622,25164
3831,919365,49860
3832,865840,60960
3833,863877,61380
3834,967377,40440
3835,765596,83730
3836,1105954,15666
3837,892346,55380
3838,1105954,15666
3839,1010660,32340
3840,1155475,7560
3841,947509,44280
3842,918769,49980
3843,1193554,1560
3844,1063733,22869
3845,850123,64350
3846,990916,35991
3847,758677,85410
3848,959147,42021
3849,980799,37890
3850,781902,79830
3851,1057594,23940
3852,752918,86820
3853,1044948,26166
3854,1013614,31800
3855,1008533,32730
3856,1072790,21300
3857,873312,59370
3858,1078580,20304
3859,923847,48960
3860,1064820,22680
3861,620013,122760
3862,814903,72180
3863,1107712,15372
3864,966906,40530
3865,623137,121830
3866,830238,68730
3867,1175313,4410
3868,426646,191930
3869,1015588,31440
3870,957624,42315
3871,926097,48510
3872,1111814,14688
3873,1149124,8580
3874,859686,62280
3875,1010857,32304
3876,1167224,5688
3877,779750,80340
3878,836046,67440
3879,1168663,5460
3880,586985,132890
3881,837538,67110
3882,845861,65280
3883,1052770,24786
3884,1024683,29790
3885,1024983,29736
3886,997314,34800
3887,909846,51786
3888,989423,36270
3889,670477,108280
3890,917444,50247
3891,717060,95850
3892,857598,62730
3893,945055,44760
3894,947356,44310
3895,893142,55215
3896,1105954,15666
3897,999580,34380
3898,729134,92760
3899,902384,53310
3900,914756,50790
3901,1032353,28410
3902,503772,161180
3903,840394,66480
3904,834150,67860
3905,938946,45960
3906,931970,47340
3907,704157,99210
3908,1126711,12225
3909,723732,94136
3910,701196,99990
3911,857320,62790
3912,1027511,29280
3913,1018060,30990
3914,936362,46470
3915,1046508,25890
3916,834285,67830
3917,912387,51270
3918,1063733,22869
3919,820736,70860
3920,696475,101240
3921,904874,52800
3922,831855,68370
3923,1048886,25470
3924,1114449,14250
3925,766100,83608
3926,951975,43410
3927,932273,47280
3928,999418,34410
3929,938703,46008
3930,940470,45660
3931,1093598,17745
3932,1172078,4920
3933,1046508,25890
3934,1044948,26166
3935,934694,46800
3936,1170521,5166
3937,1034531,28020
3938,915053,50730
3939,1027511,29280
3940,781775,79860
3941,765596,83730
3942,902530,53280
3943,617839,123410
3944,1008369,32760
3945,546219,146210
3946,1168663,5460
3947,779876,80310
3948,919365,49860
3949,1131892,11376
3950,643255,115950
3951,923847,48960
3952,1055881,24240
3953,675532,106890
3954,1190944,1965
3955,851917,63960
3956,971778,39600
3957,904727,52830
3958,1116981,13830
3959,1064820,22680
3960,871191,59820
3961,1068693,22008
3962,861779,61830
3963,569642,138440
3964,923099,49110
3965,677177,106440
3966,1083627,19440
3967,919514,49830
3968,892346,55380
3969,836452,67350
3970,919514,49830
3971,926097,48510
3972,1083188,19515
3973,882134,57510
3974,1034917,27951
3975,1048478,25542
3976,1141900,9747
3977,727363,93210
3978,1052770,24786
3979,725596,93660
3980,936514,46440
3981,596675,129860
3982,1013614,31800
3983,579766,135180
3984,739011,90270
3985,967377,40440
3986,847646,64890
3987,871049,59850
3988,847646,64890
3989,753162,86760
3990,807538,73860
3991,643672,115830
3992,666503,109380
3993,909138,51930
3994,1147821,8790
3995,1078580,20304
3996,754996,86310
3997,871614,59730
3998,857598,62730
3999,1018060,30990
4000,1006083,33180
4001,1037672,27459
4002,989744,36210
4003,539793,148400
4004,600340,128727
4005,1057594,23940
4006,1080119,20040
4007,962683,41340
4008,1148752,8640
4009,1175313,4410
4010,923847,48960
4011,845999,65250
4012,1048478,25542
4013,998770,34530
4014,735664,91110
4015,680037,105660
4016,949816,43830
4017,771326,82350
4018,1199762,600
4019,807276,73920
4020,1134501,10950
4021,1137134,10521
4022,919365,49860
4023,818610,71340
4024,1111382,14760
4025,621825,122220
4026,1030013,28830
4027,1050622,25164
4028,1142345,9675
4029,960656,41730
4030,1039070,27210
4031,1063612,22890
4032,744784,88830
4033,1066755,22344
4034,948893,44010
4035,863877,61380
4036,781522,79920
4037,904727,52830
4038,364761,220930
4039,275464,272890
4040,722583,94430
4041,861639,61860
4042,938703,46008
4043,908991,51960
4044,826210,69630
4045,885573,56790
4046,783933,79350
4047,919320,49869
4048,822868,70380
4049,774639,81557
4050,828356,69150
4051,954138,42990
4052,1114088,14310
4053,1186685,2628
4054,1036714,27630
4055,847509,64920
4056,863737,61410
4057,934694,46800
4058,756957,85830
4059,838489,66900
4060,518269,155930
4061,923997,48930
4062,934542,46830
4063,847783,64860
4064,1105954,15666
4065,765471,83760
4066,1132296,11310
4067,919365,49860
4068,962699,41337
4069,707705,98280
4070,1010857,32304
4071,902530,53280
4072,892201,55410
4073,934391,46860
4074,989423,36270
4075,987020,36720
4076,664884,109830
4077,1061562,23247
4078,752918,86820
4079,912682,51210
4080,1027511,29280
4081,1188302,2376
4082,849847,64410
4083,983506,37380
4084,999775,34344
4085,718922,95370
4086,883422,57240
4087,947509,44280
4088,934391,46860
4089,1074531,21000
4090,754873,86340
4091,904727,52830
4092,849572,64470
4093,459158,178340
4094,999775,34344
4095,1044305,26280
4096,751211,87240
4097,968444,40236
4098,865700,60990
4099,1121045,13158
4100,1081346,19830
4101,861779,61830
4102,916983,50340
4103,1105954,15666
4104,822735,70410
4105,627733,120470
4106,1076623,20640
4107,23063,731860
4108,1190944,1965
4109,809635,73380
4110,604954,127310
4111,1178518,3906
4112,949816,43830
4113,412968,197960
4114,947509,44280
4115,985900,36930
4116,1186685,2628
4117,593364,130890
4118,1194638,1392
4119,1049056,25440
4120,910613,51630
4121,754518,86427
4122,770701,82500
4123,949662,43860
4124,1181866,3381
4125,1048478,25542
4126,830238,68730
4127,871261,59805
4128,1161485,6600
4129,852884,63750
4130,1122063,12990
4131,1057594,23940
4132,921305,49470
4133,1178633,3888
4134,949662,43860
4135,14149,822280
4136,997961,34680
4137,1172971,4779
4138,1024683,29790
4139,891478,55560
4140,805707,74280
4141,983346,37410
4142,825005,69900
4143,735425,91170
4144,976705,38664
4145,732926,91800
4146,601922,128240
4147,945055,44760
4148,1159284,6951
4149,1095994,17340
4150,974712,39042
4151,892346,55380
4152,805577,74310
4153,684905,104340
4154,491271,165830
4155,999418,34410
4156,879421,58080
4157,765471,83760
4158,1027178,29340
4159,1137447,10470
4160,1152931,7968
4161,1015917,31380
4162,873736,59280
4163,866964,60720
4164,936514,46440
4165,1156525,7392
4166,820736,70860
4167,1179990,3675
4168,1175313,4410
4169,1018225,30960
4170,480948,169760
4171,951975,43410
4172,759784,85140
4173,1145033,9240
4174,962699,41337
4175,792751,77280
4176,1066755,22344
4177,1050622,25164
4178,834015,67890
4179,1034917,27951
4180,962699,41337
4181,516926,156410
4182,814005,72384
4183,1064820,22680
4184,790441,77820
4185,1001592,34008
4186,1130352,11628
4187,1148007,8760
4188,890034,55860
4189,786606,78720
4190,741050,89760
4191,477374,171140
4192,1194638,1392
4193,871261,59805
4194,1045999,25980
4195,861919,61800
4196,635104,118310
4197,1144235,9369
4198,698133,100800
4199,1049056,25440
4200,603485,127760
4201,832259,68280
4202,480792,169820
4203,847783,64860
4204,830103,68760
4205,753162,86760
4206,999256,34440
4207,492467,165380
4208,993763,35460
4209,1092092,18000
4210,1022062,30264
4211,1027345,29310
4212,981117,37830
4213,773409,81851
4214,669680,108500
4215,627937,120410
4216,772953,81960
4217,1144235,9369
4218,1048478,25542
4219,836317,67380
4220,974712,39042
4221,983187,37440
4222,1114088,14310
4223,945208,44730
4224,1061201,23310
4225,1008533,32730
4226,934391,46860
4227,1116673,13881
4228,779497,80400
4229,834285,67830
4230,1024517,29820
4231,1076623,20640
4232,740690,89850
4233,1012957,31920
4234,1061201,23310
4235,847921,64830
4236,977973,38424
4237,962995,41280
4238,1097079,17157
4239,499219,162860
4240,715647,96215
4241,708838,97984
4242,921753,49380
4243,554247,143510
4244,816622,71790
4245,968444,40236
4246,767211,83340
4247,976357,38730
4248,762499,84480
4249,1022195,30240
4250,1077007,20574
4251,919663,49800
4252,659730,111270
4253,1044948,26166
4254,976357,38730
4255,683574,104700
4256,633458,118790
4257,1101695,16380
4258,835910,67470
4259,921753,49380
4260,845999,65250
4261,1023355,30030
4262,711271,97350
4263,490157,166250
4264,17751,780310
4265,1066029,22470
4266,767584,83250
4267,907077,52350
4268,999742,34350
4269,1022526,30180
4270,809111,73500
4271,805446,74340
4272,821748,70632
4273,701423,99930
4274,377985,214340
4275,1032353,28410
4276,974712,39042
4277,910171,51720
4278,818610,71340
4279,1048478,25542
4280,853161,63690
4281,958012,42240
4282,824337,70050
4283,919365,49860
4284,820603,70890
4285,758677,85410
4286,962683,41340
4287,590485,131790
4288,1024850,29760
4289,1066755,22344
4290,838217,66960
4291,972723,39420
4292,679045,105930
4293,1110301,14940
4294,568535,138800
4295,559392,141800
4296,703131,99480
4297,1015752,31410
4298,855238,63240
4299,845724,65310
4300,830103,68760
4301,861779,61830
4302,820603,70890
4303,691263,102630
4304,929858,47760
4305,1135053,10860
4306,1017070,31170
4307,843670,65760
4308,919514,49830
4309,730790,92340
4310,930008,47730
4311,936514,46440
4312,1078580,20304
4313,906783,52410
4314,934694,46800
4315,767584,83250
4316,1199023,714
4317,1010857,32304
4318,771952,82200
4319,859547,62310
4320,663520,110210
4321,820603,70890
4322,885286,56850
4323,873453,59340
4324,661766,110700
4325,1096528,17250
4326,1078580,20304
4327,602019,128210
4328,1111652,14715
4329,1095337,17451
4330,1180468,3600
4331,664331,109984
4332,944595,44850
4333,722896,94350
4334,930159,47700
4335,1058623,23760
4336,904288,52920
4337,1170521,5166
4338,1018060,30990
4339,560482,141440
4340,1130352,11628
4341,805446,74340
4342,974712,39042
4343,755118,86280
4344,840258,66510
4345,788777,78210
4346,627835,120440
4347,1186685,2628
4348,1172382,4872
4349,809504,73410
4350,1199762,600
4351,921753,49380
4352,721959,94590
4353,960656,41730
4354,904581,52860
4355,861779,61830
4356,861919,61800
4357,1041262,26820
4358,1029679,28890
4359,1022062,30264
4360,1015917,31380
4361,1032186,28440
4362,971305,39690
4363,473137,172790
4364,1046610,25872
4365,843397,65820
4366,1072616,21330
4367,411831,198470
4368,1024983,29736
4369,847921,64830
4370,761511,84720
4371,1074531,21000
4372,1027678,29250
4373,628412,120270
4374,1167224,5688
4375,919514,49830
4376,881419,57660
4377,1134869,10890
4378,1015752,31410
4379,697794,100890
4380,936666,46410
4381,1088204,18660
4382,907077,52350
4383,852055,63930
4384,1105954,15666
4385,900192,53760
4386,900046,53790
4387,976041,38790
4388,1046678,25860
4389,888017,56280
4390,942301,45300
4391,1015917,31380
4392,949355,43920
4393,1170521,5166
4394,949662,43860
4395,742614,89370
4396,585465,133370
4397,1135789,10740
4398,1114268,14280
4399,1066755,22344
4400,1111814,14688
4401,999775,34344
4402,834285,67830
4403,1048478,25542
4404,1008533,32730
4405,1012694,31968
4406,755118,86280
4407,956306,42570
4408,907989,52164
4409,832259,68280
4410,660944,110930
4411,962995,41280
4412,950833,43632
4413,498007,163310
4414,729015,92790
4415,1084822,19236
4416,847646,64890
4417,907077,52350
4418,728897,92820
4419,769328,82830
4420,753406,86700
4421,1043289,26460
4422,712887,96930
4423,507296,159890
4424,836181,67410
4425,1172382,4872
4426,997152,34830
4427,1034917,27951
4428,1134501,10950
4429,972723,39420
4430,965496,40800
4431,919365,49860
4432,902530,53280
4433,741171,89730
4434,1072703,21315
4435,836046,67440
4436,1160883,6696
4437,1029846,28860
4438,909138,51930
4439,922799,49170
4440,1104198,15960
4441,861500,61890
4442,432332,189480
4443,863877,61380
4444,670252,108342
4445,942912,45180
4446,1112463,14580
4447,1201903,270
4448,894968,54837
4449,1046610,25872
4450,871756,59700
4451,1194638,1392
4452,1146333,9030
4453,818876,71280
4454,498168,163250
4455,847509,64920
4456,614161,124515
4457,934391,46860
4458,871049,59850
4459,1074809,20952
4460,1037672,27459
4461,930159,47700
4462,1009023,32640
4463,744663,88860
4464,19131,766450
4465,1074531,21000
4466,885860,56730
4467,1074809,20952
4468,716696,95944
4469,261750,282340
4470,1190944,1965
4471,1030013,28830
4472,1080540,19968
4473,773079,81930
4474,904434,52890
4475,1034917,27951
4476,722450,94464
4477,999094,34470
4478,1163596,6264
4479,917281,50280
4480,934391,46860
4481,947387,44304
4482,1044305,26280
4483,606526,126830
4484,976705,38664
4485,824738,69960
4486,769328,82830
4487,1159284,6951
4488,1163596,6264
4489,809373,73440
4490,841621,66210
4491,991832,35820
4492,616239,123890
4493,883937,57132
4494,767335,83310
4495,1116981,13830
4496,935300,46680
4497,919067,49920
4498,786733,78690
4499,828087,69210
4500,1029846,28860
4501,1201903,270
4502,921305,49470
4503,811607,72930
4504,730672,92370
4505,932121,47310
4506,847783,64860
4507,1090535,18264
4508,754873,86340
4509,948893,44010
4510,820603,70890
4511,1110301,14940
4512,869497,60180
4513,824337,70050
4514,1101516,16410
4515,847921,64830
4516,976199,38760
4517,921155,49500
4518,1190944,1965
4519,783805,79380
4520,1158514,7074
4521,805446,74340
4522,518101,155990
4523,1072616,21330
4524,919514,49830
4525,742614,89370
4526,976041,38790
4527,894968,54837
4528,1050315,25218
4529,960734,41715
4530,531457,151280
4531,1109474,15078
4532,1032353,28410
4533,1033274,28245
4534,1080540,19968
4535,593781,130760
4536,1052770,24786
4537,781902,79830
4538,934542,46830
4539,514502,157280
4540,834150,67860
4541,962699,41337
4542,820736,70860
4543,944902,44790
4544,962839,41310
4545,1165711,5928
4546,675897,106790
4547,760277,85020
4548,1010496,32370
4549,617739,123440
4550,1163596,6264
4551,949816,43830
4552,1194638,1392
4553,849985,64380
4554,925646,48600
4555,1101159,16470
4556,902530,53280
4557,1057594,23940
4558,685127,104280
4559,803620,74760
4560,796487,76410
4561,1005594,33270
4562,711156,97380
4563,849847,64410
4564,832124,68310
4565,919216,49890
4566,873878,59250
4567,799851,75630
4568,987020,36720
4569,1190944,1965
4570,554067,143570
4571,934391,46860
4572,676116,106730
4573,930008,47730
4574,1175313,4410
4575,906930,52380
4576,783551,79440
4577,677543,106340
4578,537261,149270
4579,696212,101310
4580,1010496,32370
4581,907989,52164
4582,1029512,28920
4583,1161485,6600
4584,999775,34344
4585,790825,77730
4586,805446,74340
4587,951975,43410
4588,780003,80280
4589,1106635,15552
4590,1202722,144
4591,1043797,26370
4592,873453,59340
4593,1078580,20304
4594,948893,44010
4595,830103,68760
4596,767211,83340
4597,744784,88830
4598,700400,100200
4599,1019877,30660
4600,569734,138410
4601,975882,38820
4602,966906,40530
4603,1063733,22869
4604,1150839,8304
4605,883937,57132
4606,518838,155727
4607,1111814,14688
4608,1013614,31800
4609,889746,55920
4610,53091,577568
4611,1039407,27150
4612,780129,80250
4613,1082503,19632
4614,685238,104250
4615,688467,103380
4616,843807,65730
4617,881419,57660
4618,1083100,19530
4619,915201,50700
4620,934542,46830
4621,978734,38280
4622,417613,195890
4623,836181,67410
4624,972723,39420
4625,1024983,29736
4626,1046610,25872
4627,890179,55830
4628,1027678,29250
4629,642213,116250
4630,1127826,12042
4631,919365,49860
4632,988814,36384
4633,1131929,11370
4634,433338,189050
4635,915053,50730
4636,794552,76860
4637,753284,86730
4638,1116619,13890
4639,1202722,144
4640,629738,119880
4641,940409,45672
4642,905608,52650
4643,917281,50280
4644,990611,36048
4645,907989,52164
4646,974712,39042
4647,608101,126350
4648,849847,64410
4649,760031,85080
4650,957624,42315
4651,1064820,22680
4652,834150,67860
4653,853576,63600
4654,744663,88860
4655,1093598,17745
4656,934391,46860
4657,1083100,19530
4658,1027511,29280
4659,857459,62760
4660,934391,46860
4661,934542,46830
4662,1129729,11730
4663,1096350,17280
4664,1130132,11664
4665,1064820,22680
4666,805446,74340
4667,911204,51510
4668,1127990,12015
4669,1134869,10890
4670,1127826,12042
4671,1027178,29340
4672,978734,38280
4673,696099,101340
4674,561937,140960
4675,1104628,15888
4676,1141900,9747
4677,843807,65730
4678,1029846,28860
4679,1095337,17451
4680,1130352,11628
4681,783551,79440
4682,758677,85410
4683,742855,89310
4684,1066755,22344
4685,907989,52164
4686,1095337,17451
4687,1030013,28830
4688,617839,123410
4689,962683,41340
4690,1040924,26880
4691,1088557,18600
4692,951820,43440
4693,1141900,9747
4694,627937,120410
4695,978576,38310
4696,1181866,3381
4697,929858,47760
4698,1013450,31830
4699,601402,128400
4700,711040,97410
4701,1006083,33180
4702,742855,89310
4703,561937,140960
4704,916983,50340
4705,1020704,30510
4706,774961,81480
4707,972723,39420
4708,760031,85080
4709,980958,37860
4710,1013121,31890
4711,975724,38850
4712,902530,53280
4713,947049,44370
4714,1173314,4725
4715,611859,125210
4716,997961,34680
4717,1121045,13158
4718,898632,54081
4719,999418,34410
4720,602508,128060
4721,871332,59790
4722,1105954,15666
4723,817262,71645
4724,1019712,30690
4725,994408,35340
4726,755118,86280
4727,658875,111510
4728,900046,53790
4729,814771,72210
4730,1078580,20304
4731,809504,73410
4732,875864,58830
4733,1153417,7890
4734,1157444,7245
4735,785586,78960
4736,955686,42690
4737,1039238,27180
4738,1111382,14760
4739,919514,49830
4740,949355,43920
4741,1079209,20196
4742,1112463,14580
4743,1032186,28440
4744,813583,72480
4745,902238,53340
4746,765471,83760
4747,914905,50760
4748,496797,163760
4749,965183,40860
4750,550397,144800
4751,1134501,10950
4752,1186993,2580
4753,1090677,18240
4754,1013285,31860
4755,918918,49950
4756,812660,72690
4757,1193554,1560
4758,1163596,6264
4759,475598,171830
4760,823001,70350
4761,997961,34680
4762,1061201,23310
4763,1041600,26760
4764,771201,82380
4765,664884,109830
4766,925496,48630
4767,892346,55380
4768,1059396,23625
4769,836046,67440
4770,787371,78540
4771,1136157,10680
4772,1046508,25890
4773,1116981,13830
4774,877854,58410
4775,814639,72240
4776,1110301,14940
4777,906930,52380
4778,516926,156410
4779,1181426,3450
4780,713696,96720
4781,694633,101730
4782,1129363,11790
4783,1203073,90
4784,997961,34680
4785,1197818,900
4786,1076623,20640
4787,999418,34410
4788,769203,82860
4789,542600,147440
4790,1193554,1560
4791,1063612,22890
4792,1029512,28920
4793,857598,62730
4794,925046,48720
4795,489998,166310
4796,1105954,15666
4797,830238,68730
4798,987020,36720
4799,1186993,2580
4800,1082503,19632
4801,678616,106047
4802,664561,109920
4803,962699,41337
4804,1196945,1035
4805,596772,129830
4806,534048,150380
4807,1039794,27081
4808,972723,39420
4809,509769,158990
4810,1027511,29280
4811,1153417,7890
4812,672472,107730
4813,904288,52920
4814,1142345,9675
4815,1034917,27951
4816,926727,48384
4817,962995,41280
4818,499219,162860
4819,1084822,19236
4820,634863,118380
4821,1137079,10530
4822,554846,143310
4823,838353,66930
4824,861919,61800
4825,1013450,31830
4826,1010857,32304
4827,894229,54990
4828,1064820,22680
4829,811607,72930
4830,1011152,32250
4831,709313,97860
4832,852055,63930
4833,936666,46410
4834,873595,59310
4835,895534,54720
4836,909138,51930
4837,751333,87210
4838,912682,51210
4839,683352,104760
4840,809111,73500
4841,694746,101700
4842,951820,43440
4843,668270,108890
4844,1192297,1755
4845,859017,62424
4846,934391,46860
4847,840394,66480
4848,611958,125180
4849,923847,48960
4850,1172382,4872
4851,694633,101730
4852,1105954,15666
4853,1129729,11730
4854,1029846,28860
4855,1134869,10890
4856,999418,34410
4857,602964,127920
4858,575925,136410
4859,994892,35250
4860,997314,34800
4861,1027678,29250
4862,1182767,3240
4863,1064820,22680
4864,947356,44310
4865,734591,91380
4866,910466,51660
4867,1120227,13293
4868,1041768,26730
4869,1074531,21000
4870,1013614,31800
4871,1044305,26280
4872,833880,67920
4873,677652,106310
4874,749386,87690
4875,1044305,26280
4876,833880,67920
4877,709313,97860
4878,959147,42021
4879,841758,66180
4880,509935,158930
4881,1050622,25164
4882,680956,105410
4883,1150615,8340
4884,929707,47790
4885,780129,80250
4886,986876,36747
4887,861779,61830
4888,923698,48990
4889,971463,39660
4890,522911,154280
4891,1066755,22344
4892,1200151,540
4893,949662,43860
4894,994247,35370
4895,1027178,29340
4896,1170521,5166
4897,809767,73350
4898,561937,140960
4899,955686,42690
4900,1041768,26730
4901,1192007,1800
4902,915053,50730
4903,786478,78750
4904,408043,200180
4905,1188302,2376
4906,1170521,5166
4907,1083100,19530
4908,845861,65280
4909,1061562,23247
4910,947509,44280
4911,1078894,20250
4912,820736,70860
4913,1020704,30510
4914,1048478,25542
4915,778108,80730
4916,654192,112830
4917,727481,93180
4918,1178633,3888
4919,730790,92340
4920,814507,72270
4921,1076623,20640
4922,865700,60990
4923,1075925,20760
4924,672916,107608
4925,967377,40440
4926,811607,72930
4927,1010988,32280
4928,965183,40860
4929,1119519,13410
4930,882134,57510
4931,779750,80340
4932,997961,34680
4933,1022062,30264
4934,997961,34680
4935,666611,109350
4936,1033274,28245
4937,988894,36369
4938,1183745,3087
4939,717408,95760
4940,751211,87240
4941,875580,58890
4942,688579,103350
4943,948893,44010
4944,898151,54180
4945,914905,50760
4946,1038901,27240
4947,877712,58440
4948,904727,52830
4949,917281,50280
4950,793651,77070
4951,1035555,27837
4952,823936,70140
4953,914756,50790
4954,781902,79830
4955,988894,36369
4956,626412,120860
4957,989904,36180
4958,1116981,13830
4959,560482,141440
4960,936666,46410
4961,550218,144860
4962,949662,43860
4963,357038,224890
4964,1046338,25920
4965,1084822,19236
4966,981117,37830
4967,921753,49380
4968,999191,34452
4969,663126,110320
4970,934542,46830
4971,1064820,22680
4972,681914,105150
4973,949662,43860
4974,619343,122960
4975,1176914,4158
4976,929858,47760
4977,855238,63240
4978,531371,151310
4979,934694,46800
4980,1197818,900
4981,962527,41370
4982,663377,110250
4983,607904,126410
4984,1059396,23625
4985,930008,47730
4986,900338,53730
4987,1069317,21900
4988,934542,46830
4989,1012694,31968
4990,1159284,6951
4991,980958,37860
4992,1033274,28245
4993,1107712,15372
4994,843807,65730
4995,847921,64830
4996,932273,47280
4997,1010988,32280
4998,1111814,14688
4999,1159284,6951
5000,845313,65400
5001,854960,63300
5002,506228,160280
5003,947509,44280
5004,1043289,26460
5005,877854,58410
5006,855515,63180
5007,813583,72480
5008,929556,47820
5009,1029679,28890
5010,831989,68340
5011,822868,70380
5012,1195723,1224
5013,701878,99810
5014,1165711,5928
5015,1181426,3450
5016,909286,51900
5017,949816,43830
5018,997152,34830
5019,887585,56370
5020,509769,158990
5021,818080,71460
5022,936514,46440
5023,1149124,8580
5024,987020,36720
5025,1116981,13830
5026,1013285,31860
5027,906137,52542
5028,934542,46830
5029,1174741,4500
5030,917132,50310
5031,623373,121760
5032,831989,68340
5033,1067827,22158
5034,1015588,31440
5035,746476,88410
5036,757079,85800
5037,1172382,4872
5038,1027511,29280
5039,861779,61830
5040,499219,162860
5041,1199178,690
5042,1135789,10740
5043,746355,88440
5044,997152,34830
5045,1176914,4158
5046,754751,86370
5047,1111814,14688
5048,1095337,17451
5049,1009023,32640
5050,771326,82350
5051,1178633,3888
5052,1135053,10860
5053,838489,66900
5054,1101695,16380
5055,23391,729250
5056,921753,49380
5057,1181866,3381
5058,816754,71760
5059,1083100,19530
5060,931819,47370
5061,1022062,30264
5062,947202,44340
5063,1008042,32820
5064,773831,81750
5065,845861,65280
5066,1101695,16380
5067,656139,112280
5068,974712,39042
5069,768954,82920
5070,936818,46380
5071,1056223,24180
5072,1013285,31860
5073,997961,34680
5074,1076623,20640
5075,996829,34890
5076,1151268,8235
5077,883565,57210
5078,1105954,15666
5079,1192297,1755
5080,817262,71645
5081,1041768,26730
5082,1066755,22344
5083,1043966,26340
5084,1090677,18240
5085,936818,46380
5086,698020,100830
5087,1053146,24720
5088,1066201,22440
5089,863737,61410
5090,623036,121860
5091,1056052,24210
5092,1116619,13890
5093,921454,49440
5094,915201,50700
5095,1005757,33240
5096,1022062,30264
5097,710925,97440
5098,1012957,31920
5099,941894,45380
5100,792751,77280
5101,857737,62700
5102,1095337,17451
5103,709543,97800
5104,1044135,26310
5105,1114268,14280
5106,951512,43500
5107,481104,169700
5108,634795,118400
5109,970204,39900
5110,1063733,22869
5111,960734,41715
5112,1065908,22491
5113,873368,59358
5114,768954,82920
5115,643464,115890
5116,746718,88350
5117,1066374,22410
5118,1200151,540
5119,435239,188240
5120,843807,65730
5121,974712,39042
5122,999256,34440
5123,1135789,10740
5124,1149124,8580
5125,685127,104280
5126,861639,61860
5127,1090535,18264
5128,810686,73140
5129,1134501,10950
5130,895244,54780
5131,824738,69960
5132,951975,43410
5133,1023355,30030
5134,803360,74820
5135,696099,101340
5136,498007,163310
5137,603355,127800
5138,799332,75750
5139,861919,61800
5140,805577,74310
5141,949662,43860
5142,600655,128630
5143,997152,34830
5144,861779,61830
5145,568351,138860
5146,617839,123410
5147,697794,100890
5148,724069,94050
5149,1109474,15078
5150,965183,40860
5151,1027012,29370
5152,621724,122250
5153,1033442,28215
5154,473137,172790
5155,919067,49920
5156,675203,106980
5157,1048886,25470
5158,807407,73890
5159,1013450,31830
5160,1010660,32340
5161,1027511,29280
5162,907077,52350
5163,1064820,22680
5164,951820,43440
5165,891334,55590
5166,1063733,22869
5167,393109,207080
5168,678616,106047
5169,674110,107280
5170,936362,46470
5171,991832,35820
5172,1190944,1965
5173,1013285,31860
5174,947387,44304
5175,832124,68310
5176,774835,81510
5177,824604,69990
5178,1178633,3888
5179,974712,39042
5180,711156,97380
5181,990916,35991
5182,863877,61380
5183,847921,64830
5184,732926,91800
5185,1080540,19968
5186,725957,93568
5187,823936,70140
5188,1194638,1392
5189,1032353,28410
5190,1024850,29760
5191,1044305,26280
5192,938794,45990
5193,337544,235280
5194,1030013,28830
5195,962527,41370
5196,1202332,204
5197,1188302,2376
5198,919067,49920
5199,1080540,19968
5200,1010988,32280
5201,907077,52350
5202,960189,41820
5203,1197760,909
5204,1044305,26280
5205,709543,97800
5206,1182767,3240
5207,1080540,19968
5208,680257,105600
5209,1098841,16860
5210,838081,66990
5211,947387,44304
5212,816622,71790
5213,595419,130250
5214,1114449,14250
5215,1021863,30300
5216,899900,53820
5217,1190944,1965
5218,658875,111510
5219,1119519,13410
5220,1125743,12384
5221,983506,37380
5222,917281,50280
5223,960656,41730
5224,595130,130340
5225,712540,97020
5226,972934,39380
5227,845587,65340
5228,1150839,8304
5229,686795,103830
5230,686684,103860
5231,1027511,29280
5232,554247,143510
5233,1020704,30510
5234,813451,72510
5235,945055,44760
5236,635206,118280
5237,769453,82800
5238,1033442,28215
5239,949508,43890
5240,919216,49890
5241,679045,105930
5242,1176495,4224
5243,623373,121760
5244,998932,34500
5245,885860,56730
5246,822468,70470
5247,556498,142760
5248,932273,47280
5249,568351,138860
5250,999775,34344
5251,1013532,31815
5252,1010988,32280
5253,1170521,5166
5254,389556,208760
5255,879563,58050
5256,919514,49830
5257,877996,58380
5258,1064820,22680
5259,809242,73470
5260,709198,97890
5261,666971,109250
5262,1029846,28860
5263,1018225,30960
5264,984862,37125
5265,1034917,27951
5266,1119519,13410
5267,809417,73430
5268,965183,40860
5269,919365,49860
5270,1005757,33240
5271,514502,157280
5272,919216,49890
5273,975882,38820
5274,754873,86340
5275,773079,81930
5276,909286,51900
5277,845861,65280
5278,1006083,33180
5279,983506,37380
5280,988894,36369
5281,620214,122700
5282,936666,46410
5283,938946,45960
5284,934239,46890
5285,1029846,28860
5286,1080995,19890
5287,1039238,27180
5288,890179,55830
5289,947202,44340
5290,893142,55215
5291,877569,58470
5292,1175313,4410
5293,1018060,30990
5294,489998,166310
5295,1036563,27657
5296,932121,47310
5297,1146333,9030
5298,1013450,31830
5299,875580,58890
5300,841485,66240
5301,1013450,31830
5302,899609,53880
5303,1130132,11664
5304,776093,81210
5305,1048478,25542
5306,847783,64860
5307,1175313,4410
5308,1111814,14688
5309,898297,54150
5310,1119519,13410
5311,900338,53730
5312,1027345,29310
5313,1030013,28830
5314,892346,55380
5315,938946,45960
5316,1015752,31410
5317,848058,64800
5318,744543,88890
5319,1090535,18264
5320,1050622,25164
5321,669210,108630
5322,869215,60240
5323,770576,82530
5324,843670,65760
5325,661337,110820
5326,871473,59760
5327,1078580,20304
5328,1134869,10890
5329,796616,76380
5330,1096350,17280
5331,1072616,21330
5332,1093598,17745
5333,1034917,27951
5334,1141900,9747
5335,1078580,20304
5336,1023920,29928
5337,1104198,15960
5338,823001,70350
5339,1172971,4779
5340,1130352,11628
5341,838217,66960
5342,1015917,31380
5343,763736,84180
5344,1041600,26760
5345,875864,58830
5346,773079,81930
5347,1015752,31410
5348,1015588,31440
5349,811607,72930
5350,861220,61950
5351,930008,47730
5352,917281,50280
5353,997314,34800
5354,707552,98320
5355,1046678,25860
5356,1161485,6600
5357,906783,52410
5358,978893,38250
5359,965183,40860
5360,732332,91950
5361,1043797,26370
5362,1058452,23790
5363,845587,65340
5364,863597,61440
5365,986876,36747
5366,780129,80250
5367,1074809,20952
5368,986700,36780
5369,947202,44340
5370,936818,46380
5371,614941,124280
5372,483293,168860
5373,926097,48510
5374,845861,65280
5375,1160883,6696
5376,987500,36630
5377,702561,99630
5378,725596,93660
5379,742614,89370
5380,366876,219860
5381,769328,82830
5382,1156150,7452
5383,1025182,29700
5384,915053,50730
5385,1034917,27951
5386,828221,69180
5387,675751,106830
5388,938946,45960
5389,836046,67440
5390,783551,79440
5391,551469,144440
5392,1158514,7074
5393,823936,70140
5394,938946,45960
5395,569734,138410
5396,863457,61470
5397,976705,38664
5398,1043966,26340
5399,672363,107760
5400,1022792,30132
5401,999580,34380
5402,1129729,11730
5403,1046678,25860
5404,871473,59760
5405,938794,45990
5406,1106348,15600
5407,1033442,28215
5408,954138,42990
5409,996991,34860
5410,792751,77280
5411,822868,70380
5412,754751,86370
5413,1029345,28950
5414,850123,64350
5415,574557,136850
5416,685238,104250
5417,794552,76860
5418,929858,47760
5419,1015917,31380
5420,1163596,6264
5421,1080540,19968
5422,724421,93960
5423,907077,52350
5424,895970,54630
5425,974712,39042
5426,863737,61410
5427,916983,50340
5428,1012694,31968
5429,630872,119547
5430,1012464,32010
5431,1034917,27951
5432,1013121,31890
5433,932424,47250
5434,749386,87690
5435,677177,106440
5436,925496,48630
5437,1027345,29310
5438,834421,67800
5439,845861,65280
5440,919514,49830
5441,1189594,2175
5442,754873,86340
5443,899754,53850
5444,616339,123860
5445,767584,83250
5446,980958,37860
5447,691151,102660
5448,547549,145760
5449,1165711,5928
5450,904581,52860
5451,694408,101790
5452,1146575,8991
5453,904801,52815
5454,616439,123830
5455,696325,101280
5456,1048478,25542
5457,652180,113400
5458,1116981,13830
5459,972723,39420
5460,836181,67410
5461,666755,109310
5462,942912,45180
5463,1159284,6951
5464,689920,102990
5465,773187,81904
5466,686684,103860
5467,976357,38730
5468,1053146,24720
5469,729015,92790
5470,1078580,20304
5471,686907,103800
5472,994730,35280
5473,859825,62250
5474,831855,68370
5475,987340,36660
5476,845861,65280
5477,849710,64440
5478,559302,141830
5479,1044305,26280
5480,1088222,18657
5481,904581,52860
5482,841894,66150
5483,881419,57660
5484,1189594,2175
5485,1027511,29280
5486,767460,83280
5487,1041600,26760
5488,1086618,18930
5489,949816,43830
5490,771076,82410
5491,865840,60960
5492,934542,46830
5493,1046678,25860
5494,831989,68340
5495,560663,141380
5496,1050622,25164
5497,783805,79380
5498,1119519,13410
5499,541458,147830
5500,1093598,17745
5501,925946,48540
5502,917132,50310
5503,1053146,24720
5504,1046610,25872
5505,1083979,19380
5506,492387,165410
5507,849847,64410
5508,976041,38790
5509,807800,73800
5510,922450,49240
5511,929858,47760
5512,1034917,27951
5513,841894,66150
5514,1093598,17745
5515,1102624,16224
5516,988894,36369
5517,945361,44700
5518,1025780,29592
5519,1093598,17745
5520,1064820,22680
5521,1080540,19968
5522,936666,46410
5523,652498,113310
5524,602964,127920
5525,831989,68340
5526,825005,69900
5527,1034917,27951
5528,677543,106340
5529,999256,34440
5530,1050315,25218
5531,936818,46380
5532,1110301,14940
5533,929858,47760
5534,1048478,25542
5535,849985,64380
5536,1090677,18240
5537,1024983,29736
5538,877712,58440
5539,756834,85860
5540,974712,39042
5541,788649,78240
5542,911352,51480
5543,1030013,28830
5544,1165711,5928
5545,887729,56340
5546,620013,122760
5547,882134,57510
5548,765347,83790
5549,853852,63540
5550,892201,55410
5551,917444,50247
5552,1024683,29790
5553,766100,83608
5554,962699,41337
5555,825942,69690
5556,865840,60960
5557,949662,43860
5558,843397,65820
5559,1061201,23310
5560,893939,55050
5561,531285,151340
5562,972723,39420
5563,785714,78930
5564,820071,71010
5565,552274,144170
5566,456856,179270
5567,426508,191990
5568,845861,65280
5569,1074531,21000
5570,910909,51570
5571,949816,43830
5572,867386,60630
5573,934239,46890
5574,900046,53790
5575,778361,80670
5576,845587,65340
5577,1090677,18240
5578,763736,84180
5579,1129912,11700
5580,567062,139280
5581,1024983,29736
5582,463796,176480
5583,980958,37860
5584,1023355,30030
5585,1027678,29250
5586,908107,52140
5587,667801,109020
5588,568443,138830
5589,794810,76800
5590,994247,35370
5591,1027345,29310
5592,909138,51930
5593,1182767,3240
5594,1064820,22680
5595,1111814,14688
5596,563915,140310
5597,754873,86340
5598,784823,79140
5599,792622,77310
5600,863877,61380
5601,863737,61410
5602,863597,61440
5603,707820,98250
5604,1015752,31410
5605,811607,72930
5606,976515,38700
5607,770951,82440
5608,871614,59730
5609,657488,111900
5610,1093598,17745
5611,882134,57510
5612,646391,115050
5613,1143642,9465
5614,929858,47760
5615,984862,37125
5616,503690,161210
5617,845861,65280
5618,798426,75960
5619,837809,67050
5620,562028,140930
5621,499138,162890
5622,883422,57240
5623,323507,243140
5624,857598,62730
5625,861639,61860
5626,1177773,4023
5627,1170521,5166
5628,593556,130830
5629,1063733,22869
5630,1038985,27225
5631,925346,48660
5632,1119519,13410
5633,934239,46890
5634,716696,95944
5635,692834,102210
5636,1088381,18630
5637,1030013,28830
5638,836317,67380
5639,954138,42990
5640,976705,38664
5641,915201,50700
5642,841485,66240
5643,983506,37380
5644,1077007,20574
5645,975882,38820
5646,1166580,5790
5647,836046,67440
5648,999742,34350
5649,794810,76800
5650,1157444,7245
5651,753040,86790
5652,739370,90180
5653,926727,48384
5654,690032,102960
5655,962839,41310
5656,934088,46920
5657,802318,75060
5658,672581,107700
5659,883708,57180
5660,882134,57510
5661,830372,68700
5662,753162,86760
5663,1034917,27951
5664,1059035,23688
5665,1049056,25440
5666,974712,39042
5667,960501,41760
5668,534135,150350
5669,962699,41337
5670,1092677,17901
5671,1188302,2376
5672,855654,63150
5673,551558,144410
5674,861779,61830
5675,35789,650547
5676,938794,45990
5677,763365,84270
5678,1105954,15666
5679,936514,46440
5680,1064820,22680
5681,1014534,31632
5682,1083100,19530
5683,783179,79528
5684,949816,43830
5685,921753,49380
5686,1121881,13020
5687,861500,61890
5688,1044135,26310
5689,754996,86310
5690,1013532,31815
5691,1059396,23625
5692,1029679,28890
5693,890179,55830
5694,997961,34680
5695,685053,104300
5696,871756,59700
5697,999094,34470
5698,1196945,1035
5699,921603,49410
5700,1176914,4158
5701,1015588,31440
5702,882134,57510
5703,1043966,26340
5704,665136,109760
5705,921454,49440
5706,951975,43410
5707,783678,79410
5708,830103,68760
5709,843944,65700
5710,997961,34680
5711,887585,56370
5712,1167224,5688
5713,756711,85890
5714,670513,108270
5715,967377,40440
5716,729252,92730
5717,1104628,15888
5718,975882,38820
5719,1010857,32304
5720,1141900,9747
5721,897424,54330
5722,1027511,29280
5723,824738,69960
5724,1176914,4158
5725,1110301,14940
5726,604726,127380
5727,988814,36384
5728,966906,40530
5729,1176914,4158
5730,771326,82350
5731,1013285,31860
5732,974712,39042
5733,790697,77760
5734,765720,83700
5735,548882,145310
5736,843807,65730
5737,742493,89400
5738,752796,86850
5739,611330,125370
5740,742975,89280
5741,1078580,20304
5742,919365,49860
5743,798426,75960
5744,617839,123410
5745,932273,47280
5746,1023355,30030
5747,931819,47370
5748,1113907,14340
5749,1163596,6264
5750,1202332,204
5751,951975,43410
5752,902676,53250
5753,577062,136045
5754,1139570,10125
5755,1079209,20196
5756,875580,58890
5757,1090535,18264
5758,761511,84720
5759,1163370,6300
5760,1048478,25542
5761,1106635,15552
5762,783805,79380
5763,451701,181370
5764,1032353,28410
5765,1102660,16218
5766,677543,106340
5767,965183,40860
5768,812792,72660
5769,548615,145400
5770,721023,94830
5771,1008533,32730
5772,834015,67890
5773,1015143,31521
5774,711040,97410
5775,1105954,15666
5776,949508,43890
5777,902530,53280
5778,892346,55380
5779,1033442,28215
5780,887873,56310
5781,1134501,10950
5782,834285,67830
5783,1066755,22344
5784,1103125,16140
5785,1156150,7452
5786,1029512,28920
5787,859686,62280
5788,917281,50280
5789,355306,225790
5790,1186993,2580
5791,1076623,20640
5792,1089440,18450
5793,763612,84210
5794,1043797,26370
5795,852055,63930
5796,820869,70830
5797,847783,64860
5798,696325,101280
5799,830305,68715
5800,936666,46410
5801,1023355,30030
5802,1057594,23940
5803,894664,54900
5804,631886,119250
5805,1046508,25890
5806,936818,46380
5807,753284,86730
5808,914905,50760
5809,1027012,29370
5810,1033274,28245
5811,1048478,25542
5812,999742,34350
5813,1142345,9675
5814,940622,45630
5815,974712,39042
5816,748536,87900
5817,577640,135860
5818,934391,46860
5819,1129363,11790
5820,828221,69180
5821,769328,82830
5822,960734,41715
5823,1133435,11124
5824,859825,62250
5825,834285,67830
5826,865840,60960
5827,1092517,17928
5828,866964,60720
5829,732570,91890
5830,1064820,22680
5831,1033442,28215
5832,1061562,23247
5833,1057594,23940
5834,986060,36900
5835,772953,81960
5836,1078580,20304
5837,675751,106830
5838,607510,126530
5839,561270,141180
5840,456856,179270
5841,999580,34380
5842,919320,49869
5843,613547,124700
5844,640653,116700
5845,973512,39270
5846,1175313,4410
5847,1122572,12906
5848,450823,181730
5849,617939,123380
5850,1135789,10740
5851,845587,65340
5852,877854,58410
5853,845724,65310
5854,1056223,24180
5855,1078580,20304
5856,737455,90660
5857,674000,107310
5858,906342,52500
5859,482197,169280
5860,923997,48930
5861,1018225,30960
5862,1148752,8640
5863,1063733,22869
5864,909138,51930
5865,902676,53250
5866,1181426,3450
5867,1015917,31380
5868,848058,64800
5869,446821,183380
5870,1178518,3906
5871,763736,84180
5872,626513,120830
5873,873368,59358
5874,1046678,25860
5875,926998,48330
5876,826880,69480
5877,1175313,4410
5878,1078580,20304
5879,943065,45150
5880,950833,43632
5881,1023355,30030
5882,1075925,20760
5883,1157444,7245
5884,499300,162830
5885,677872,106250
5886,1099197,16800
5887,1029679,28890
5888,825059,69888
5889,1050622,25164
5890,1023355,30030
5891,1134685,10920
5892,1190944,1965
5893,903994,52980
5894,997961,34680
5895,616139,123920
5896,933937,46950
5897,861360,61920
5898,1024850,29760
5899,919663,49800
5900,1121699,13050
5901,1041768,26730
5902,835910,67470
5903,892346,55380
5904,960734,41715
5905,1049056,25440
5906,853161,63690
5907,830103,68760
5908,861919,61800
5909,1090535,18264
5910,996991,34860
5911,730909,92310
5912,976357,38730
5913,873312,59370
5914,902384,53310
5915,834285,67830
5916,756957,85830
5917,1092517,17928
5918,1111238,14784
5919,994408,35340
5920,748415,87930
5921,825005,69900
5922,512725,157920
5923,1003477,33660
5924,851640,64020
5925,1013614,31800
5926,1127826,12042
5927,875722,58860
5928,962699,41337
5929,672363,107760
5930,873595,59310
5931,1015143,31521
5932,972723,39420
5933,725831,93600
5934,1095337,17451
5935,929707,47790
5936,925046,48720
5937,742734,89340
5938,1046338,25920
5939,1066374,22410
5940,1077007,20574
5941,1116438,13920
5942,851917,63960
5943,1182920,3216
5944,1182767,3240
5945,709313,97860
5946,949816,43830
5947,962683,41340
5948,728779,92850
5949,843670,65760
5950,936666,46410
5951,1064820,22680
5952,845861,65280
5953,781142,80010
5954,1192297,1755
5955,807669,73830
5956,834285,67830
5957,1027178,29340
5958,831855,68370
5959,1012694,31968
5960,1038901,27240
5961,852055,63930
5962,952777,43254
5963,1022692,30150
5964,781775,79860
5965,1145033,9240
5966,934391,46860
5967,890179,55830
5968,744905,88800
5969,799981,75600
5970,1034699,27990
5971,1121045,13158
5972,719039,95340
5973,771076,82410
5974,836317,67380
5975,849985,64380
5976,907077,52350
5977,1093598,17745
5978,980640,37920
5979,936818,46380
5980,773204,81900
5981,1111652,14715
5982,840394,66480
5983,1092517,17928
5984,843533,65790
5985,1008369,32760
5986,767460,83280
5987,843260,65850
5988,1010857,32304
5989,508779,159350
5990,693396,102060
5991,1029679,28890
5992,1008533,32730
5993,916983,50340
5994,962995,41280
5995,1092517,17928
5996,942912,45180
5997,748294,87960
5998,939114,45927
5999,1119156,13470
6000,1027511,29280
6001,1003314,33690
6002,695986,101370
6003,552901,143960
6004,999742,34350
6005,747445,88170
6006,1001592,34008
6007,1175313,4410
6008,849572,64470
6009,1002014,33930
6010,945361,44700
6011,999775,34344
6012,873595,59310
6013,757079,85800
6014,1193554,1560
6015,921454,49440
6016,1083100,19530
6017,1105954,15666
6018,1141900,9747
6019,1024850,29760
6020,1165711,5928
6021,794552,76860
6022,938794,45990
6023,807538,73860
6024,805707,74280
6025,587176,132830
6026,699833,100350
6027,1126711,12225
6028,657048,112024
6029,1046678,25860
6030,1149124,8580
6031,1103303,16110
6032,904288,52920
6033,1048478,25542
6034,962995,41280
6035,930159,47700
6036,645030,115440
6037,999094,34470
6038,1044135,26310
6039,962699,41337
6040,560572,141410
6041,1020208,30600
6042,936362,46470
6043,781522,79920
6044,921753,49380
6045,1131892,11376
6046,974712,39042
6047,1052770,24786
6048,559211,141860
6049,921305,49470
6050,761511,84720
6051,974712,39042
6052,1134869,10890
6053,1044305,26280
6054,988894,36369
6055,688579,103350
6056,1093598,17745
6057,1132296,11310
6058,1099197,16800
6059,861779,61830
6060,777982,80760
6061,1104198,15960
6062,822868,70380
6063,380156,213280
6064,678616,106047
6065,873312,59370
6066,863737,61410
6067,836181,67410
6068,585465,133370
6069,896842,54450
6070,999191,34452
6071,717525,95730
6072,1012694,31968
6073,709543,97800
6074,1131929,11370
6075,1010857,32304
6076,1186993,2580
6077,551647,144380
6078,1157444,7245
6079,1012694,31968
6080,954138,42990
6081,1093598,17745
6082,816754,71760
6083,787499,78510
6084,873595,59310
6085,1077007,20574
6086,736499,90900
6087,921603,49410
6088,1027345,29310
6089,626513,120830
6090,936362,46470
6091,1001851,33960
6092,660158,111150
6093,753162,86760
6094,841348,66270
6095,697907,100860
6096,715202,96330
6097,898151,54180
6098,892491,55350
6099,732926,91800
6100,1020043,30630
6101,619143,123020
6102,877854,58410
6103,994569,35310
6104,1044305,26280
6105,798296,75990
6106,564006,140280
6107,560754,141350
6108,623097,121842
6109,925346,48660
6110,1145219,9210
6111,1032019,28470
6112,885573,56790
6113,1099019,16830
6114,1003152,33720
6115,732688,91860
6116,1110301,14940
6117,736261,90960
6118,1196945,1035
6119,986876,36747
6120,962699,41337
6121,1027012,29370
6122,668487,108830
6123,1074809,20952
6124,873736,59280
6125,1167224,5688
6126,746718,88350
6127,916983,50340
6128,813715,72450
6129,501084,162170
6130,906930,52380
6131,976199,38760
6132,803620,74760
6133,934391,46860
6134,847509,64920
6135,925946,48540
6136,925496,48630
6137,785586,78960
6138,898151,54180
6139,1132480,11280
6140,841485,66240
6141,822601,70440
6142,921902,49350
6143,1108682,15210
6144,1072703,21315
6145,1116673,13881
6146,917132,50310
6147,962699,41337
6148,847921,64830
6149,1105954,15666
6150,843533,65790
6151,697794,100890
6152,1027345,29310
6153,949662,43860
6154,1092517,17928
6155,461546,177380
6156,1032353,28410
6157,1078580,20304
6158,1152931,7968
6159,934239,46890
6160,1083100,19530
6161,990868,36000
6162,1009023,32640
6163,592114,131280
6164,816754,71760
6165,894968,54837
6166,912682,51210
6167,1041431,26790
6168,1188302,2376
6169,934542,46830
6170,972723,39420
6171,1032353,28410
6172,1018060,30990
6173,871614,59730
6174,893214,55200
6175,1074809,20952
6176,1107712,15372
6177,1013450,31830
6178,1168985,5409
6179,1090535,18264
6180,869638,60150
6181,547549,145760
6182,889602,55950
6183,997152,34830
6184,767584,83250
6185,780003,80280
6186,922949,49140
6187,843670,65760
6188,795841,76560
6189,652286,113370
6190,801798,75180
6191,484548,168380
6192,723732,94136
6193,554756,143340
6194,968444,40236
6195,1111814,14688
6196,756466,85950
6197,893504,55140
6198,1033274,28245
6199,1040250,27000
6200,921753,49380
6201,1080540,19968
6202,730909,92310
6203,863597,61440
6204,697907,100860
6205,830103,68760
6206,1104198,15960
6207,1193554,1560
6208,1194638,1392
6209,1088557,18600
6210,942912,45180
6211,1083100,19530
6212,742734,89340
6213,1186993,2580
6214,910613,51630
6215,863877,61380
6216,890034,55860
6217,826210,69630
6218,863737,61410
6219,945055,44760
6220,1159284,6951
6221,902384,53310
6222,997961,34680
6223,601824,128270
6224,849985,64380
6225,843807,65730
6226,1027511,29280
6227,1083188,19515
6228,1155475,7560
6229,1048478,25542
6230,665136,109760
6231,1027178,29340
6232,820869,70830
6233,1002014,33930
6234,737216,90720
6235,1081416,19818
6236,477426,171120
6237,771326,82350
6238,861639,61860
6239,934542,46830
6240,1076623,20640
6241,613017,124860
6242,547638,145730
6243,777856,80790
6244,680956,105410
6245,1044305,26280
6246,761634,84690
6247,1010824,32310
6248,770701,82500
6249,672472,107730
6250,696099,101340
6251,958479,42150
6252,925046,48720
6253,1015143,31521
6254,809373,73440
6255,997961,34680
6256,528536,152300
6257,863737,61410
6258,1005594,33270
6259,406195,201020
6260,763860,84150
6261,1015917,31380
6262,1050622,25164
6263,1135789,10740
6264,919663,49800
6265,980799,37890
6266,861500,61890
6267,503609,161240
6268,541458,147830
6269,906636,52440
6270,976199,38760
6271,20966,749500
6272,1008369,32760
6273,824604,69990
6274,1053146,24720
6275,1129546,11760
6276,954602,42900
6277,1088222,18657
6278,1200540,480
6279,1015917,31380
6280,988814,36384
6281,973512,39270
6282,826880,69480
6283,1027511,29280
6284,986876,36747
6285,837266,67170
6286,1063612,22890
6287,904727,52830
6288,927298,48270
6289,911352,51480
6290,1062406,23100
6291,929858,47760
6292,550218,144860
6293,1048478,25542
6294,790697,77760
6295,1167224,5688
6296,835910,67470
6297,930008,47730
6298,509935,158930
6299,821002,70800
6300,1039070,27210
6301,619343,122960
6302,962699,41337
6303,613249,124790
6304,1144940,9255
6305,936666,46410
6306,695986,101370
6307,962699,41337
6308,851640,64020
6309,807538,73860
6310,904727,52830
6311,1020043,30630
6312,938946,45960
6313,986876,36747
6314,974712,39042
6315,854822,63330
6316,936514,46440
6317,996991,34860
6318,1033274,28245
6319,986876,36747
6320,775967,81240
6321,978576,38310
6322,1134501,10950
6323,756466,85950
6324,517010,156380
6325,1044135,26310
6326,863597,61440
6327,1092677,17901
6328,1063612,22890
6329,1083100,19530
6330,875580,58890
6331,1163596,6264
6332,1001040,34110
6333,902676,53250
6334,1046678,25860
6335,677177,106440
6336,771326,82350
6337,980799,37890
6338,1029846,28860
6339,1113329,14436
6340,1037672,27459
6341,680478,105540
6342,830103,68760
6343,919365,49860
6344,1013450,31830
6345,690405,102860
6346,500516,162380
6347,1008042,32820
6348,983665,37350
6349,1145033,9240
6350,1013121,31890
6351,1013532,31815
6352,533961,150410
6353,834421,67800
6354,994730,35280
6355,1023355,30030
6356,1132296,11310
6357,1059035,23688
6358,1030013,28830
6359,1150168,8412
6360,659837,111240
6361,1013450,31830
6362,1090535,18264
6363,949816,43830
6364,1066547,22380
6365,822868,70380
6366,1183745,3087
6367,742734,89340
6368,919365,49860
6369,1008206,32790
6370,1029846,28860
6371,873736,59280
6372,1197818,900
6373,672727,107660
6374,944749,44820
6375,847646,64890
6376,1033274,28245
6377,881562,57630
6378,445736,183830
6379,1203073,90
6380,1058623,23760
6381,752796,86850
6382,936818,46380
6383,1006083,33180
6384,1121045,13158
6385,988894,36369
6386,1086001,19035
6387,902091,53370
6388,919514,49830
6389,1012957,31920
6390,1002014,33930
6391,941080,45540
6392,1130132,11664
6393,473214,172760
6394,921753,49380
6395,1078580,20304
6396,1046338,25920
6397,883937,57132
6398,955531,42720
6399,773204,81900
6400,420603,194570
6401,1173314,4725
6402,916983,50340
6403,1046338,25920
6404,758800,85380
6405,1102660,16218
6406,769203,82860
6407,949816,43830
6408,1029846,28860
6409,923847,48960
6410,717176,95820
6411,947663,44250
6412,1080540,19968
6413,772828,81990
6414,850123,64350
6415,1048886,25470
6416,949816,43830
6417,861779,61830
6418,932273,47280
6419,850123,64350
6420,755118,86280
6421,1014534,31632
6422,1046508,25890
6423,794552,76860
6424,932121,47310
6425,1195219,1302
6426,830305,68715
6427,891912,55470
6428,900338,53730
6429,803751,74730
6430,932424,47250
6431,657275,111960
6432,679816,105720
6433,1157444,7245
6434,1003802,33600
6435,684905,104340
6436,1043797,26370
6437,559392,141800
6438,873595,59310
6439,1034917,27951
6440,1186993,2580
6441,779623,80370
6442,1165635,5940
6443,1078580,20304
6444,885429,56820
6445,754996,86310
6446,783678,79410
6447,540201,148260
6448,610142,125730
6449,1153417,7890
6450,991993,35790
6451,1015752,31410
6452,930008,47730
6453,863877,61380
6454,887873,56310
6455,1109474,15078
6456,923847,48960
6457,614941,124280
6458,765720,83700
6459,857737,62700
6460,1032353,28410
6461,921603,49410
6462,769203,82860
6463,973828,39210
6464,934391,46860
6465,1168663,5460
6466,957624,42315
6467,816490,71820
6468,1172971,4779
6469,945208,44730
6470,1023355,30030
6471,777982,80760
6472,1055881,24240
6473,1170521,5166
6474,1078580,20304
6475,1027511,29280
6476,1092517,17928
6477,964871,40920
6478,1105954,15666
6479,927449,48240
6480,607707,126470
6481,788905,78180
6482,976705,38664
6483,656033,112310
6484,623474,121730
6485,857598,62730
6486,568351,138860
6487,1027345,29310
6488,1032019,28470
6489,974712,39042
6490,1023355,30030
6491,1048478,25542
6492,822735,70410
6493,608364,126270
6494,875580,58890
6495,744422,88920
6496,689249,103170
6497,1066755,22344
6498,917430,50250
6499,827014,69450
6500,994892,35250
6501,765347,83790
6502,1027511,29280
6503,934694,46800
6504,1021863,30300
6505,1032353,28410
6506,805577,74310
6507,1029512,28920
6508,1024850,29760
6509,1116673,13881
6510,881419,57660
6511,965183,40860
6512,666503,109380
6513,947202,44340
6514,1192007,1800
6515,756957,85830
6516,1046508,25890
6517,565593,139760
6518,1121045,13158
6519,803751,74730
6520,1001851,33960
6521,754629,86400
6522,919663,49800
6523,642005,116310
6524,926097,48510
6525,721023,94830
6526,1035555,27837
6527,1104198,15960
6528,507543,159800
6529,861779,61830
6530,822868,70380
6531,857459,62760
6532,863877,61380
6533,1013532,31815
6534,1064820,22680
6535,1039794,27081
6536,730909,92310
6537,1098663,16890
6538,936514,46440
6539,1037672,27459
6540,1156525,7392
6541,916983,50340
6542,949662,43860
6543,805707,74280
6544,921603,49410
6545,921454,49440
6546,1195219,1302
6547,935300,46680
6548,958479,42150
6549,1013532,31815
6550,919514,49830
6551,1050622,25164
6552,936818,46380
6553,976705,38664
6554,926727,48384
6555,1126711,12225
6556,1158514,7074
6557,1181866,3381
6558,1023920,29928
6559,617939,123380
6560,976705,38664
6561,1048478,25542
6562,962699,41337
6563,690927,102720
6564,1024850,29760
6565,807407,73890
6566,731027,92280
6567,559030,141920
6568,1186685,2628
6569,820869,70830
6570,1078580,20304
6571,818876,71280
6572,1024850,29760
6573,936818,46380
6574,617839,123410
6575,15841,801370
6576,1057594,23940
6577,1132480,11280
6578,999775,34344
6579,793522,77100
6580,986876,36747
6581,951975,43410
6582,880134,57930
6583,482041,169340
6584,968444,40236
6585,962995,41280
6586,475598,171830
6587,1170578,5157
6588,1048886,25470
6589,1172971,4779
6590,548882,145310
6591,1022195,30240
6592,994569,35310
6593,890034,55860
6594,994730,35280
6595,1148156,8736
6596,833880,67920
6597,934391,46860
6598,1044305,26280
6599,794681,76830
6600,764711,83944
6601,895970,54630
6602,949508,43890
6603,1121045,13158
6604,1027178,29340
6605,1076623,20640
6606,980958,37860
6607,1186685,2628
6608,765471,83760
6609,984862,37125
6610,986876,36747
6611,1104198,15960
6612,739131,90240
6613,1078580,20304
6614,1046678,25860
6615,1033274,28245
6616,758923,85350
6617,938794,45990
6618,716696,95944
6619,531371,151310
6620,606427,126860
6621,1027178,29340
6622,731027,92280
6623,999256,34440
6624,1105954,15666
6625,1029345,28950
6626,986876,36747
6627,987020,36720
6628,951820,43440
6629,865139,61110
6630,847921,64830
6631,542776,147380
6632,1119519,13410
6633,1157444,7245
6634,1013450,31830
6635,819008,71250
6636,882134,57510
6637,904581,52860
6638,1153791,7830
6639,915078,50725
6640,1050622,25164
6641,782029,79800
6642,1043797,26370
6643,986876,36747
6644,1049056,25440
6645,929707,47790
6646,1033274,28245
6647,949662,43860
6648,756711,85890
6649,923698,48990
6650,1015917,31380
6651,1090500,18270
6652,1165635,5940
6653,1033274,28245
6654,923698,48990
6655,676226,106700
6656,915053,50730
6657,518185,155960
6658,1183745,3087
6659,1064820,22680
6660,1134869,10890
6661,1093598,17745
6662,919514,49830
6663,936666,46410
6664,663162,110310
6665,1155475,7560
6666,904288,52920
6667,659232,111410
6668,919514,49830
6669,827953,69240
6670,859686,62280
6671,949355,43920
6672,1013450,31830
6673,1137079,10530
6674,947356,44310
6675,981276,37800
6676,949816,43830
6677,1170521,5166
6678,1134685,10920
6679,908696,52020
6680,709313,97860
6681,932424,47250
6682,1008696,32700
6683,606624,126800
6684,607904,126410
6685,916538,50430
6686,783805,79380
6687,541546,147800
6688,1144235,9369
6689,934542,46830
6690,1015917,31380
6691,947202,44340
6692,834285,67830
6693,932273,47280
6694,1015917,31380
6695,1132112,11340
6696,748415,87930
6697,1182767,3240
6698,779371,80430
6699,731027,92280
6700,1200151,540
6701,768829,82950
6702,818743,71310
6703,1136157,10680
6704,1063733,22869
6705,597902,129480
6706,1044135,26310
6707,606591,126810
6708,931970,47340
6709,848058,64800
6710,799851,75630
6711,948893,44010
6712,857737,62700
6713,1176914,4158
6714,937729,46200
6715,592242,131240
6716,843944,65700
6717,923847,48960
6718,849985,64380
6719,1190944,1965
6720,1143642,9465
6721,1111814,14688
6722,794681,76830
6723,973670,39240
6724,1161128,6657
6725,1048478,25542
6726,885716,56760
6727,915053,50730
6728,892346,55380
6729,1051440,25020
6730,893142,55215
6731,947356,44310
6732,1181426,3450
6733,748415,87930
6734,814771,72210
6735,1061201,23310
6736,1023355,30030
6737,17860,779170
6738,650104,113990
6739,1170578,5157
6740,896115,54600
6741,934239,46890
6742,875864,58830
6743,824470,70020
6744,689137,103200
6745,949108,43968
6746,949816,43830
6747,843670,65760
6748,769328,82830
6749,586890,132920
6750,1029846,28860
6751,754996,86310
6752,550308,144830
6753,900338,53730
6754,1156150,7452
6755,820869,70830
6756,645135,115410
6757,912387,51270
6758,1146333,9030
6759,949662,43860
6760,925496,48630
6761,1078580,20304
6762,925046,48720
6763,614742,124340
6764,855376,63210
6765,1152931,7968
6766,934694,46800
6767,1012694,31968
6768,1150802,8310
6769,758185,85530
6770,865840,60960
6771,822868,70380
6772,1015752,31410
6773,1156150,7452
6774,836317,67380
6775,1013285,31860
6776,1010496,32370
6777,794681,76830
6778,1046338,25920
6779,1036714,27630
6780,1110301,14940
6781,811475,72960
6782,976199,38760
6783,863597,61440
6784,783805,79380
6785,709083,97920
6786,1063733,22869
6787,1095337,17451
6788,1194909,1350
6789,1104198,15960
6790,1066029,22470
6791,1165635,5940
6792,962699,41337
6793,925046,48720
6794,445519,183920
6795,1066547,22380
6796,992314,35730
6797,1074809,20952
6798,1172382,4872
6799,989904,36180
6800,949816,43830
6801,668379,108860
6802,1135421,10800
6803,1141900,9747
6804,971148,39720
6805,834421,67800
6806,1121045,13158
6807,1024850,29760
6808,891912,55470
6809,873453,59340
6810,930008,47730
6811,1024983,29736
6812,863877,61380
6813,810686,73140
6814,624992,121280
6815,866964,60720
6816,947663,44250
6817,618507,123210
6818,771076,82410
6819,949816,43830
6820,947202,44340
6821,906137,52542
6822,755241,86250
6823,1050622,25164
6824,1033274,28245
6825,569642,138440
6826,1146575,8991
6827,1066755,22344
6828,949508,43890
6829,1018225,30960
6830,727363,93210
6831,851779,63990
6832,1182767,3240
6833,972723,39420
6834,919514,49830
6835,624688,121370
6836,642109,116280
6837,953983,43020
6838,820736,70860
6839,676171,106715
6840,847921,64830
6841,1006083,33180
6842,938703,46008
6843,871261,59805
6844,1121045,13158
6845,404487,201800
6846,904727,52830
6847,1131892,11376
6848,626310,120890
6849,647160,114830
6850,988894,36369
6851,1079209,20196
6852,999418,34410
6853,1000877,34140
6854,1013121,31890
6855,607904,126410
6856,859825,62250
6857,820869,70830
6858,936666,46410
6859,1053146,24720
6860,1040250,27000
6861,542776,147380
6862,1092517,17928
6863,569734,138410
6864,480636,169880
6865,1176914,4158
6866,818876,71280
6867,1138222,10344
6868,977830,38451
6869,1063733,22869
6870,1066720,22350
6871,947049,44370
6872,988814,36384
6873,974712,39042
6874,1092517,17928
6875,875296,58950
6876,968946,40140
6877,1189594,2175
6878,915201,50700
6879,944749,44820
6880,1092517,17928
6881,912682,51210
6882,1119519,13410
6883,861779,61830
6884,1010496,32370
6885,838353,66930
6886,904581,52860
6887,556498,142760
6888,1178633,3888
6889,1069283,21906
6890,1032353,28410
6891,1104628,15888
6892,1111814,14688
6893,1178633,3888
6894,648736,114380
6895,847921,64830
6896,746355,88440
6897,1025016,29730
6898,446821,183380
6899,1063733,22869
6900,1141900,9747
6901,902384,53310
6902,1090535,18264
6903,1090535,18264
6904,1053146,24720
6905,360217,223250
6906,1181426,3450
6907,1090535,18264
6908,915201,50700
6909,986876,36747
6910,507378,159860
6911,820736,70860
6912,1095337,17451
6913,1010857,32304
6914,1077007,20574
6915,1150839,8304
6916,1043966,26340
6917,851779,63990
6918,1074809,20952
6919,997961,34680
6920,1010824,32310
6921,1089440,18450
6922,1181426,3450
6923,936818,46380
6924,918918,49950
6925,889890,55890
6926,1183745,3087
6927,1022062,30264
6928,1156150,7452
6929,843533,65790
6930,711156,97380
6931,1170521,5166
6932,1160883,6696
6933,919514,49830
6934,785714,78930
6935,919216,49890
6936,1125524,12420
6937,809504,73410
6938,960656,41730
6939,983506,37380
6940,1193554,1560
6941,1104628,15888
6942,1083100,19530
6943,892201,55410
6944,1107712,15372
6945,1059035,23688
6946,919514,49830
6947,689696,103050
6948,934391,46860
6949,1144235,9369
6950,925046,48720
6951,1102624,16224
6952,758677,85410
6953,1030013,28830
6954,863737,61410
6955,1141900,9747
6956,616239,123890
6957,1111814,14688
6958,957624,42315
6959,809767,73350
6960,1066755,22344
6961,947509,44280
6962,843807,65730
6963,1061562,23247
6964,1029679,28890
6965,1150839,8304
6966,1180181,3645
6967,1175313,4410
6968,545246,146540
6969,504835,160790
6970,935300,46680
6971,863737,61410
6972,823001,70350
6973,1132112,11340
6974,1190944,1965
6975,613116,124830
6976,957624,42315
6977,898006,54210
6978,1018225,30960
6979,794423,76890
6980,1041768,26730
6981,927449,48240
6982,921603,49410
6983,1010857,32304
6984,1003477,33660
6985,865840,60960
6986,1074531,21000
6987,983506,37380
6988,848058,64800
6989,997961,34680
6990,919365,49860
6991,772953,81960
6992,1036546,27660
6993,1063612,22890
6994,1032353,28410
6995,906137,52542
6996,999418,34410
6997,847646,64890
6998,980958,37860
6999,841485,66240
7000,807276,73920
7001,1156150,7452
7002,904874,52800
7003,1006083,33180
7004,1059396,23625
7005,950833,43632
7006,508614,159410
7007,966906,40530
7008,805577,74310
7009,859547,62310
7010,883937,57132
7011,518269,155930
7012,925346,48660
7013,796358,76440
7014,934239,46890
7015,1095337,17451
7016,1090677,18240
7017,1061562,23247
7018,934391,46860
7019,1093598,17745
7020,826496,69566
7021,927750,48180
7022,1155475,7560
7023,1110301,14940
7024,1146575,8991
7025,1116800,13860
7026,951975,43410
7027,892346,55380
7028,863737,61410
7029,1001689,33990
7030,755241,86250
7031,1092517,17928
7032,902676,53250
7033,401416,203210
7034,1081171,19860
7035,1176914,4158
7036,821002,70800
7037,1144235,9369
7038,859686,62280
7039,619243,122990
7040,1013532,31815
7041,934694,46800
7042,1114449,14250
7043,840667,66420
7044,904434,52890
7045,974712,39042
7046,567154,139250
7047,861639,61860
7048,1041768,26730
7049,1113365,14430
7050,1015752,31410
7051,841894,66150
7052,1046508,25890
7053,851917,63960
7054,1093598,17745
7055,1074809,20952
7056,612918,124890
7057,1018060,30990
7058,615417,124137
7059,945208,44730
7060,844108,65664
7061,988814,36384
7062,1163596,6264
7063,1108682,15210
7064,988814,36384
7065,940317,45690
7066,1066755,22344
7067,631476,119370
7068,736499,90900
7069,1041600,26760
7070,544098,146930
7071,999418,34410
7072,734472,91410
7073,1121045,13158
7074,976357,38730
7075,1074531,21000
7076,1010857,32304
7077,1050622,25164
7078,1163596,6264
7079,1034917,27951
7080,988814,36384
7081,1057594,23940
7082,916835,50370
7083,999775,34344
7084,1078580,20304
7085,852055,63930
7086,1150839,8304
7087,621825,122220
7088,1063733,22869
7089,1188302,2376
7090,921902,49350
7091,685016,104310
7092,909286,51900
7093,794810,76800
7094,906783,52410
7095,1056223,24180
7096,1186685,2628
7097,991832,35820
7098,1181426,3450
7099,560663,141380
7100,964667,40959
7101,976705,38664
7102,1130352,11628
7103,78435,505351
7104,606591,126810
7105,1078580,20304
7106,762375,84510
7107,1101159,16470
7108,764355,84030
7109,1034531,28020
7110,1035555,27837
7111,506064,160340
7112,371505,217540
7113,1084822,19236
7114,946895,44400
7115,767335,83310
7116,832259,68280
7117,817262,71645
7118,1084822,19236
7119,508696,159380
7120,997314,34800
7121,537522,149180
7122,845724,65310
7123,731343,92200
7124,717408,95760
7125,1175313,4410
7126,968444,40236
7127,773204,81900
7128,1110301,14940
7129,809767,73350
7130,915053,50730
7131,976041,38790
7132,729134,92760
7133,1200151,540
7134,1092517,17928
7135,1033274,28245
7136,677323,106400
7137,1156038,7470
7138,873736,59280
7139,980640,37920
7140,820869,70830
7141,616205,123900
7142,1010824,32310
7143,917430,50250
7144,577546,135890
7145,1119338,13440
7146,707552,98320
7147,1046678,25860
7148,921902,49350
7149,955686,42690
7150,633116,118890
7151,594905,130410
7152,997961,34680
7153,997961,34680
7154,601142,128480
7155,930008,47730
7156,1030013,28830
7157,815035,72150
7158,761758,84660
7159,893142,55215
7160,885573,56790
7161,818345,71400
7162,825005,69900
7163,923847,48960
7164,771201,82380
7165,992314,35730
7166,859686,62280
7167,904801,52815
7168,402263,202820
7169,732807,91830
7170,882134,57510
7171,957624,42315
7172,980799,37890
7173,1024683,29790
7174,1048478,25542
7175,753284,86730
7176,1001689,33990
7177,1046338,25920
7178,776218,81180
7179,825183,69860
7180,974712,39042
7181,949355,43920
7182,883851,57150
7183,1075751,20790
7184,734115,91500
7185,859547,62310
7186,932424,47250
7187,1080540,19968
7188,996991,34860
7189,826496,69566
7190,484312,168470
7191,647055,114860
7192,716696,95944
7193,934239,46890
7194,605053,127280
7195,484548,168380
7196,859686,62280
7197,1046678,25860
7198,749386,87690
7199,1034917,27951
7200,1027178,29340
7201,932273,47280
7202,873595,59310
7203,613348,124760
7204,960734,41715
7205,836317,67380
7206,1084822,19236
7207,1046338,25920
7208,980799,37890
7209,934088,46920
7210,964871,40920
7211,1065908,22491
7212,588955,132270
7213,1009023,32640
7214,974712,39042
7215,875864,58830
7216,1013121,31890
7217,940622,45630
7218,584579,133650
7219,558034,142250
7220,1043797,26370
7221,1048478,25542
7222,1095337,17451
7223,829969,68790
7224,730790,92340
7225,936818,46380
7226,1194638,1392
7227,863457,61470
7228,1014534,31632
7229,561846,140990
7230,932121,47310
7231,932273,47280
7232,1111021,14820
7233,839577,66660
7234,990065,36150
7235,35348,652842
7236,769079,82890
7237,1092517,17928
7238,1175313,4410
7239,962527,41370
7240,771076,82410
7241,843533,65790
7242,697794,100890
7243,843670,65760
7244,1104628,15888
7245,417613,195890
7246,1010857,32304
7247,921155,49500
7248,934542,46830
7249,1048478,25542
7250,687085,103752
7251,965183,40860
7252,781648,79890
7253,1024983,29736
7254,1029679,28890
7255,777730,80820
7256,730790,92340
7257,1202722,144
7258,746355,88440
7259,947663,44250
7260,746718,88350
7261,1032353,28410
7262,968475,40230
7263,947509,44280
7264,960345,41790
7265,712771,96960
7266,906489,52470
7267,499057,162920
7268,688839,103280
7269,754873,86340
7270,1050622,25164
7271,828221,69180
7272,1168189,5535
7273,974712,39042
7274,942607,45240
7275,834015,67890
7276,861500,61890
7277,1022195,30240
7278,902384,53310
7279,638890,117210
7280,1041937,26700
7281,1184110,3030
7282,1161485,6600
7283,820869,70830
7284,818743,71310
7285,824871,69930
7286,983506,37380
7287,21219,747280
7288,1035555,27837
7289,816754,71760
7290,1180775,3552
7291,883279,57270
7292,994730,35280
7293,987020,36720
7294,976705,38664
7295,1030180,28800
7296,663269,110280
7297,833042,68106
7298,1193554,1560
7299,1072616,21330
7300,769453,82800
7301,1202722,144
7302,942912,45180
7303,753040,86790
7304,893142,55215
7305,1033274,28245
7306,665136,109760
7307,1174741,4500
7308,1093598,17745
7309,820603,70890
7310,19253,765280
7311,1010496,32370
7312,1161485,6600
7313,660640,111015
7314,1093598,17745
7315,1066755,22344
7316,1005757,33240
7317,1015917,31380
7318,1053146,24720
7319,896798,54459
7320,424576,192830
7321,1129729,11730
7322,785077,79080
7323,1043492,26424
7324,960734,41715
7325,1064820,22680
7326,394897,206240
7327,863877,61380
7328,1013532,31815
7329,1013285,31860
7330,543657,147080
7331,1044135,26310
7332,859825,62250
7333,1125743,12384
7334,556287,142830
7335,785714,78930
7336,596353,129960
7337,997152,34830
7338,1010857,32304
7339,450896,181700
7340,947356,44310
7341,949108,43968
7342,1041431,26790
7343,713003,96900
7344,1155475,7560
7345,547549,145760
7346,675751,106830
7347,1108503,15240
7348,919514,49830
7349,915053,50730
7350,994086,35400
7351,1063733,22869
7352,765596,83730
7353,1119338,13440
7354,1148193,8730
7355,917281,50280
7356,1135789,10740
7357,599115,129105
7358,1060478,23436
7359,1097079,17157
7360,902530,53280
7361,1183745,3087
7362,1078580,20304
7363,1099197,16800
7364,495671,164180
7365,938703,46008
7366,909138,51930
7367,1163558,6270
7368,849985,64380
7369,1178633,3888
7370,1043966,26340
7371,892346,55380
7372,1119519,13410
7373,652286,113370
7374,929707,47790
7375,1013121,31890
7376,965027,40890
7377,949662,43860
7378,614941,124280
7379,1135053,10860
7380,820869,70830
7381,949816,43830
7382,1105954,15666
7383,934391,46860
7384,1197119,1008
7385,1119519,13410
7386,907077,52350
7387,859686,62280
7388,831989,68340
7389,771201,82380
7390,568443,138830
7391,845450,65370
7392,832394,68250
7393,1022526,30180
7394,1160883,6696
7395,524269,153800
7396,853991,63510
7397,863877,61380
7398,894374,54960
7399,934391,46860
7400,1190944,1965
7401,1015588,31440
7402,1168663,5460
7403,1029679,28890
7404,1178633,3888
7405,809635,73380
7406,573689,137130
7407,302132,255790
7408,1057594,23940
7409,1094503,17592
7410,487700,167180
7411,865139,61110
7412,1074809,20952
7413,954138,42990
7414,931970,47340
7415,1023355,30030
7416,1064820,22680
7417,1027345,29310
7418,807669,73830
7419,1081171,19860
7420,1155026,7632
7421,932121,47310
7422,1201903,270
7423,843533,65790
7424,947049,44370
7425,751089,87270
7426,947356,44310
7427,1186685,2628
7428,607805,126440
7429,1102624,16224
7430,976705,38664
7431,551558,144410
7432,1025016,29730
7433,829969,68790
7434,1035555,27837
7435,863597,61440
7436,949816,43830
7437,936818,46380
7438,1043797,26370
7439,1150839,8304
7440,849847,64410
7441,1010185,32427
7442,790569,77790
7443,887873,56310
7444,457894,178850
7445,656033,112310
7446,748294,87960
7447,1010988,32280
7448,1063733,22869
7449,1135053,10860
7450,1033442,28215
7451,1168189,5535
7452,1101516,16410
7453,994730,35280
7454,1104198,15960
7455,974712,39042
7456,932424,47250
7457,1197119,1008
7458,725478,93690
7459,909846,51786
7460,1066755,22344
7461,962699,41337
7462,927449,48240
7463,828893,69030
7464,491271,165830
7465,949662,43860
7466,999256,34440
7467,863457,61470
7468,855376,63210
7469,847921,64830
7470,1156525,7392
7471,863737,61410
7472,688467,103380
7473,1092517,17928
7474,686795,103830
7475,832394,68250
7476,707820,98250
7477,1160883,6696
7478,1107712,15372
7479,475521,171860
7480,576423,136250
7481,818345,71400
7482,1121045,13158
7483,577546,135890
7484,1097079,17157
7485,889890,55890
7486,1005594,33270
7487,999580,34380
7488,769453,82800
7489,1046508,25890
7490,1134501,10950
7491,1105954,15666
7492,964871,40920
7493,947509,44280
7494,1066755,22344
7495,1032353,28410
7496,1023355,30030
7497,972723,39420
7498,962699,41337
7499,988894,36369
7500,849572,64470
7501,1135789,10740
7502,1013614,31800
7503,748415,87930
7504,845587,65340
7505,1165711,5928
7506,761634,84690
7507,987180,36690
7508,894229,54990
7509,812792,72660
7510,1035555,27837
7511,970204,39900
7512,1135789,10740
7513,847921,64830
7514,767460,83280
7515,1093598,17745
7516,999775,34344
7517,1092517,17928
7518,877712,58440
7519,505080,160700
7520,755118,86280
7521,814903,72180
7522,739251,90210
7523,908991,51960
7524,935300,46680
7525,978417,38340
7526,1024683,29790
7527,879849,57990
7528,1175313,4410
7529,832394,68250
7530,965183,40860
7531,25419,713860
7532,1059035,23688
7533,984862,37125
7534,1048886,25470
7535,770202,82620
7536,1165635,5940
7537,828087,69210
7538,927449,48240
7539,1156525,7392
7540,758923,85350
7541,904434,52890
7542,841758,66180
7543,538656,148790
7544,23501,728380
7545,914905,50760
7546,863737,61410
7547,976199,38760
7548,548882,145310
7549,919216,49890
7550,1061201,23310
7551,1078894,20250
7552,1187609,2484
7553,978417,38340
7554,1119519,13410
7555,1164124,6180
7556,934391,46860
7557,847783,64860
7558,1035555,27837
7559,934542,46830
7560,542864,147350
7561,832259,68280
7562,917430,50250
7563,877854,58410
7564,1116673,13881
7565,948432,44100
7566,906783,52410
7567,947663,44250
7568,748294,87960
7569,947049,44370
7570,769453,82800
7571,823936,70140
7572,945668,44640
7573,1101159,16470
7574,917430,50250
7575,1078580,20304
7576,861639,61860
7577,1090447,18279
7578,1003282,33696
7579,786989,78630
7580,603159,127860
7581,868539,60384
7582,1008369,32760
7583,904288,52920
7584,758554,85440
7585,588510,132410
7586,1116981,13830
7587,1189594,2175
7588,1010988,32280
7589,845587,65340
7590,703017,99510
7591,799981,75600
7592,734234,91470
7593,914756,50790
7594,949816,43830
7595,1078580,20304
7596,1196537,1098
7597,1186993,2580
7598,1134869,10890
7599,1121045,13158
7600,1013285,31860
7601,538918,148700
7602,1157444,7245
7603,1090677,18240
7604,1048478,25542
7605,834285,67830
7606,965183,40860
7607,973986,39180
7608,976705,38664
7609,1163370,6300
7610,948893,44010
7611,949816,43830
7612,1010660,32340
7613,904727,52830
7614,796616,76380
7615,849572,64470
7616,861779,61830
7617,1122572,12906
7618,822868,70380
7619,855515,63180
7620,1127826,12042
7621,1090535,18264
7622,1173314,4725
7623,971305,39690
7624,1134501,10950
7625,921902,49350
7626,1138222,10344
7627,988814,36384
7628,936666,46410
7629,999775,34344
7630,807407,73890
7631,1113907,14340
7632,1189536,2184
7633,835910,67470
7634,445736,183830
7635,617739,123440
7636,835368,67590
7637,863597,61440
7638,792751,77280
7639,1148752,8640
7640,923847,48960
7641,663377,110250
7642,471835,173300
7643,1112463,14580
7644,1128814,11880
7645,1033442,28215
7646,962839,41310
7647,915053,50730
7648,875864,58830
7649,730909,92310
7650,871614,59730
7651,991832,35820
7652,1017070,31170
7653,1044135,26310
7654,1034531,28020
7655,1158514,7074
7656,1116619,13890
7657,861919,61800
7658,1063612,22890
7659,921155,49500
7660,849847,64410
7661,843670,65760
7662,902676,53250
7663,1188302,2376
7664,1176914,4158
7665,1148752,8640
7666,882134,57510
7667,1141900,9747
7668,1097951,17010
7669,1011152,32250
7670,1202722,144
7671,670252,108342
7672,822601,70440
7673,618207,123300
7674,936818,46380
7675,582624,134270
7676,1141900,9747
7677,906930,52380
7678,965027,40890
7679,1176914,4158
7680,1150839,8304
7681,1101159,16470
7682,1001234,34074
7683,1156038,7470
7684,871756,59700
7685,999580,34380
7686,830103,68760
7687,779666,80360
7688,1093598,17745
7689,1057937,23880
7690,972723,39420
7691,1071052,21600
7692,673891,107340
7693,507296,159890
7694,1001234,34074
7695,863597,61440
7696,930159,47700
7697,718805,95400
7698,1027178,29340
7699,755118,86280
7700,1081960,19725
7701,1033274,28245
7702,796358,76440
7703,636306,117960
7704,757079,85800
7705,463195,176720
7706,836317,67380
7707,1032019,28470
7708,585465,133370
7709,957624,42315
7710,921753,49380
7711,587144,132840
7712,767211,83340
7713,1139847,10080
7714,820603,70890
7715,767086,83370
7716,617839,123410
7717,1111814,14688
7718,769328,82830
7719,378905,213890
7720,1125524,12420
7721,1015917,31380
7722,792494,77340
7723,1155475,7560
7724,624789,121340
7725,902384,53310
7726,1203073,90
7727,1034917,27951
7728,1119519,13410
7729,827810,69272
7730,782029,79800
7731,1134501,10950
7732,1013532,31815
7733,1143642,9465
7734,1050622,25164
7735,932424,47250
7736,743096,89250
7737,921454,49440
7738,1178633,3888
7739,1063612,22890
7740,1044135,26310
7741,1048478,25542
7742,1126711,12225
7743,760524,84960
7744,871261,59805
7745,515754,156830
7746,1134501,10950
7747,1116673,13881
7748,1185455,2820
7749,932273,47280
7750,578577,135560
7751,1060857,23370
7752,1157444,7245
7753,909138,51930
7754,1118449,13587
7755,1114268,14280
7756,863877,61380
7757,994408,35340
7758,1063733,22869
7759,836317,67380
7760,1015752,31410
7761,794552,76860
7762,865840,60960
7763,739011,90270
7764,1010857,32304
7765,1027178,29340
7766,1135053,10860
7767,1145404,9180
7768,871473,59760
7769,863877,61380
7770,374893,215860
7771,934391,46860
7772,1150168,8412
7773,1198168,846
7774,836452,67350
7775,857459,62760
7776,921902,49350
7777,1175313,4410
7778,1015588,31440
7779,1137632,10440
7780,610142,125730
7781,974712,39042
7782,783805,79380
7783,938703,46008
7784,1140291,10008
7785,935300,46680
7786,954138,42990
7787,1166580,5790
7788,890179,55830
7789,755241,86250
7790,830238,68730
7791,831989,68340
7792,843397,65820
7793,890179,55830
7794,976357,38730
7795,767211,83340
7796,934239,46890
7797,302230,255730
7798,801668,75210
7799,1010824,32310
7800,537319,149250
7801,936818,46380
7802,1135053,10860
7803,1093510,17760
7804,1061562,23247
7805,1153043,7950
7806,1015917,31380
7807,994569,35310
7808,1027511,29280
7809,816754,71760
7810,702447,99660
7811,749386,87690
7812,795712,76590
7813,707552,98320
7814,1022029,30270
7815,875580,58890
7816,976705,38664
7817,1044135,26310
7818,1097079,17157
7819,1200540,480
7820,491006,165930
7821,1013285,31860
7822,947663,44250
7823,947356,44310
7824,855376,63210
7825,1018225,30960
7826,1025016,29730
7827,1103125,16140
7828,1140291,10008
7829,974712,39042
7830,859686,62280
7831,1116438,13920
7832,1090677,18240
7833,1148752,8640
7834,1032353,28410
7835,1061562,23247
7836,832259,68280
7837,871261,59805
7838,1034917,27951
7839,1136157,10680
7840,1165711,5928
7841,1095337,17451
7842,980704,37908
7843,923997,48930
7844,1192007,1800
7845,1180775,3552
7846,1084822,19236
7847,949816,43830
7848,1012694,31968
7849,1092517,17928
7850,574620,136830
7851,719505,95220
7852,661551,110760
7853,623171,121820
7854,904288,52920
7855,894968,54837
7856,507762,159720
7857,1010496,32370
7858,883565,57210
7859,838217,66960
7860,865840,60960
7861,759907,85110
7862,72577,519715
7863,934239,46890
7864,1077007,20574
7865,514502,157280
7866,1015143,31521
7867,899609,53880
7868,1118975,13500
7869,1168663,5460
7870,906137,52542
7871,504917,160760
7872,1175313,4410
7873,1110301,14940
7874,309920,251080
7875,814771,72210
7876,1031684,28530
7877,1022792,30132
7878,443573,184730
7879,947509,44280
7880,1090535,18264
7881,1135421,10800
7882,1135789,10740
7883,836181,67410
7884,972723,39420
7885,668126,108930
7886,904288,52920
7887,873595,59310
7888,822868,70380
7889,1048886,25470
7890,1129729,11730
7891,845861,65280
7892,685127,104280
7893,852055,63930
7894,807669,73830
7895,929707,47790
7896,1068693,22008
7897,877712,58440
7898,820204,70980
7899,929858,47760
7900,717408,95760
7901,664597,109910
7902,561179,141210
7903,1096350,17280
7904,904581,52860
7905,620650,122570
7906,641693,116400
7907,1157444,7245
7908,1044305,26280
7909,822468,70470
7910,1161485,6600
7911,1165635,5940
7912,1038733,27270
7913,821002,70800
7914,642213,116250
7915,936666,46410
7916,1111814,14688
7917,1055059,24384
7918,936514,46440
7919,988301,36480
7920,783678,79410
7921,818743,71310
7922,936818,46380
7923,832124,68310
7924,732570,91890
7925,1143642,9465
7926,838353,66930
7927,947049,44370
7928,686907,103800
7929,713812,96690
7930,1010988,32280
7931,863737,61410
7932,1037672,27459
7933,755118,86280
7934,948893,44010
7935,904727,52830
7936,1050622,25164
7937,762128,84570
7938,820736,70860
7939,1074809,20952
7940,934694,46800
7941,1098663,16890
7942,934391,46860
7943,831855,68370
7944,1132480,11280
7945,1176914,4158
7946,625093,121250
7947,830238,68730
7948,893142,55215
7949,1199178,690
7950,511840,158240
7951,507790,159710
7952,936818,46380
7953,836181,67410
7954,807276,73920
7955,1076623,20640
7956,934694,46800
7957,1031801,28509
7958,777856,80790
7959,1076623,20640
7960,820603,70890
7961,707476,98340
7962,919216,49890
7963,987340,36660
7964,902091,53370
7965,890323,55800
7966,1088557,18600
7967,853991,63510
7968,580550,134930
7969,1008533,32730
7970,813583,72480
7971,1064820,22680
7972,1066374,22410
7973,871261,59805
7974,847921,64830
7975,1033442,28215
7976,999094,34470
7977,807538,73860
7978,742855,89310
7979,1066755,22344
7980,754996,86310
7981,1013285,31860
7982,684905,104340
7983,866177,60888
7984,919663,49800
7985,936666,46410
7986,1152931,7968
7987,772452,82080
7988,957624,42315
7989,678935,105960
7990,739251,90210
7991,917281,50280
7992,820071,71010
7993,878732,58225
7994,688133,103470
7995,863877,61380
7996,912535,51240
7997,720976,94842
7998,1077007,20574
7999,883279,57270
8000,1200151,540
8001,75841,1500000
8002,75841,1500000
8003,75841,1500000
8004,75841,1500000
8005,75841,1500000
8006,75841,1500000
8007,75841,1500000
8008,75841,1500000
8009,75841,1500000
8010,75841,1500000
8011,75841,1500000
8012,75841,1500000
8013,75841,1500000
8014,75841,1500000
8015,75841,1500000
8016,75841,1500000
8017,75841,1500000
8018,75841,1500000
8019,75841,1500000
8020,75841,1500000
8021,75841,1500000
8022,75841,1500000
8023,75841,1500000
8024,75841,1500000
8025,75841,1500000
8026,75841,1500000
8027,75841,1500000
8028,75841,1500000
8029,75841,1500000
8030,75841,1500000
8031,75841,1500000
8032,75841,1500000
8033,75841,1500000
8034,75841,1500000
8035,75841,1500000
8036,75841,1500000
8037,75841,1500000
8038,75841,1500000
8039,75841,1500000
8040,75841,1500000
8041,75841,1500000
8042,75841,1500000
8043,75841,1500000
8044,75841,1500000
8045,75841,1500000
8046,75841,1500000
8047,75841,1500000
8048,75841,1500000
